-- phpMyAdmin SQL Dump
-- version 5.0.1
-- https://www.phpmyadmin.net/
--
-- Host: 127.0.0.1
-- Generation Time: Jul 06, 2020 at 06:43 PM
-- Server version: 10.4.11-MariaDB
-- PHP Version: 7.2.28

SET SQL_MODE = "NO_AUTO_VALUE_ON_ZERO";
SET AUTOCOMMIT = 0;
START TRANSACTION;
SET time_zone = "+00:00";


/*!40101 SET @OLD_CHARACTER_SET_CLIENT=@@CHARACTER_SET_CLIENT */;
/*!40101 SET @OLD_CHARACTER_SET_RESULTS=@@CHARACTER_SET_RESULTS */;
/*!40101 SET @OLD_COLLATION_CONNECTION=@@COLLATION_CONNECTION */;
/*!40101 SET NAMES utf8mb4 */;

--
-- Database: `heroku_9e9e2d0a9aa03e3`
--

-- --------------------------------------------------------

--
-- Table structure for table `admin`
--

CREATE TABLE `admin` (
  `admin_id` int(11) NOT NULL,
  `f_name` varchar(20) NOT NULL,
  `l_name` varchar(20) NOT NULL,
  `email` varchar(50) NOT NULL,
  `phone_no` varchar(15) NOT NULL,
  `admin_pass` varchar(100) NOT NULL,
  `country` varchar(20) NOT NULL,
  `town` varchar(20) NOT NULL,
  `photo` varchar(100) NOT NULL,
  `previlege` tinyint(4) NOT NULL,
  `status` tinyint(4) NOT NULL DEFAULT 1
) ENGINE=InnoDB DEFAULT CHARSET=latin1;

--
-- Dumping data for table `admin`
--

INSERT INTO `admin` (`admin_id`, `f_name`, `l_name`, `email`, `phone_no`, `admin_pass`, `country`, `town`, `photo`, `previlege`, `status`) VALUES
(1, 'Mugarura', 'Emmanuel', 'e_mugarura@yahoo.com', '+256785048581', '$2y$10$F17/8Ov6.NvJa1kXso1emOxaOmfQHdc1L2Ln0UimE40eOUna2lC/6', 'Uganda', 'Kampala', '', 1, 1),
(2, 'Onen', 'Julius', 'jonen54@gmail.com', '+256701383926', '$2y$10$9zDxZOjbEnKxmtclUHgeAeJqfuV13N8gDHyySmgHmmwmL/lwEyUNO', 'Uganda', 'Julius', '../resources/users/admins/zw4pDW9btU8F35h.jpg', 0, 1),
(3, 'Brenda', 'Kemigisha', 'kemmy_carol@yahoo.com', '256783657192', '$2y$10$yWwZS4imIu9DN1Uj55zdAuSS.cPMijK5iAkirbS0bRbULkynfdEmm', 'Uganda', 'Kampala', 'resources/users/admins/default_admin.png', 0, 1),
(4, 'Richard', 'Anguazia', 'kampalasmartschool@gmail.com', '256783729323', '$2y$10$1XV8gXmE0m3w1cm9QVUhzuM5GB4X2IwLnRw/pJpaX7CnAEq152qSW', 'Uganda', 'Kampala', 'resources/users/admins/default_admin.png', 0, 1),
(5, 'Edward', 'Elel', 'info@kass.ug', '256775262424', '$2y$10$iW/qyGo9ONJSO2KrqQ.d5eH1o2b1s/DJZj1HvEI56O85lb5bhvKQm', 'Uganda', 'Kampala', 'resources/users/admins/default_admin.png', 0, 1),
(6, 'Esther', 'Mucuurezi', 'mucuessie90@gmail.com', '26705260960', '$2y$10$vc9/48VCY3BcrGycPzZIQe86hyAlRybwLvOca35s6cwLwhJ4Lrl9a', 'Uganda', 'Mucuurezi', 'resources/users/admins/default_admin.png', 1, 1),
(7, 'Emmanuel', 'Mugarura', 'emmanuelgspug@gmail.com', '256700502096', '$2y$10$FODAvmBEIZUC9NNU9HYI6eW4m9340sgVN5ezPxeagoLMivGo5FpCi', 'uganda', 'Mugarura', 'resources/users/admins/default_admin.png', 0, 1),
(8, 'Agaptus', 'Nuwagaba', 'nuwagabaagaptus5@gmail.com', '256756717420', '$2y$10$hDt22/YuzSWSuBa1BtknvubhWpP2.XVcxXtDaY4KzJPNxT0mPU4.e', 'Uganda', 'Kampala', 'resources/users/admins/default_admin.png', 0, 1),
(12, 'Alvin', 'Aijuka', 'aijukaalvin1997@gmail.com', '256752006255', '$2y$10$znisPwRJczFGE5/9fZB4u.xG7z2xpJTKKbFzMiSLHbFOMVyNLmOLm', 'Uganda', 'Aijuka', 'resources/users/admins/default_admin.png', 1, 1),
(13, 'James', 'Naloda', 'jimmynaloda256@gmail.com', '0700426429', '$2y$10$KIko.TiyaJ/z.n0rUFQNx./HWDi6pp2Mg7ED1WqAajYrSnKeCuaaS', 'Uganda', 'Naloda', 'resources/users/admins/default_admin.png', 1, 1),
(14, 'Alvin', 'Aijuka', 'strictlyalvin@yahoo.com', '+256784902650', '$2y$10$nsdWSRktC8.PtaHmrTcx4egJzmJAqy1jERaOv5V5yVIJUGiDljmpW', 'UGANDA', 'Aijuka', 'resources/users/admins/default_admin.png', 1, 1);

-- --------------------------------------------------------

--
-- Table structure for table `answers`
--

CREATE TABLE `answers` (
  `ans_id` int(11) NOT NULL,
  `answer` text NOT NULL,
  `question` int(11) NOT NULL,
  `ans_status` tinyint(4) NOT NULL,
  `status` tinyint(4) NOT NULL DEFAULT 1
) ENGINE=InnoDB DEFAULT CHARSET=latin1;

--
-- Dumping data for table `answers`
--

INSERT INTO `answers` (`ans_id`, `answer`, `question`, `ans_status`, `status`) VALUES
(3, 'bouk', 3, 0, 1),
(4, 'book', 3, 1, 1),
(5, 'bouke', 3, 0, 1),
(6, 'booke', 3, 0, 1),
(7, 'men', 5, 1, 1),
(8, 'oxen', 5, 1, 1),
(9, 'glass', 5, 0, 1),
(10, 'geese', 5, 1, 1),
(11, 'mice', 5, 1, 1),
(12, 'shut', 6, 1, 1),
(13, 'large', 6, 1, 1),
(14, '', 6, 0, 1);

-- --------------------------------------------------------

--
-- Table structure for table `be_tutor`
--

CREATE TABLE `be_tutor` (
  `id` int(200) NOT NULL,
  `quali` varchar(200) NOT NULL,
  `subject` varchar(200) NOT NULL,
  `email` varchar(200) NOT NULL,
  `name` varchar(200) NOT NULL,
  `loc` varchar(200) NOT NULL,
  `phone` varchar(200) NOT NULL
) ENGINE=InnoDB DEFAULT CHARSET=utf8mb4;

--
-- Dumping data for table `be_tutor`
--

INSERT INTO `be_tutor` (`id`, `quali`, `subject`, `email`, `name`, `loc`, `phone`) VALUES
(3, 'MS', 'English', 'abcd@yahoo.com', 'oggy oggy', 'kap', '1555626626261');

-- --------------------------------------------------------

--
-- Table structure for table `book_tutor`
--

CREATE TABLE `book_tutor` (
  `id` int(200) NOT NULL,
  `class` varchar(200) NOT NULL,
  `curri` varchar(200) NOT NULL,
  `email` varchar(200) NOT NULL,
  `name` varchar(200) NOT NULL,
  `loc` varchar(200) NOT NULL,
  `phone` varchar(200) NOT NULL
) ENGINE=InnoDB DEFAULT CHARSET=utf8mb4;

--
-- Dumping data for table `book_tutor`
--

INSERT INTO `book_tutor` (`id`, `class`, `curri`, `email`, `name`, `loc`, `phone`) VALUES
(7, 'A', 'abcd', 'abcd@gmail.com', 'abcd', 'kapichina', '12414214');

-- --------------------------------------------------------

--
-- Table structure for table `classes`
--

CREATE TABLE `classes` (
  `class_id` int(11) NOT NULL,
  `class_name` varchar(20) NOT NULL,
  `short_class_name` varchar(4) NOT NULL,
  `class_pic` varchar(1000) NOT NULL,
  `description` text NOT NULL,
  `status` tinyint(4) NOT NULL DEFAULT 1
) ENGINE=InnoDB DEFAULT CHARSET=latin1;

--
-- Dumping data for table `classes`
--

INSERT INTO `classes` (`class_id`, `class_name`, `short_class_name`, `class_pic`, `description`, `status`) VALUES
(2, 'Primary One', 'P.1', '../resources/images/vWX5FTBAvtOGFyU.jpg', 'Be safe. Be kind. Be smart.', 1),
(3, 'Primary Two', 'P.2', '../resources/images/ztUy0g6QlxEeVkP.jpg', 'We respect ourselves and others.', 1),
(4, 'Primary Three', 'P.3', '../resources/images/YL8Ka0Ca0u8c6to.jpg', 'Modeling excellence.', 1),
(5, 'Primary Four', 'P.4', '../resources/images/Ra0mGxoNGgWsbCH.jpg', 'Imagine greatness.', 1),
(6, 'Primary Five', 'P.5', '../resources/images/cP2GYcRg4eT8nwp.jpg', 'Be safe. Be kind. Be smart.', 1),
(7, 'Primary Six', 'P.6', '../resources/images/B7y172QET85cKtt.jpg', 'Be nice. Work hard.', 1),
(8, 'Primary Seven', 'P.7', '../resources/images/AIKv6nSlyQulj5S.jpg', 'Motivated achievers perform, learn, excel.', 1);

-- --------------------------------------------------------

--
-- Table structure for table `class_subjects`
--

CREATE TABLE `class_subjects` (
  `cs_id` int(11) NOT NULL,
  `class_id` int(11) NOT NULL,
  `subject_id` int(11) NOT NULL,
  `cs_image` varchar(100) NOT NULL,
  `description` text NOT NULL,
  `status` tinyint(4) NOT NULL DEFAULT 1
) ENGINE=InnoDB DEFAULT CHARSET=latin1;

--
-- Dumping data for table `class_subjects`
--

INSERT INTO `class_subjects` (`cs_id`, `class_id`, `subject_id`, `cs_image`, `description`, `status`) VALUES
(8, 3, 2, '../resources/images/default_cs.png', '', 1),
(9, 4, 2, '../resources/images/default_cs.png', '', 1),
(10, 5, 2, '../resources/images/default_cs.png', '', 1),
(11, 6, 2, '../resources/images/default_cs.png', '', 1),
(12, 7, 2, '../resources/images/default_cs.png', '', 1),
(13, 8, 2, '../resources/images/default_cs.png', '', 1),
(14, 5, 3, '../resources/images/default_cs.png', '', 1),
(15, 6, 3, '../resources/images/default_cs.png', '', 1),
(16, 7, 3, '../resources/images/default_cs.png', '', 1),
(17, 8, 3, '../resources/images/default_cs.png', '', 1),
(18, 5, 4, '../resources/images/default_cs.png', '', 1),
(19, 6, 4, '../resources/images/default_cs.png', '', 1),
(20, 7, 4, '../resources/images/default_cs.png', '', 1),
(21, 8, 4, '../resources/images/default_cs.png', '', 1),
(22, 2, 5, '../resources/images/default_cs.png', '', 1),
(23, 3, 5, '../resources/images/default_cs.png', '', 1),
(24, 4, 5, '../resources/images/default_cs.png', '', 1),
(25, 5, 5, '../resources/images/default_cs.png', '', 1),
(26, 6, 5, '../resources/images/default_cs.png', '', 1),
(27, 7, 5, '../resources/images/default_cs.png', '', 1),
(28, 8, 5, '../resources/images/default_cs.png', '', 1),
(29, 2, 6, '../resources/images/default_cs.png', '', 1),
(30, 3, 6, '../resources/images/default_cs.png', '', 1),
(31, 4, 6, '../resources/images/default_cs.png', '', 1),
(32, 2, 7, '../resources/images/default_cs.png', '', 1),
(33, 3, 7, '../resources/images/default_cs.png', '', 1),
(34, 4, 7, '../resources/images/default_cs.png', '', 1),
(35, 2, 8, '../resources/images/default_cs.png', '', 1),
(36, 3, 8, '../resources/images/default_cs.png', '', 1),
(37, 4, 8, '../resources/images/default_cs.png', '', 1),
(38, 2, 9, '../resources/images/default_cs.png', '', 1),
(39, 3, 9, '../resources/images/default_cs.png', '', 1),
(40, 4, 9, '../resources/images/default_cs.png', '', 1),
(41, 2, 10, '../resources/images/default_cs.png', '', 1),
(42, 3, 10, '../resources/images/default_cs.png', '', 1),
(43, 4, 10, '../resources/images/default_cs.png', '', 1),
(44, 2, 11, '../resources/images/default_cs.png', '', 1),
(45, 3, 11, '../resources/images/default_cs.png', '', 1),
(46, 4, 11, '../resources/images/default_cs.png', '', 1),
(47, 5, 11, '../resources/images/default_cs.png', '', 1),
(48, 6, 11, '../resources/images/default_cs.png', '', 1),
(49, 7, 11, '../resources/images/default_cs.png', '', 1),
(50, 8, 11, '../resources/images/default_cs.png', '', 1),
(51, 2, 12, '../resources/images/default_cs.png', '', 1),
(52, 3, 12, '../resources/images/default_cs.png', '', 1),
(53, 4, 12, '../resources/images/default_cs.png', '', 1),
(54, 5, 12, '../resources/images/default_cs.png', '', 1),
(55, 6, 12, '../resources/images/default_cs.png', '', 1),
(56, 7, 12, '../resources/images/default_cs.png', '', 1),
(57, 8, 12, '../resources/images/default_cs.png', '', 1),
(58, 6, 1, '../resources/images/default_cs.png', '', 1),
(59, 3, 13, '../resources/images/default_cs.png', '', 1),
(60, 4, 13, '../resources/images/default_cs.png', '', 1),
(61, 5, 13, '../resources/images/default_cs.png', '', 1),
(62, 6, 13, '../resources/images/default_cs.png', '', 1),
(63, 7, 13, '../resources/images/default_cs.png', '', 1),
(64, 8, 13, '../resources/images/default_cs.png', '', 1),
(65, 5, 6, '../resources/images/default_cs.png', '', 1),
(71, 3, 14, '../resources/images/default_cs.png', '', 1),
(72, 4, 14, '../resources/images/default_cs.png', '', 1),
(73, 5, 14, '../resources/images/default_cs.png', '', 0),
(74, 6, 14, '../resources/images/default_cs.png', '', 0),
(75, 7, 14, '../resources/images/default_cs.png', '', 0),
(76, 8, 14, '../resources/images/default_cs.png', '', 0),
(81, 5, 10, '../resources/images/default_cs.png', '', 1),
(82, 6, 10, '../resources/images/default_cs.png', '', 1),
(83, 7, 10, '../resources/images/default_cs.png', '', 1),
(84, 8, 10, '../resources/images/default_cs.png', '', 1),
(85, 3, 15, '../resources/images/default_cs.png', '', 1),
(86, 4, 15, '../resources/images/default_cs.png', '', 1),
(87, 5, 15, '../resources/images/default_cs.png', '', 1),
(88, 6, 15, '../resources/images/default_cs.png', '', 1),
(89, 2, 15, '../resources/images/default_cs.png', '', 1),
(91, 8, 15, '../resources/images/default_cs.png', '', 1),
(92, 8, 16, '../resources/images/default_cs.png', '', 1),
(94, 3, 16, '../resources/images/default_cs.png', '', 1),
(98, 2, 17, '../resources/images/default_cs.png', '', 1),
(100, 8, 17, '../resources/images/default_cs.png', '', 1),
(105, 5, 19, '../resources/images/default_cs.png', '', 1),
(108, 8, 20, '../resources/images/default_cs.png', '', 1),
(110, 2, 18, '../resources/images/default_cs.png', '', 1),
(136, 2, 26, '../resources/images/default_cs.png', '', 1),
(137, 3, 26, '../resources/images/default_cs.png', '', 1),
(138, 4, 26, '../resources/images/default_cs.png', '', 1),
(139, 5, 26, '../resources/images/default_cs.png', '', 1),
(140, 6, 26, '../resources/images/default_cs.png', '', 1),
(141, 2, 27, '../resources/images/default_cs.png', '', 1),
(142, 3, 27, '../resources/images/default_cs.png', '', 1),
(143, 4, 27, '../resources/images/default_cs.png', '', 1),
(144, 5, 27, '../resources/images/default_cs.png', '', 1),
(145, 6, 27, '../resources/images/default_cs.png', '', 1),
(146, 2, 28, '../resources/images/default_cs.png', '', 1),
(147, 3, 28, '../resources/images/default_cs.png', '', 1),
(148, 4, 28, '../resources/images/default_cs.png', '', 1),
(149, 5, 28, '../resources/images/default_cs.png', '', 1),
(150, 6, 28, '../resources/images/default_cs.png', '', 1),
(151, 8, 28, '../resources/images/default_cs.png', '', 1),
(152, 2, 13, '../resources/images/default_cs.png', '', 1),
(153, 2, 14, '../resources/images/default_cs.png', '', 1),
(154, 2, 2, '../resources/images/default_cs.png', '', 1),
(155, 2, 29, '../resources/images/default_cs.png', '', 1),
(156, 8, 29, '../resources/images/default_cs.png', '', 1),
(612, 2, 67, '../resources/images/default_cs.png', '', 1),
(613, 3, 67, '../resources/images/default_cs.png', '', 1),
(614, 5, 67, '../resources/images/default_cs.png', '', 1),
(615, 6, 67, '../resources/images/default_cs.png', '', 1),
(616, 7, 67, '../resources/images/default_cs.png', '', 1),
(617, 8, 67, '../resources/images/default_cs.png', '', 1);

-- --------------------------------------------------------

--
-- Table structure for table `enrollments`
--

CREATE TABLE `enrollments` (
  `enrollment_id` int(11) NOT NULL,
  `student_id` int(11) NOT NULL,
  `class_id` int(11) NOT NULL,
  `date_enrolled` datetime NOT NULL,
  `date_un_enrolled` datetime NOT NULL,
  `enrollment_status` tinyint(4) NOT NULL DEFAULT 1
) ENGINE=InnoDB DEFAULT CHARSET=latin1;

--
-- Dumping data for table `enrollments`
--

INSERT INTO `enrollments` (`enrollment_id`, `student_id`, `class_id`, `date_enrolled`, `date_un_enrolled`, `enrollment_status`) VALUES
(4, 10, 2, '2017-01-19 19:41:30', '0000-00-00 00:00:00', 1),
(5, 14, 2, '2017-01-19 19:41:30', '0000-00-00 00:00:00', 1),
(7, 16, 4, '2017-01-30 20:32:01', '0000-00-00 00:00:00', 1),
(8, 17, 3, '2017-01-30 20:38:49', '0000-00-00 00:00:00', 1),
(9, 18, 5, '2017-01-30 20:45:06', '0000-00-00 00:00:00', 1),
(10, 21, 2, '2017-01-30 21:22:07', '0000-00-00 00:00:00', 1),
(11, 22, 6, '2017-02-07 21:37:42', '0000-00-00 00:00:00', 1),
(12, 23, 2, '2017-02-14 14:21:53', '2017-02-14 14:22:27', 0),
(13, 23, 4, '2017-02-14 14:22:46', '0000-00-00 00:00:00', 1),
(15, 26, 2, '2017-02-18 19:42:22', '0000-00-00 00:00:00', 1),
(16, 27, 2, '2017-02-18 19:42:22', '0000-00-00 00:00:00', 1),
(17, 28, 2, '2017-02-19 19:46:40', '2017-02-19 19:47:10', 0),
(18, 28, 2, '2017-02-19 19:47:50', '2017-02-28 16:42:48', 0),
(19, 29, 5, '2017-02-20 14:37:39', '0000-00-00 00:00:00', 1),
(20, 30, 4, '2017-02-23 18:38:34', '0000-00-00 00:00:00', 1),
(22, 32, 6, '2017-02-25 15:03:25', '0000-00-00 00:00:00', 1),
(23, 33, 2, '2017-02-25 15:40:24', '0000-00-00 00:00:00', 1),
(24, 34, 5, '2017-02-28 11:06:28', '0000-00-00 00:00:00', 1),
(25, 35, 3, '2017-02-28 12:19:56', '0000-00-00 00:00:00', 1),
(26, 28, 2, '2017-02-28 16:54:35', '0000-00-00 00:00:00', 1),
(27, 36, 3, '2017-02-28 17:54:24', '2017-03-01 18:13:11', 0),
(28, 36, 7, '2017-03-01 18:30:27', '2017-03-05 20:17:01', 0),
(29, 38, 5, '2017-03-01 21:38:09', '2017-03-03 11:26:04', 0),
(30, 39, 6, '2017-03-02 21:25:33', '2017-03-03 19:02:09', 0),
(31, 38, 6, '2017-03-03 11:26:31', '2017-04-24 08:04:01', 0),
(32, 40, 2, '2017-03-03 13:45:01', '0000-00-00 00:00:00', 1),
(33, 39, 6, '2017-03-03 19:02:28', '0000-00-00 00:00:00', 1),
(34, 36, 3, '2017-03-05 20:18:27', '2017-03-14 19:23:48', 0),
(35, 43, 8, '2017-03-09 17:05:36', '0000-00-00 00:00:00', 1),
(36, 44, 2, '2017-03-11 19:54:46', '0000-00-00 00:00:00', 1),
(37, 45, 8, '2017-03-13 18:18:54', '0000-00-00 00:00:00', 1),
(38, 46, 4, '2017-03-14 16:23:45', '0000-00-00 00:00:00', 1),
(39, 47, 8, '2017-03-14 16:37:20', '0000-00-00 00:00:00', 1),
(40, 48, 2, '2017-03-16 14:31:55', '0000-00-00 00:00:00', 1),
(41, 41, 4, '2017-03-25 16:26:51', '0000-00-00 00:00:00', 1),
(42, 49, 5, '2017-03-27 06:08:32', '0000-00-00 00:00:00', 1),
(43, 50, 4, '2017-03-27 06:08:49', '0000-00-00 00:00:00', 1),
(44, 51, 5, '2017-03-29 13:03:48', '0000-00-00 00:00:00', 1),
(45, 53, 3, '2017-04-04 07:43:22', '0000-00-00 00:00:00', 1),
(46, 54, 2, '2017-04-04 11:57:51', '0000-00-00 00:00:00', 1),
(47, 55, 2, '2017-04-08 17:32:07', '0000-00-00 00:00:00', 1),
(48, 56, 4, '2017-04-15 22:20:26', '0000-00-00 00:00:00', 1),
(49, 57, 8, '2017-04-15 22:28:34', '0000-00-00 00:00:00', 1),
(50, 58, 2, '2017-04-21 08:55:38', '0000-00-00 00:00:00', 1),
(51, 52, 7, '2017-04-22 15:12:51', '2017-05-02 17:55:21', 0),
(52, 59, 5, '2017-04-22 15:46:36', '0000-00-00 00:00:00', 1),
(53, 60, 2, '2017-04-22 16:43:32', '0000-00-00 00:00:00', 1),
(54, 61, 2, '2017-04-22 16:49:55', '0000-00-00 00:00:00', 1),
(55, 62, 2, '2017-04-22 16:51:30', '2017-04-22 17:09:09', 0),
(56, 63, 3, '2017-04-22 16:52:53', '0000-00-00 00:00:00', 1),
(57, 64, 4, '2017-04-22 16:55:43', '0000-00-00 00:00:00', 1),
(58, 65, 3, '2017-04-22 16:57:30', '0000-00-00 00:00:00', 1),
(59, 66, 5, '2017-04-22 16:59:05', '0000-00-00 00:00:00', 1),
(60, 67, 6, '2017-04-22 17:00:59', '0000-00-00 00:00:00', 1),
(61, 68, 7, '2017-04-22 17:03:16', '0000-00-00 00:00:00', 1),
(62, 69, 8, '2017-04-22 17:05:27', '0000-00-00 00:00:00', 1),
(63, 70, 6, '2017-04-22 17:10:41', '0000-00-00 00:00:00', 1),
(64, 71, 5, '2017-04-24 08:10:55', '0000-00-00 00:00:00', 1),
(65, 72, 4, '2017-04-24 17:30:17', '0000-00-00 00:00:00', 1),
(66, 73, 2, '2017-04-24 17:32:12', '0000-00-00 00:00:00', 1),
(67, 74, 3, '2017-04-24 17:56:01', '0000-00-00 00:00:00', 1),
(68, 75, 4, '2017-04-24 18:09:58', '0000-00-00 00:00:00', 1),
(69, 76, 2, '2017-05-03 09:24:50', '0000-00-00 00:00:00', 1),
(70, 77, 4, '2017-05-03 09:31:21', '0000-00-00 00:00:00', 1);

-- --------------------------------------------------------

--
-- Table structure for table `instructions`
--

CREATE TABLE `instructions` (
  `instruction_id` int(11) NOT NULL,
  `instruction` text NOT NULL,
  `quiz` int(11) NOT NULL,
  `qn_type` int(11) NOT NULL DEFAULT 1,
  `status` tinyint(4) NOT NULL DEFAULT 1
) ENGINE=InnoDB DEFAULT CHARSET=latin1;

--
-- Dumping data for table `instructions`
--

INSERT INTO `instructions` (`instruction_id`, `instruction`, `quiz`, `qn_type`, `status`) VALUES
(17, 'No instruction', 23, 1, 1),
(18, 'No instruction', 26, 2, 1),
(19, 'Answer the questions correctly.', 28, 3, 1);

-- --------------------------------------------------------

--
-- Table structure for table `kass_desktop`
--

CREATE TABLE `kass_desktop` (
  `desktop_id` int(11) NOT NULL,
  `sponsor_id` int(11) NOT NULL,
  `serialNumber` varchar(100) NOT NULL,
  `dateAdded` datetime NOT NULL DEFAULT current_timestamp(),
  `status` tinyint(4) NOT NULL DEFAULT 1
) ENGINE=InnoDB DEFAULT CHARSET=latin1;

--
-- Dumping data for table `kass_desktop`
--

INSERT INTO `kass_desktop` (`desktop_id`, `sponsor_id`, `serialNumber`, `dateAdded`, `status`) VALUES
(8, 90, 'CND6130NLF', '2017-05-03 16:18:26', 1),
(9, 69, '5CB202561C', '2017-05-04 23:55:23', 1),
(14, 69, 'CND6130NLF', '2017-05-10 15:42:22', 1);

-- --------------------------------------------------------

--
-- Table structure for table `lessons`
--

CREATE TABLE `lessons` (
  `lesson_id` int(11) NOT NULL,
  `topic` int(11) NOT NULL,
  `name` varchar(100) NOT NULL,
  `description` text NOT NULL,
  `status` tinyint(4) NOT NULL DEFAULT 1
) ENGINE=InnoDB DEFAULT CHARSET=latin1;

--
-- Dumping data for table `lessons`
--

INSERT INTO `lessons` (`lesson_id`, `topic`, `name`, `description`, `status`) VALUES
(1, 2, 'Lesson 1: ', '', 0),
(2, 2, 'Lesson 2: ', '', 0),
(3, 3, 'Lesson 3: ', '', 0),
(4, 3, 'Lesson 4:', '', 0),
(5, 4, 'plurals', '', 0),
(9, 2, 'lesson 5', '', 0),
(10, 22, 'Lesson  1:', '', 0),
(11, 2, 'Weather', '', 0),
(12, 23, 'lesson 1', '', 1),
(13, 24, 'Lesson 2', '', 1),
(14, 25, 'Lesson 3', '', 1),
(15, 26, 'lesson 4', '', 1),
(16, 28, 'lesson 5', '', 1),
(17, 31, 'Lesson 5', '', 1),
(18, 32, 'Lesson 7', '', 1),
(19, 34, 'Lesson 8', '', 1),
(20, 35, 'Lesson 9', '', 1),
(21, 36, 'Lesson 10', '', 1),
(22, 37, 'Lesson 11', '', 1),
(23, 38, 'Lesson 12', '', 1),
(24, 39, 'Lesson 13', '', 1),
(25, 40, 'Lesson 14', '', 1),
(26, 41, 'Lesson 15', '', 1),
(27, 45, 'lesson 11', '', 0),
(28, 41, 'Lesson 16', '', 0),
(29, 46, 'Lesson 1', '', 1),
(30, 47, 'Lesson 2', '', 1),
(31, 48, 'Lesson 3', '', 1),
(32, 49, 'Lesson 4', '', 1),
(33, 50, 'Lesson 5', '', 1),
(34, 51, 'Lesson 6', '', 1),
(35, 52, 'Lesson 7', '', 1),
(36, 53, 'Lesson 8', '', 1),
(37, 25, 'lesson 20', '', 0),
(38, 25, 'lesson 32', '', 0),
(39, 49, 'Lesson 30:', '', 0),
(40, 54, 'Lesson 1: ', '', 1),
(41, 54, 'Lesson 2: ', '', 1),
(42, 54, 'Lesson 3:', '', 1),
(44, 2, 'Lesson 4:', '', 0),
(45, 2, 'Lession: 5', '', 0),
(46, 56, 'Lession: 5', '', 0),
(47, 56, 'Lession: 5', '', 1),
(48, 56, 'Lesson:6', '', 1),
(49, 56, 'Lesson 4:', '', 1),
(50, 56, 'Lesson:6', '', 1),
(51, 56, 'Lesson 6: ', '', 1),
(52, 56, 'Lesson 7: ', '', 1),
(54, 58, 'Lesson 8:', '', 1),
(55, 58, 'Lesson 9:S', '', 1),
(56, 59, 'Lesson 11:', '', 1),
(58, 25, 'lesson 67', '', 0),
(59, 59, 'Lesson 11:', '', 1),
(60, 59, 'Lesson 11:', '', 1),
(61, 60, 'Lesson 12:', '', 1),
(62, 60, 'Lesson 13:', '', 1),
(63, 60, 'Lesson 14:', '', 1),
(64, 60, 'Lesson 15:', '', 1),
(65, 60, 'Lesson 15:', '', 0),
(66, 60, 'Lesson 15:', '', 0),
(67, 60, 'lesson 15:', '', 0),
(68, 58, 'lesson 60:', '', 0),
(69, 54, 'lesson 20:', '', 0),
(70, 54, 'lesson 70:', '', 0),
(71, 58, 'sample', '', 0),
(72, 60, 'Lesson 16:', '', 1),
(73, 60, 'Lesson 22:', '', 0),
(74, 60, 'Lesson 17:', '', 1),
(75, 56, 'sample 20', '', 0),
(76, 60, 'Lesson 18:', '', 1),
(77, 60, 'Lesson 19:', '', 1),
(78, 60, 'Lesson 20:', '', 1),
(79, 60, 'Lesson 21:', '', 1),
(80, 60, 'Lesson 22:', '', 1),
(81, 60, 'Lesson 23:', '', 1),
(82, 60, 'Lesson 24:', '', 1),
(83, 60, 'Lesson 25:', '', 1),
(84, 60, 'Lesson 26:', '', 1),
(85, 60, 'Lesson 27:', '', 1),
(86, 60, 'Lesson 28:', '', 1),
(87, 60, 'Lesson 29', '', 1),
(88, 62, 'Lesson 9', '', 1),
(89, 63, 'Lesson 10', '', 1),
(90, 64, 'Lesson 11', '', 1),
(91, 60, 'Lesson 3: ', '', 1),
(92, 64, 'Lesson 12', '', 1),
(93, 65, 'Lesson 12', '', 1),
(94, 66, 'lesson 14', '', 1),
(95, 67, 'Lesson 14', '', 1),
(96, 68, 'Lesson 1: ', '', 1),
(97, 68, 'Lesson 2: ', '', 1),
(98, 68, 'Lesson 3: ', '', 1),
(99, 68, 'Lesson 4: ', '', 1),
(100, 68, 'Lesson 4:V', '', 0),
(101, 68, 'Lession 5:', '', 1),
(102, 69, 'Lesson 6: ', '', 1),
(103, 69, 'Lesson 7: ', '', 1),
(104, 71, 'Lesson 8: ', '', 1),
(105, 70, 'Lesson 15', '', 1),
(106, 74, 'Lesson 9: ', '', 1),
(107, 74, 'Lesson 10:', '', 1),
(108, 72, 'Lesson 16', '', 0),
(109, 74, 'Lesson 11:', '', 1),
(110, 72, 'Lesson 16', '', 1),
(111, 75, 'Lesson 12:', '', 1),
(112, 77, 'Lesson 13:', '', 1),
(113, 78, 'Lesson 12:', '', 1),
(114, 78, 'Lesson 13', '', 1),
(115, 78, 'Lesson 14:', '', 1),
(116, 78, 'Lesson 15:', '', 1),
(117, 78, 'Lesson 16:', '', 1),
(118, 78, 'Lesson 17:', '', 1),
(119, 78, 'Lesson 18:', '', 1),
(120, 81, 'Lesson 18', '', 1),
(121, 82, 'Lesson 1: ', '', 1),
(122, 82, 'Lesson 2: ', '', 1),
(123, 83, 'Lesson 3: ', '', 1),
(124, 84, 'Lesson 4: ', '', 1),
(125, 85, 'Lesson 5: ', '', 1),
(126, 86, 'Lesson 6: ', '', 1),
(127, 87, 'Lesson 7: ', '', 1),
(128, 87, 'Lesson 8: ', '', 1),
(129, 88, 'Lesson 19', '', 1),
(130, 89, 'Lesson 20', '', 1),
(131, 89, 'Lesson 20', '', 1),
(132, 90, 'Lesson 21', '', 1),
(133, 91, 'Lesson 22', '', 1),
(134, 92, 'Lesson 1', '', 1),
(135, 93, 'Lesson 2', '', 1),
(136, 98, 'Lesson 1: ', '', 1),
(137, 98, 'Lesson 2: ', '', 1),
(138, 98, 'Lesson 3: ', '', 1),
(139, 99, 'Lesson 4:B', '', 1),
(140, 99, 'Lesson 5', '', 1),
(141, 100, 'Lesson 6', '', 1),
(142, 100, 'Lesson 7:', '', 1),
(143, 101, 'Lesson 8: ', '', 1),
(144, 102, 'Lesson 9: ', '', 1),
(145, 101, 'Lesson 10:', '', 1),
(146, 102, 'Lesson 11:', '', 1),
(147, 101, 'Lesson 12:', '', 1),
(148, 102, 'Lesson 13:', '', 1),
(149, 104, 'Lesson 14:', '', 1),
(150, 105, 'Lesson 14:', '', 0),
(151, 105, 'Lession 15', '', 1),
(152, 106, 'Lesson16: ', '', 1),
(153, 94, 'Lesson 3', '', 1),
(154, 95, 'Lesson 4', '', 1),
(155, 96, 'Lesson 5', '', 1),
(156, 107, 'Lesson 1', '', 1),
(157, 107, 'Lesson 1', '', 0),
(158, 22, 'Lesson 1: ', '', 1),
(159, 22, 'Lesson 1: ', '', 0),
(160, 22, 'Lesson1: V', '', 0),
(161, 22, 'Lesson 2: ', '', 1),
(162, 109, 'Lesson 3: ', '', 1),
(163, 109, 'Lesson 4: ', '', 0),
(164, 110, 'Lesson 4: ', '', 1),
(165, 111, 'Lesson 5: ', '', 1),
(166, 112, 'Lesson 6: ', '', 1),
(167, 113, 'Lesson 7: ', '', 1),
(168, 112, 'Lesson 8: ', '', 1),
(169, 113, 'Lesson 9: ', '', 1),
(170, 114, 'Lesson 10:', '', 0),
(171, 114, 'Lesson 9: ', '', 1),
(172, 114, 'Lesson 9: ', '', 0),
(173, 114, 'Lesson 10:', '', 0),
(174, 115, 'Lesson 10:', '', 1),
(175, 114, 'Lesson 9: ', '', 0),
(176, 116, 'Lesson 1: ', '', 0),
(177, 116, 'Lesson 1: ', '', 1),
(178, 117, 'Lesson 2: ', '', 1),
(179, 116, 'Lesson 3: ', '', 1),
(180, 118, 'Lesson 4: ', '', 1),
(181, 119, 'Lesson 5: ', '', 1),
(182, 119, 'Lesson 6: ', '', 0),
(183, 120, 'Lesson 6: ', '', 0),
(184, 120, 'Lesson 6: ', '', 1),
(185, 119, 'Lesson 7: ', '', 1),
(186, 120, 'Lesson 7:S', '', 1),
(187, 121, 'Lesson 9: ', '', 0),
(188, 121, 'Lesson 99', '', 0),
(189, 121, 'Lesson 8: ', '', 1),
(190, 122, 'Lesson 1: ', '', 1),
(191, 122, 'Lesson 2: ', '', 0),
(192, 54, 'Testing', '', 0),
(193, 63, 'testing', '', 1),
(194, 135, 'Lesson 1: ', '', 1),
(195, 136, 'Lesson 3: ', '', 1),
(196, 137, 'Place Valu', '', 1),
(197, 138, 'Lesson 1', '', 1),
(198, 139, 'Lessons: G', '', 1),
(199, 140, 'Lessons: L', '', 1),
(200, 141, 'Lessons: C', '', 1),
(201, 142, 'Lessons: F', '', 1),
(202, 143, 'Lessons: T', '', 1),
(203, 144, 'Lessons:Gr', '', 1),
(204, 145, 'Lessons: N', '', 1),
(205, 146, 'Lessons : ', '', 1),
(206, 147, 'Lesson: Ad', '', 1),
(207, 149, 'Lessons: M', '', 1),
(208, 151, 'Lesson: Nu', '', 1),
(209, 152, 'Lessons:Mu', '', 1),
(210, 152, 'Lessons: D', '', 1),
(211, 153, 'Lessons: M', '', 1),
(212, 155, 'Lesson 1', '', 1),
(213, 158, 'Lesson 1', '', 1),
(214, 159, 'Lesson 1', '', 1),
(215, 161, 'Lessons: W', '', 1),
(216, 160, 'Lessons: C', '', 1),
(217, 166, 'Lesson 1', '', 1),
(218, 167, 'Lesson 1', '', 1),
(219, 168, 'Lessons', '', 1),
(220, 169, 'Place valu', '', 1),
(221, 170, 'Lessons:', '', 1),
(222, 171, 'Lessons: G', '', 1),
(223, 172, 'Graphs', '', 1),
(224, 122, 'Trial', '', 1),
(225, 174, 'Lessons:', '', 1),
(226, 175, 'Operation ', '', 1),
(227, 176, 'Lessons:', '', 1),
(228, 177, 'Lessons:', '', 1),
(229, 178, 'Lessons:', '', 1),
(230, 179, 'Lessons:', '', 1),
(231, 180, 'Money', '', 1),
(232, 181, 'Algebra', '', 1),
(233, 182, 'Lessons:', '', 1),
(234, 185, 'Lessons', '', 1),
(235, 183, 'Lessons', '', 1),
(236, 184, 'Lessons: O', '', 1),
(237, 186, 'Lessons: O', '', 1),
(238, 187, 'Lessons: N', '', 1),
(239, 188, 'Lessons: F', '', 1),
(240, 189, 'Lessons: G', '', 1),
(241, 190, 'Lessons: S', '', 1),
(242, 191, 'Lessons: M', '', 1),
(243, 191, 'Lessons: Money', '', 1),
(244, 3, 'Lesson 1', '', 0),
(245, 194, 'Lesson: 1', '', 1),
(246, 196, 'TRIUMPANT', '', 0),
(247, 194, 'Lesson: 2', '', 1),
(248, 3, 'Lesson: 3', '', 1),
(249, 3, 'Lesson: 4', '', 1),
(250, 3, 'Lesson: 5', '', 1),
(251, 195, 'Lesson: 6', '', 1),
(252, 195, 'Lesson: 7', '', 1),
(253, 195, 'Lesson: 8', '', 1),
(254, 195, 'Lesson: 9', '', 1),
(255, 195, 'Lesson: 10', '', 1),
(256, 197, 'Lessons: The Human Body and Health', '', 0),
(257, 198, 'Lessons: The Human Body and Health', '', 1),
(258, 199, 'Lesson: 1', '', 1),
(259, 199, 'Lesson: 2', '', 0),
(260, 200, 'Lessons: Food and Nutrition', '', 1),
(261, 191, 'Lessons: Measures', '', 1),
(262, 201, 'Lessons: Soil', '', 1),
(263, 202, 'Lessons: Changes in Our Surroundings.', '', 1),
(264, 203, 'Lessons: Weather', '', 1),
(265, 204, 'Lessons: Growing Crops', '', 1),
(266, 204, 'Lessons: Plant Life II', '', 1),
(267, 204, 'Lessons: Plant Life I', '', 1),
(268, 205, 'Lessons: Weather Changes Around Us', '', 1),
(269, 206, 'Lessons: Weather', '', 1),
(270, 207, 'Lessons: Personal Hygiene', '', 1),
(271, 209, 'Lessons: 1Poultry', '', 1),
(272, 210, 'Lessons: 2 Apiculture', '', 1),
(273, 208, 'Lesson: Parts of Speech', '', 1),
(274, 208, 'Lesson: Parts of Speech', '', 1),
(275, 208, 'Lessons: Comprehension.', '', 1),
(276, 211, 'Lessons: Measurement', '', 1),
(277, 212, 'Lessons: Immunity and Immunisation', '', 1),
(278, 213, 'Lessons: Digestion', '', 1),
(279, 215, 'Lesson:Structures', '', 1),
(280, 216, 'Lessons: Our Home And Community', '', 1),
(281, 217, 'Lesson: Structures and Vocabulary', '', 1),
(282, 218, 'Lesson: Describing People', '', 1),
(283, 219, 'Lessons: Our Sub-County/Division.', '', 1),
(284, 221, 'Lesson: Giving Directions', '', 1),
(285, 222, 'Lesson: What I Like and How i Feel', '', 1),
(286, 220, 'Lessons: People In Our Division.', '', 1),
(287, 223, 'Lessons: Location Of Our District', '', 1),
(288, 224, 'Lessons: Physical Features.', '', 1),
(289, 225, 'Lessons: Weather', '', 1),
(290, 226, 'Lesson 1:Parts of a Vechicle', '', 1),
(291, 227, 'Lessons: Location Of Uganda', '', 1),
(292, 227, 'Lessons: Physical Features In Uganda', '', 1),
(293, 227, 'Lessons: Climate In Uganda', '', 1),
(294, 227, 'Lessons: Vegetation In Uganda', '', 1),
(295, 227, 'Lessons: Resources In Uganda', '', 1),
(296, 226, 'Lesson2:Equipment used in Vehicle Repair', '', 1),
(297, 228, 'Lessons: Location Of East Africa', '', 1),
(298, 229, 'Lesson:Vocabulary and Structures', '', 1),
(299, 230, 'Lesson: Vocabulary and Structures', '', 1),
(300, 228, 'Lessons: Physical Features In East Afric', '', 1),
(301, 228, 'Lessons: The People of East Africa', '', 1),
(302, 228, 'Lessons: Regional Groupings In E.Africa', '', 1),
(303, 228, 'Lessons: Pre-colonial Societies In E.A', '', 1),
(304, 235, 'Lesson:Safety on the Road', '', 1),
(305, 235, 'Lesson:Traffic Dangers PART I', '', 1),
(306, 235, 'Lesson: Traffic Dangers PART II', '', 1),
(307, 236, 'Lesson: Debating', '', 1),
(308, 237, 'Lessons: Location Of Africa', '', 1),
(309, 237, 'Lessons: Climate Of Africa', '', 1),
(310, 237, 'Lessons: Vegetation and Tourism', '', 1),
(311, 237, 'Lessons: Tourism in Africa', '', 1),
(312, 238, 'Lessons: Living Things I', '', 1),
(313, 238, 'Lessons: Living Things II', '', 1),
(314, 239, 'Lessons: Sound Energy', '', 1),
(315, 240, 'Lessons: Circulatory System', '', 1),
(316, 131, 'Lessons: Alcohol, Smoking and Drugs', '', 1),
(317, 242, 'Lesson: Our School', '', 1),
(318, 243, 'Lesson: Our Home', '', 1),
(319, 244, 'Lesson: Our Community', '', 1),
(320, 245, 'Lesson1:Our school and the Neighborhood', '', 0),
(321, 246, 'Lessons 1: Sets', '', 1),
(322, 247, 'Lessons 2: Numeration Systems', '', 1),
(323, 248, 'Lesson 1: Weather', '', 1),
(324, 252, 'Lessons 3: Operations On Numbers', '', 1),
(325, 249, 'Lesson 1: Accidents And Safety', '', 1),
(326, 250, 'Lesson 1: Living Together', '', 1),
(327, 251, 'Lesson 1: Food and Nutrition', '', 1),
(328, 253, 'Lessons: School Holidays', '', 1),
(329, 254, 'Lessons: Vegetation in Our Disctrict', '', 1),
(330, 255, 'Lessons: Vegetation In Our District', '', 1),
(331, 256, 'Lessons: Vegetation In Our District', '', 1),
(332, 256, 'Lessons: People In Our District', '', 1),
(333, 261, 'Lessons: Our Environment.', '', 1),
(334, 262, 'Lessons: Accidents and Safety', '', 1),
(335, 264, 'Lessons: Accidents at Home', '', 1),
(336, 265, 'Lessons: Food and Nutrition', '', 1),
(337, 256, 'Ethnic groups', '', 0),
(338, 256, 'Lessons: Ethnic Groups In Our District', '', 1),
(339, 266, 'Lessons: Animals', '', 1),
(340, 266, 'Lessons: Plants', '', 1),
(341, 256, 'Economic Activities In Our District', '', 1),
(342, 267, 'Lessons: Our Food', '', 1),
(343, 268, 'Lessons: Major Body Parts', '', 1),
(344, 269, 'Lessons: Sanitation', '', 1),
(345, 273, 'Leaders In Our District', '', 1),
(346, 273, 'Meeting Peoples Needs In Our District', '', 1),
(347, 275, 'Lessons: The Human Body', '', 1),
(348, 276, 'Lessons: Matter and Energy', '', 1),
(349, 277, 'Lessons: Energy Resources', '', 1);

-- --------------------------------------------------------

--
-- Table structure for table `logins`
--

CREATE TABLE `logins` (
  `login_id` int(11) NOT NULL,
  `user_id` int(11) NOT NULL,
  `account_type` varchar(3) NOT NULL,
  `last_seen` datetime NOT NULL DEFAULT current_timestamp(),
  `session_id` varchar(200) NOT NULL,
  `ip_address` varchar(200) NOT NULL,
  `country` varchar(200) NOT NULL,
  `browser` varchar(300) NOT NULL,
  `status` tinyint(4) NOT NULL DEFAULT 1
) ENGINE=InnoDB DEFAULT CHARSET=latin1;

--
-- Dumping data for table `logins`
--

INSERT INTO `logins` (`login_id`, `user_id`, `account_type`, `last_seen`, `session_id`, `ip_address`, `country`, `browser`, `status`) VALUES
(1, 10, 'STU', '2017-03-11 18:59:25', '3ba0be157ca05a00dae4717a0b9d6ef3', '41.217.233.25', '', 'Mozilla/5.0 (Windows NT 6.1) AppleWebKit/537.36 (KHTML, like Gecko) Chrome/56.0.2924.87 Safari/537.36', 0),
(2, 10, 'STU', '2017-03-11 19:01:07', '47bcc3257c143748dca66f638c986ece', '41.217.233.25', '', 'Mozilla/5.0 (Windows NT 6.1) AppleWebKit/537.36 (KHTML, like Gecko) Chrome/55.0.2883.87 Safari/537.36', 0),
(3, 28, 'STU', '2017-03-11 19:02:09', '2029faf4e0f446466f93b99af6c0ea7a', '41.217.233.25', '', 'Mozilla/5.0 (Windows NT 6.1) AppleWebKit/537.36 (KHTML, like Gecko) Chrome/56.0.2924.87 Safari/537.36', 0),
(4, 28, 'STU', '2017-03-11 19:03:21', 'aed4da614fb163346f03c7fd29cc37ee', '41.217.233.25', '', 'Mozilla/5.0 (Windows NT 6.1; WOW64) AppleWebKit/537.36 (KHTML, like Gecko) Chrome/56.0.2924.87 Safari/537.36 OPR/43.0.2442.1144 (Edition Campaign 34)', 0),
(5, 10, 'STU', '2017-03-11 19:07:11', 'f05ce6bb819bc3e7d1ed2fef8e04d6d4', '41.217.233.25', '', 'Mozilla/5.0 (Windows NT 6.1) AppleWebKit/537.36 (KHTML, like Gecko) Chrome/56.0.2924.87 Safari/537.36', 0),
(6, 10, 'STU', '2017-03-11 19:07:31', '5f38d7b6f71ca01d77c7c923e88f6f11', '41.217.233.25', '', 'Mozilla/5.0 (Windows NT 6.1) AppleWebKit/537.36 (KHTML, like Gecko) Chrome/55.0.2883.87 Safari/537.36', 0),
(7, 10, 'STU', '2017-03-11 19:08:58', '802761127a777943edd5f5d09a8153ef', '41.217.233.25', '', 'Mozilla/5.0 (Windows NT 6.1) AppleWebKit/537.36 (KHTML, like Gecko) Chrome/56.0.2924.87 Safari/537.36', 0),
(8, 10, 'STU', '2017-03-11 19:09:40', '8b0e91e63eb41e5fb41068fe34751e51', '41.217.233.25', '', 'Mozilla/5.0 (Windows NT 6.1) AppleWebKit/537.36 (KHTML, like Gecko) Chrome/55.0.2883.87 Safari/537.36', 0),
(9, 10, 'STU', '2017-03-11 19:18:59', '33004b490538e9141f1016d4e54f56a8', '41.217.233.25', '', 'Mozilla/5.0 (Windows NT 6.1) AppleWebKit/537.36 (KHTML, like Gecko) Chrome/56.0.2924.87 Safari/537.36', 0),
(10, 10, 'STU', '2017-03-11 19:30:04', '564ef3b7cec9e9315dadca932d9d33bc', '41.217.233.25', '', 'Mozilla/5.0 (Windows NT 6.1) AppleWebKit/537.36 (KHTML, like Gecko) Chrome/55.0.2883.87 Safari/537.36', 0),
(11, 44, 'STU', '2017-03-11 19:56:05', '286f849a54c7ac2d17a0a257f84a1526', '41.217.233.25', '', 'Mozilla/5.0 (Windows NT 6.1; WOW64) AppleWebKit/537.36 (KHTML, like Gecko) Chrome/56.0.2924.87 Safari/537.36 OPR/43.0.2442.1144 (Edition Campaign 34)', 0),
(12, 39, 'STU', '2017-03-12 09:20:03', '382c6001514ad647704d88174d68e02e', '41.202.241.14', '', 'Mozilla/5.0 (Windows NT 6.3; WOW64) AppleWebKit/537.36 (KHTML, like Gecko) Chrome/56.0.2924.87 Safari/537.36', 0),
(13, 45, 'STU', '2017-03-13 18:23:05', '7e85915174eb8d691fa013f4a769c96a', '197.157.0.41', '', 'Mozilla/5.0 (Windows NT 6.2; rv:24.0) Gecko/20100101 Firefox/24.0', 0),
(14, 45, 'STU', '2017-03-13 18:39:48', 'ca3025c48f505e0526a5fb5b5d5c6135', '197.157.0.41', '', 'Mozilla/5.0 (Windows NT 6.2; rv:24.0) Gecko/20100101 Firefox/24.0', 0),
(15, 45, 'STU', '2017-03-14 15:36:35', '4ece30aa14b5ed479bf24f3a52938cd6', '197.157.34.169', '', 'Mozilla/5.0 (Windows NT 6.2; rv:24.0) Gecko/20100101 Firefox/24.0', 0),
(16, 45, 'STU', '2017-03-14 15:39:21', '45f6613a668bc03118cad3c39779e3f4', '197.157.34.169', '', 'Mozilla/5.0 (Windows NT 6.2; rv:24.0) Gecko/20100101 Firefox/24.0', 0),
(17, 46, 'STU', '2017-03-14 16:24:26', '7daa44642b893da11d192f4fd8d6e0cd', '154.73.12.124', '', 'Mozilla/5.0 (Windows NT 6.1) AppleWebKit/537.36 (KHTML, like Gecko) Chrome/56.0.2924.87 Safari/537.36', 0),
(18, 47, 'STU', '2017-03-14 16:37:57', '7008ace0f0653d8addb2e27abb3880bd', '154.73.12.90', '', 'Mozilla/5.0 (Windows NT 6.1) AppleWebKit/537.36 (KHTML, like Gecko) Chrome/56.0.2924.87 Safari/537.36', 0),
(19, 45, 'STU', '2017-03-14 16:50:15', 'e90c08aaaccdb9b38c876a5622b3d7bd', '197.157.0.26', '', 'Mozilla/5.0 (Windows NT 6.2; rv:24.0) Gecko/20100101 Firefox/24.0', 1),
(20, 28, 'STU', '2017-03-14 19:24:36', '67e5a814c9e1bd5f7e728c1fcef5ec96', '196.43.135.108', '', 'Mozilla/5.0 (Windows NT 5.1; rv:52.0) Gecko/20100101 Firefox/52.0', 0),
(21, 48, 'STU', '2017-03-16 14:34:03', '37dd9f09268dad5ccc0bf1fc195b0aa4', '197.157.0.34', '', 'Mozilla/5.0 (Windows NT 6.2; rv:24.0) Gecko/20100101 Firefox/24.0', 0),
(22, 48, 'STU', '2017-03-16 14:41:22', '4ff0d66eccedd5e812a1be0808e54900', '197.157.0.34', '', 'Mozilla/5.0 (Windows NT 6.2; rv:24.0) Gecko/20100101 Firefox/24.0', 0),
(23, 28, 'STU', '2017-03-17 09:38:33', 'dcc01f64209d22eed045125161572a22', '41.217.233.25', '', 'Mozilla/5.0 (Windows NT 6.1; WOW64) AppleWebKit/537.36 (KHTML, like Gecko) Chrome/56.0.2924.87 Safari/537.36 OPR/43.0.2442.1144', 0),
(24, 39, 'STU', '2017-03-20 07:38:27', '3868e3fab1544e60a838d98da5202539', '154.73.12.75', '', 'Mozilla/5.0 (Windows NT 6.1) AppleWebKit/537.36 (KHTML, like Gecko) Chrome/56.0.2924.87 Safari/537.36', 0),
(25, 39, 'STU', '2017-03-20 07:40:13', '1fbb0c0685413e87888f9a5b3886cbc8', '41.210.159.138', '', 'Mozilla/5.0 (Linux; Android 5.0; Zn1 Build/LRX21T) AppleWebKit/537.36 (KHTML, like Gecko) Version/4.0 Chrome/34.0.0.0 Mobile Safari/537.36', 0),
(26, 39, 'STU', '2017-03-22 12:31:26', '024b8eb037c41a53a902795e1a47a730', '154.73.15.39', '', 'Mozilla/5.0 (Windows NT 6.1) AppleWebKit/537.36 (KHTML, like Gecko) Chrome/56.0.2924.87 Safari/537.36', 0),
(27, 39, 'STU', '2017-03-22 14:24:45', '11cbc0dd194cef3bd4f9a3e846f67aa4', '154.73.15.39', '', 'Mozilla/5.0 (Windows NT 6.1) AppleWebKit/537.36 (KHTML, like Gecko) Chrome/56.0.2924.87 Safari/537.36', 0),
(28, 39, 'STU', '2017-03-25 15:47:48', '5830dfd9fec1a14b1e2a4dda20f21221', '160.242.146.114', '', 'Mozilla/5.0 (Windows NT 6.1) AppleWebKit/537.36 (KHTML, like Gecko) Chrome/56.0.2924.87 Safari/537.36', 0),
(29, 49, 'STU', '2017-03-27 06:10:44', 'aeff144a1bc433326b6af693926fc706', '160.242.146.194', '', 'Mozilla/5.0 (Windows NT 6.1; WOW64; Trident/7.0; rv:11.0) like Gecko', 0),
(30, 39, 'STU', '2017-03-27 12:32:13', '0f9533449e4f3ad7662fd4428caf88d8', '154.73.15.37', '', 'Mozilla/5.0 (Windows NT 6.1) AppleWebKit/537.36 (KHTML, like Gecko) Chrome/56.0.2924.87 Safari/537.36', 0),
(31, 39, 'STU', '2017-04-02 17:30:56', 'cdaf885ca2fd943528a6595295c94b54', '41.202.241.17', '', 'Mozilla/5.0 (Windows NT 6.3; WOW64) AppleWebKit/537.36 (KHTML, like Gecko) Chrome/57.0.2987.133 Safari/537.36', 0),
(32, 39, 'STU', '2017-04-02 20:42:46', '74fad53b5bce0acdbf1fabb127b3b8aa', '41.202.241.17', '', 'Mozilla/5.0 (Windows NT 6.3; WOW64) AppleWebKit/537.36 (KHTML, like Gecko) Chrome/57.0.2987.133 Safari/537.36', 0),
(33, 28, 'STU', '2017-04-03 11:20:16', '533b43fc27b2b0bf344192d20eaec37c', '41.217.233.25', '', 'Mozilla/5.0 (Windows NT 6.1; WOW64) AppleWebKit/537.36 (KHTML, like Gecko) Chrome/57.0.2987.98 Safari/537.36 OPR/44.0.2510.857 (Edition Campaign 34)', 0),
(34, 39, 'STU', '2017-04-03 13:24:14', '3ceb45f58eae9551021d0d1ccad62f21', '154.73.15.61', '', 'Mozilla/5.0 (Windows NT 6.1) AppleWebKit/537.36 (KHTML, like Gecko) Chrome/56.0.2924.87 Safari/537.36', 0),
(35, 39, 'STU', '2017-04-03 17:14:08', '1de1a892e6f6715384d827e8042bb232', '154.73.15.2', '', 'Mozilla/5.0 (Windows NT 6.1) AppleWebKit/537.36 (KHTML, like Gecko) Chrome/56.0.2924.87 Safari/537.36', 0),
(36, 39, 'STU', '2017-04-04 07:30:24', '304c685bbfc1ab05e05368799067bcc4', '154.73.12.121', '', 'Mozilla/5.0 (Windows NT 6.1) AppleWebKit/537.36 (KHTML, like Gecko) Chrome/56.0.2924.87 Safari/537.36', 0),
(37, 53, 'STU', '2017-04-04 07:54:03', '8fcac8bf54444ebb97294bf2bdc78f53', '154.73.12.121', '', 'Mozilla/5.0 (Windows NT 6.1) AppleWebKit/537.36 (KHTML, like Gecko) Chrome/56.0.2924.87 Safari/537.36', 0),
(38, 10, 'STU', '2017-04-05 12:36:13', '8f42f9a1a05a7f56d26cf5727631898e', '41.202.241.9', '', 'Mozilla/5.0 (Windows NT 6.1) AppleWebKit/537.36 (KHTML, like Gecko) Chrome/56.0.2924.87 Safari/537.36', 0),
(39, 28, 'STU', '2017-04-05 12:59:15', 'd3f68b982e95b9aafe68095c0e72772d', '41.217.233.25', '', 'Mozilla/5.0 (Windows NT 6.1; WOW64) AppleWebKit/537.36 (KHTML, like Gecko) Chrome/57.0.2987.98 Safari/537.36 OPR/44.0.2510.857 (Edition Campaign 34)', 0),
(40, 39, 'STU', '2017-04-05 21:45:37', 'cb7aec4307e44287eeb825712f91d0fc', '197.157.0.56', '', 'Mozilla/5.0 (Windows NT 6.3; WOW64) AppleWebKit/537.36 (KHTML, like Gecko) Chrome/57.0.2987.133 Safari/537.36', 0),
(41, 39, 'STU', '2017-04-06 07:27:57', '08465967dc78b8f90ca25dae2994149c', '197.157.0.56', '', 'Mozilla/5.0 (Windows NT 6.1) AppleWebKit/537.36 (KHTML, like Gecko) Chrome/56.0.2924.87 Safari/537.36', 0),
(42, 53, 'STU', '2017-04-06 07:33:26', 'd0d40991e41afe8c25009bda1211de83', '197.157.0.56', '', 'Mozilla/5.0 (Windows NT 6.1) AppleWebKit/537.36 (KHTML, like Gecko) Chrome/56.0.2924.87 Safari/537.36', 1),
(43, 10, 'STU', '2017-04-06 09:50:40', 'f5deffcba4ef75ac1f33b49422438875', '197.157.0.49', '', 'Mozilla/5.0 (Windows NT 6.1) AppleWebKit/537.36 (KHTML, like Gecko) Chrome/56.0.2924.87 Safari/537.36', 1),
(44, 39, 'STU', '2017-04-06 14:26:19', '1d45d4451d047ec8b2089be573e9f9f6', '154.73.15.30', '', 'Mozilla/5.0 (Windows NT 6.1) AppleWebKit/537.36 (KHTML, like Gecko) Chrome/56.0.2924.87 Safari/537.36', 0),
(45, 39, 'STU', '2017-04-06 14:42:36', 'aada18ffc49ab7e335d9ae4bf61a25a8', '197.157.34.175', '', 'Mozilla/5.0 (Windows NT 6.1) AppleWebKit/537.36 (KHTML, like Gecko) Chrome/56.0.2924.87 Safari/537.36', 0),
(46, 39, 'STU', '2017-04-06 16:31:49', '95e30dc9fc83b873dbfb0cbece5f0e5c', '197.157.34.192', '', 'Mozilla/5.0 (Windows NT 6.1) AppleWebKit/537.36 (KHTML, like Gecko) Chrome/56.0.2924.87 Safari/537.36', 0),
(47, 55, 'STU', '2017-04-08 17:33:06', '689897db6c2bb01085e960d11bc29583', '41.210.129.90', '', 'Mozilla/5.0 (Windows NT 10.0; WOW64) AppleWebKit/537.36 (KHTML, like Gecko) Chrome/57.0.2987.133 Safari/537.36', 0),
(48, 55, 'STU', '2017-04-10 12:52:00', '125f23eeb39020392d785273f0808d7d', '41.221.80.85', '', 'Mozilla/5.0 (Windows NT 10.0; WOW64) AppleWebKit/537.36 (KHTML, like Gecko) Chrome/57.0.2987.133 Safari/537.36', 0),
(49, 55, 'STU', '2017-04-10 20:06:14', '01a7b554a8a894717ed9516679554ff2', '41.210.143.173', '', 'Mozilla/5.0 (Windows NT 10.0; WOW64) AppleWebKit/537.36 (KHTML, like Gecko) Chrome/57.0.2987.133 Safari/537.36', 0),
(50, 39, 'STU', '2017-04-12 14:52:20', '6162ce6e55b57f2877c040a86017d9a4', '197.157.0.39', '', 'Mozilla/5.0 (Windows NT 6.1) AppleWebKit/537.36 (KHTML, like Gecko) Chrome/57.0.2987.133 Safari/537.36', 0),
(51, 56, 'STU', '2017-04-15 22:19:29', '98d6c4168b392560fb5d760943364fef', '41.202.241.6', '', 'Mozilla/5.0 (Windows NT 10.0; WOW64; rv:45.0) Gecko/20100101 Firefox/45.0', 0),
(52, 56, 'STU', '2017-04-15 22:20:59', '52f13c8c1df6fd464b05d5d5c5bb8fce', '41.202.241.6', '', 'Mozilla/5.0 (Windows NT 10.0; WOW64; rv:45.0) Gecko/20100101 Firefox/45.0', 0),
(53, 57, 'STU', '2017-04-15 22:29:01', '141fff4cf6ebfd69e534b9199fc2fabf', '41.202.241.6', '', 'Mozilla/5.0 (Windows NT 10.0; WOW64; rv:45.0) Gecko/20100101 Firefox/45.0', 0),
(54, 55, 'STU', '2017-04-17 17:04:14', '671e7c86aa4b56902219929e88bfd0ac', '41.210.147.160', '', 'Mozilla/5.0 (Windows NT 10.0; WOW64) AppleWebKit/537.36 (KHTML, like Gecko) Chrome/57.0.2987.133 Safari/537.36', 0),
(55, 55, 'STU', '2017-04-17 21:14:32', 'a79d2efb32895ce57ec250db5ee7255a', '41.210.147.160', '', 'Mozilla/5.0 (Windows NT 10.0; WOW64) AppleWebKit/537.36 (KHTML, like Gecko) Chrome/57.0.2987.133 Safari/537.36', 0),
(56, 39, 'STU', '2017-04-18 14:15:37', '08b649e8af0051bd341227cfd6d9b4ff', '41.202.241.45', '', 'Mozilla/5.0 (Windows NT 6.1) AppleWebKit/537.36 (KHTML, like Gecko) Chrome/57.0.2987.133 Safari/537.36', 0),
(57, 55, 'STU', '2017-04-18 19:25:28', '3e8dee4a9371fa3d24c1ad7d98327531', '41.210.147.160', '', 'Mozilla/5.0 (Windows NT 10.0; WOW64) AppleWebKit/537.36 (KHTML, like Gecko) Chrome/57.0.2987.133 Safari/537.36', 0),
(58, 55, 'STU', '2017-04-20 13:30:43', '71f0a86428098eff787e83203c4200cb', '41.221.80.85', '', 'Mozilla/5.0 (Windows NT 10.0; WOW64) AppleWebKit/537.36 (KHTML, like Gecko) Chrome/57.0.2987.133 Safari/537.36', 0),
(59, 55, 'STU', '2017-04-20 20:27:20', '1855456d08606609e3505c0cfa28db29', '41.210.147.160', '', 'Mozilla/5.0 (Windows NT 10.0; WOW64) AppleWebKit/537.36 (KHTML, like Gecko) Chrome/57.0.2987.133 Safari/537.36', 0),
(60, 55, 'STU', '2017-04-21 07:06:06', '5f2f85398a521902bdc9a4f9f472fd9c', '41.221.80.85', '', 'Mozilla/5.0 (Windows NT 10.0; WOW64) AppleWebKit/537.36 (KHTML, like Gecko) Chrome/57.0.2987.133 Safari/537.36', 0),
(61, 58, 'STU', '2017-04-21 08:56:27', '025b62ec8fb9dc1e6856f53791963617', '154.73.15.15', '', 'Mozilla/5.0 (Windows NT 6.1) AppleWebKit/537.36 (KHTML, like Gecko) Chrome/57.0.2987.133 Safari/537.36', 0),
(62, 58, 'STU', '2017-04-21 10:12:03', '70842a78752a4147cec441230121026c', '154.73.15.15', '', 'Mozilla/5.0 (Windows NT 6.1) AppleWebKit/537.36 (KHTML, like Gecko) Chrome/57.0.2987.133 Safari/537.36', 0),
(63, 58, 'STU', '2017-04-21 11:53:25', '0c4961b60035361ccfe43dc80ac22899', '154.73.12.124', '', 'Mozilla/5.0 (Windows NT 6.1) AppleWebKit/537.36 (KHTML, like Gecko) Chrome/57.0.2987.133 Safari/537.36', 0),
(64, 28, 'STU', '2017-04-21 20:09:29', '3dbaf9d8265e8b872754f4a82bd0e858', '41.217.233.25', '', 'Mozilla/5.0 (Linux; U; Android 4.3; en-us; Z10 Build/10.3.3.213) AppleWebKit/534.30 (KHTML, like Gecko) Version/4.0 Mobile Safari/534.30', 0),
(65, 58, 'STU', '2017-04-22 15:25:13', '01eeed68026aa2bdac1f8c54f9013938', '41.210.147.248', '', 'Mozilla/5.0 (Windows NT 6.2; rv:47.0) Gecko/20100101 Firefox/47.0', 0),
(66, 58, 'STU', '2017-04-22 15:42:21', '1e56b15f9deb4b0f4fc7193b94c65b3e', '41.217.233.25', '', 'Mozilla/5.0 (Windows NT 6.1) AppleWebKit/537.36 (KHTML, like Gecko) Chrome/57.0.2987.133 Safari/537.36', 0),
(67, 59, 'STU', '2017-04-22 15:51:10', '501811db5d64c40968ba82e4f69c51ca', '41.210.147.248', '', 'Mozilla/5.0 (Windows NT 6.2; rv:47.0) Gecko/20100101 Firefox/47.0', 0),
(68, 58, 'STU', '2017-04-22 16:01:05', '54cc067431e03d97d507a5508316e84c', '41.217.233.25', '', 'Mozilla/5.0 (Windows NT 6.1) AppleWebKit/537.36 (KHTML, like Gecko) Chrome/57.0.2987.133 Safari/537.36', 0),
(69, 39, 'STU', '2017-04-22 16:04:07', '940e3cdbc4315bdaf19e96ab9b66eacd', '41.210.147.248', '', 'Mozilla/5.0 (Windows NT 6.2; rv:47.0) Gecko/20100101 Firefox/47.0', 0),
(70, 58, 'STU', '2017-04-22 16:27:22', '743781c5c4e75de26eeea5d200bc0c93', '41.217.233.25', '', 'Mozilla/5.0 (Windows NT 6.1) AppleWebKit/537.36 (KHTML, like Gecko) Chrome/57.0.2987.133 Safari/537.36', 0),
(71, 55, 'STU', '2017-04-22 16:42:53', 'aa184f0eab9ed9a31cc846afe274c74e', '41.217.233.25', '', 'Mozilla/5.0 (Windows NT 6.1) AppleWebKit/537.36 (KHTML, like Gecko) Chrome/57.0.2987.133 Safari/537.36', 0),
(72, 60, 'STU', '2017-04-22 17:15:01', 'a920ba0aaa9b5390f78620749757a1d0', '41.210.147.248', '', 'Mozilla/5.0 (Windows NT 6.1) AppleWebKit/537.36 (KHTML, like Gecko) Chrome/31.0.1612.2 Safari/537.36', 0),
(73, 69, 'STU', '2017-04-23 16:45:39', 'cfa6d509f044ba2ee5c900586aa6a1de', '197.157.0.28', '', 'Mozilla/5.0 (Windows NT 6.1) AppleWebKit/537.36 (KHTML, like Gecko) Chrome/57.0.2987.133 Safari/537.36', 0),
(74, 67, 'STU', '2017-04-23 16:47:29', '61823b2258066be756247be26024e11d', '197.157.0.28', '', 'Mozilla/5.0 (Windows NT 6.1) AppleWebKit/537.36 (KHTML, like Gecko) Chrome/57.0.2987.133 Safari/537.36', 0),
(75, 58, 'STU', '2017-04-23 16:48:52', '908920dc7f4e27cea107d13310c513f8', '197.157.0.28', '', 'Mozilla/5.0 (Windows NT 6.1) AppleWebKit/537.36 (KHTML, like Gecko) Chrome/57.0.2987.133 Safari/537.36', 0),
(76, 67, 'STU', '2017-04-23 17:03:03', 'c5f8a057f76ad462783c68c22e4e6415', '197.157.0.28', '', 'Mozilla/5.0 (Windows NT 6.1) AppleWebKit/537.36 (KHTML, like Gecko) Chrome/57.0.2987.133 Safari/537.36', 0),
(77, 67, 'STU', '2017-04-23 17:05:51', 'ef039d372ac0de9dad2313ccbdbc8535', '197.157.0.28', '', 'Mozilla/5.0 (Windows NT 6.1) AppleWebKit/537.36 (KHTML, like Gecko) Chrome/57.0.2987.133 Safari/537.36', 0),
(78, 39, 'STU', '2017-04-23 17:28:28', 'c1c5dd09d18d8f5a792d6da060f1eaac', '41.202.241.9', '', 'Mozilla/5.0 (Windows NT 6.1) AppleWebKit/537.36 (KHTML, like Gecko) Chrome/57.0.2987.133 Safari/537.36', 0),
(79, 55, 'STU', '2017-04-23 18:12:31', '59626b3749e5be757432277c884d9ed4', '41.210.146.47', '', 'Mozilla/5.0 (Windows NT 10.0; WOW64) AppleWebKit/537.36 (KHTML, like Gecko) Chrome/57.0.2987.133 Safari/537.36', 0),
(80, 67, 'STU', '2017-04-24 07:25:15', 'dd9d50f3c2d1dab14817f3191a196eee', '154.73.15.6', '', 'Mozilla/5.0 (Windows NT 6.1) AppleWebKit/537.36 (KHTML, like Gecko) Chrome/57.0.2987.133 Safari/537.36', 0),
(81, 67, 'STU', '2017-04-24 07:53:21', '1c119bb31d69f1eaecada08e887398e1', '154.73.15.6', '', 'Mozilla/5.0 (Windows NT 6.1) AppleWebKit/537.36 (KHTML, like Gecko) Chrome/57.0.2987.133 Safari/537.36', 0),
(82, 39, 'STU', '2017-04-24 07:58:43', '21a8c39e6adca4a99409a96abf934766', '154.73.15.6', '', 'Mozilla/5.0 (Windows NT 6.1) AppleWebKit/537.36 (KHTML, like Gecko) Chrome/57.0.2987.133 Safari/537.36', 0),
(83, 71, 'STU', '2017-04-24 08:11:39', '501336087ad9be40efab278d37f762fb', '154.73.15.6', '', 'Mozilla/5.0 (Windows NT 6.1) AppleWebKit/537.36 (KHTML, like Gecko) Chrome/57.0.2987.133 Safari/537.36', 0),
(84, 58, 'STU', '2017-04-24 15:12:13', '46819ac3de43461387eb6a66654ffcca', '154.73.15.21', '', 'Mozilla/5.0 (Windows NT 6.1) AppleWebKit/537.36 (KHTML, like Gecko) Chrome/57.0.2987.133 Safari/537.36', 0),
(85, 58, 'STU', '2017-04-24 17:16:46', '00ae4eac0f761931c995e7aff5997e72', '154.73.12.87', '', 'Mozilla/5.0 (Windows NT 6.1) AppleWebKit/537.36 (KHTML, like Gecko) Chrome/57.0.2987.133 Safari/537.36', 0),
(86, 39, 'STU', '2017-04-24 17:17:32', '106c9fd9ba3b0eb0dbdbaa3b4c697477', '154.73.12.87', '', 'Mozilla/5.0 (Windows NT 6.1) AppleWebKit/537.36 (KHTML, like Gecko) Chrome/57.0.2987.133 Safari/537.36', 0),
(87, 72, 'STU', '2017-04-24 17:37:42', '600e70e96381f974e583e459e73a1e71', '154.73.12.87', '', 'Mozilla/5.0 (Windows NT 6.1) AppleWebKit/537.36 (KHTML, like Gecko) Chrome/57.0.2987.133 Safari/537.36', 0),
(88, 73, 'STU', '2017-04-24 17:45:48', 'f13820f2f4c778a8444a3c695d24d04b', '154.73.12.87', '', 'Mozilla/5.0 (Windows NT 6.1) AppleWebKit/537.36 (KHTML, like Gecko) Chrome/57.0.2987.133 Safari/537.36', 0),
(89, 39, 'STU', '2017-04-25 14:23:53', '1063002918af3ae54fdaf9c15ad15962', '41.202.241.29', '', 'Mozilla/5.0 (Windows NT 6.2) AppleWebKit/537.36 (KHTML, like Gecko) Chrome/58.0.3029.81 Safari/537.36', 0),
(90, 58, 'STU', '2017-04-26 08:48:25', '4923fb1f407b7e9142a84ae6474fdc3e', '197.157.0.51', '', 'Mozilla/5.0 (Windows NT 6.2) AppleWebKit/537.36 (KHTML, like Gecko) Chrome/58.0.3029.81 Safari/537.36', 0),
(91, 66, 'STU', '2017-04-26 08:56:33', 'c3a68db689de5a44ca3764ce6c54a4e8', '197.157.0.51', '', 'Mozilla/5.0 (Windows NT 6.2) AppleWebKit/537.36 (KHTML, like Gecko) Chrome/58.0.3029.81 Safari/537.36', 0),
(92, 58, 'STU', '2017-04-26 10:00:29', '7684e35b1190e98ca2bb837aed2cd9f0', '197.157.0.23', '', 'Mozilla/5.0 (Windows NT 6.2) AppleWebKit/537.36 (KHTML, like Gecko) Chrome/58.0.3029.81 Safari/537.36', 0),
(93, 66, 'STU', '2017-04-26 10:04:47', '417b6ee849bd4fe19bd03c99ecf2bada', '197.157.0.23', '', 'Mozilla/5.0 (Windows NT 6.2) AppleWebKit/537.36 (KHTML, like Gecko) Chrome/58.0.3029.81 Safari/537.36', 0),
(94, 66, 'STU', '2017-04-26 10:41:46', 'ef2cfac7efc41dd0114c9c77a27f28d8', '41.202.241.42', '', 'Mozilla/5.0 (Windows NT 6.2) AppleWebKit/537.36 (KHTML, like Gecko) Chrome/58.0.3029.81 Safari/537.36', 0),
(95, 66, 'STU', '2017-04-26 11:49:06', 'ebf32f88149fdd1f82a3e48c3df6ffb1', '41.202.241.42', '', 'Mozilla/5.0 (Windows NT 6.2) AppleWebKit/537.36 (KHTML, like Gecko) Chrome/58.0.3029.81 Safari/537.36', 0),
(96, 66, 'STU', '2017-04-26 12:16:32', '35b189c94876a5383a2a357fcf589e7f', '41.202.241.42', '', 'Mozilla/5.0 (Windows NT 6.2) AppleWebKit/537.36 (KHTML, like Gecko) Chrome/58.0.3029.81 Safari/537.36', 0),
(97, 58, 'STU', '2017-04-27 11:29:11', '9418fd7807aefa40fd88265b06d7cc7d', '41.210.145.91', '', 'Mozilla/5.0 (Linux; Android 6.0; HTC One X9 dual sim Build/MRA58K) AppleWebKit/537.36 (KHTML, like Gecko) Chrome/57.0.2987.132 Mobile Safari/537.36', 0),
(98, 58, 'STU', '2017-04-27 11:30:22', 'e7f678c50446bba20675f94fd61cfd4c', '41.210.145.91', '', 'Mozilla/5.0 (Linux; Android 6.0; HTC One X9 dual sim Build/MRA58K) AppleWebKit/537.36 (KHTML, like Gecko) Chrome/57.0.2987.132 Mobile Safari/537.36', 0),
(99, 66, 'STU', '2017-04-28 08:29:07', 'ebe3f7b8f1279c802a5b6b40f47e4687', '41.210.145.212', '', 'Mozilla/5.0 (Linux; Android 5.0; Zn1 Build/LRX21T) AppleWebKit/537.36 (KHTML, like Gecko) Version/4.0 Chrome/34.0.0.0 Mobile Safari/537.36', 0),
(100, 60, 'STU', '2017-04-30 21:08:00', 'e17613b477c7c2da39ac182ec955dbd6', '41.210.143.55', '', 'Mozilla/5.0 (Windows NT 6.1; WOW64; rv:53.0) Gecko/20100101 Firefox/53.0', 0),
(101, 68, 'STU', '2017-04-30 21:16:54', 'ee2a5e2bdc1fc8e0002c65aefbf341d1', '41.210.143.55', '', 'Mozilla/5.0 (Windows NT 6.1; WOW64; rv:53.0) Gecko/20100101 Firefox/53.0', 0),
(102, 69, 'STU', '2017-04-30 21:27:56', 'dd46031ccd3f1d99d46ae8bc9fd934f3', '41.210.143.55', '', 'Mozilla/5.0 (Windows NT 6.1; WOW64; rv:53.0) Gecko/20100101 Firefox/53.0', 1),
(103, 60, 'STU', '2017-05-01 18:13:33', 'c41b222b31d5519ca613c8dc4d8e6cb1', '41.210.159.246', '', 'Mozilla/5.0 (Windows NT 6.1; WOW64; rv:53.0) Gecko/20100101 Firefox/53.0', 0),
(104, 60, 'STU', '2017-05-02 14:24:01', '80fa8c5be8c6c8e3b214942a09211c46', '154.73.12.123', '', 'Mozilla/5.0 (Windows NT 6.1) AppleWebKit/537.36 (KHTML, like Gecko) Chrome/57.0.2987.133 Safari/537.36', 0),
(105, 60, 'STU', '2017-05-02 14:28:10', '585628eb785d34674dba62e8bcf1c931', '41.210.143.25', '', 'Mozilla/5.0 (Windows NT 6.1; WOW64; rv:53.0) Gecko/20100101 Firefox/53.0', 0),
(106, 60, 'STU', '2017-05-02 14:52:38', '3cc207ab8a30f8c0a2317f6389db2130', '154.73.12.123', '', 'Mozilla/5.0 (Windows NT 6.1) AppleWebKit/537.36 (KHTML, like Gecko) Chrome/57.0.2987.133 Safari/537.36', 0),
(107, 58, 'STU', '2017-05-02 14:56:18', 'c3525d6d126fe6f9d1f38b670c02c953', '41.210.143.25', '', 'Mozilla/5.0 (Windows NT 6.1; WOW64; rv:53.0) Gecko/20100101 Firefox/53.0', 0),
(108, 68, 'STU', '2017-05-02 17:16:29', 'a6461ccba36a2a9eca90d580efe683a2', '41.210.143.28', '', 'Mozilla/5.0 (Windows NT 6.1; WOW64; rv:53.0) Gecko/20100101 Firefox/53.0', 0),
(109, 63, 'STU', '2017-05-02 17:36:42', '2835c23f88cbbe788badd9d6ba3ef4b8', '41.210.143.28', '', 'Mozilla/5.0 (Windows NT 6.1; WOW64; rv:53.0) Gecko/20100101 Firefox/53.0', 0),
(110, 66, 'STU', '2017-05-02 17:40:47', 'adda9f62439f35375aeef6c6e2b1bc70', '154.73.12.123', '', 'Mozilla/5.0 (Windows NT 6.1) AppleWebKit/537.36 (KHTML, like Gecko) Chrome/57.0.2987.133 Safari/537.36', 0),
(111, 68, 'STU', '2017-05-02 17:43:15', 'e1b1b1de384cc38cd3e8707f2cca1cdd', '41.210.143.28', '', 'Mozilla/5.0 (Windows NT 6.1; WOW64; rv:53.0) Gecko/20100101 Firefox/53.0', 0),
(112, 60, 'STU', '2017-05-02 17:56:26', 'ae98643099bb40c2a030c2917cad0a5c', '154.73.12.67', '', 'Mozilla/5.0 (Windows NT 6.1) AppleWebKit/537.36 (KHTML, like Gecko) Chrome/57.0.2987.133 Safari/537.36', 0),
(113, 76, 'STU', '2017-05-03 09:25:26', '64a931a1fec27aa357c1f210383fc466', '154.73.15.41', '', 'Mozilla/5.0 (Windows NT 6.1) AppleWebKit/537.36 (KHTML, like Gecko) Chrome/57.0.2987.133 Safari/537.36', 0),
(114, 66, 'STU', '2017-05-03 10:41:41', '1212f5152d4f76e163dde0575ae5582d', '154.73.15.41', '', 'Mozilla/5.0 (Windows NT 6.1) AppleWebKit/537.36 (KHTML, like Gecko) Chrome/57.0.2987.133 Safari/537.36', 0),
(115, 64, 'STU', '2017-05-03 13:01:52', '3dc5cf3255c0ef433b2c614f70e6a0bc', '41.210.129.115', '', 'Mozilla/5.0 (Windows NT 6.1; WOW64; rv:53.0) Gecko/20100101 Firefox/53.0', 0),
(116, 68, 'STU', '2017-05-03 13:10:20', 'd7187942f170ef520ce34fa73b7b96e1', '41.210.129.115', '', 'Mozilla/5.0 (Windows NT 6.1; rv:53.0) Gecko/20100101 Firefox/53.0', 0),
(117, 63, 'STU', '2017-05-03 15:02:53', '72592621ecb135b9075ec3de43338225', '41.210.129.115', '', 'Mozilla/5.0 (Windows NT 6.1; rv:53.0) Gecko/20100101 Firefox/53.0', 0),
(118, 68, 'STU', '2017-05-03 15:04:36', '580a896cf19cf29e47aa046a5e9a125e', '41.210.129.115', '', 'Mozilla/5.0 (Windows NT 6.2; Win64; x64) AppleWebKit/537.36 (KHTML, like Gecko) Chrome/57.0.2987.133 Safari/537.36', 0),
(119, 61, 'STU', '2017-05-03 15:15:40', 'e3b5e8e7332e634148cbe209666b56ab', '41.210.129.115', '', 'Mozilla/5.0 (Windows NT 6.1; rv:53.0) Gecko/20100101 Firefox/53.0', 0),
(120, 67, 'STU', '2017-05-03 15:24:11', '1f6cd55c0c9289f543d161759f14f54d', '41.210.129.115', '', 'Mozilla/5.0 (Windows NT 6.1; WOW64; rv:53.0) Gecko/20100101 Firefox/53.0', 1),
(121, 66, 'STU', '2017-05-03 15:31:33', 'f6e7511abb3b0071e2b42428d0f3dfa4', '41.210.129.115', '', 'Mozilla/5.0 (Windows NT 6.1; rv:53.0) Gecko/20100101 Firefox/53.0', 0),
(122, 66, 'STU', '2017-05-03 15:34:30', '2c7a82e5b196c0b3f7c103287bf669ec', '41.210.129.115', '', 'Mozilla/5.0 (Windows NT 6.1; rv:53.0) Gecko/20100101 Firefox/53.0', 0),
(123, 61, 'STU', '2017-05-03 15:45:22', 'a99c71c414a5778c064ff4bb83f4e681', '41.210.129.115', '', 'Mozilla/5.0 (Windows NT 6.1; rv:53.0) Gecko/20100101 Firefox/53.0', 1),
(124, 68, 'STU', '2017-05-03 15:58:24', '5dae13c771191dca3055cf13c98649e3', '41.210.129.115', '', 'Mozilla/5.0 (Windows NT 6.2; Win64; x64) AppleWebKit/537.36 (KHTML, like Gecko) Chrome/57.0.2987.133 Safari/537.36', 0),
(125, 64, 'STU', '2017-05-03 16:04:23', 'a5e10aca0f82c9a53f21778268d8d92e', '41.210.129.115', '', 'Mozilla/5.0 (Windows NT 6.1; WOW64; rv:53.0) Gecko/20100101 Firefox/53.0', 0),
(126, 66, 'STU', '2017-05-03 16:40:14', '52ea457d7a45ebd45dbc2b315066798e', '41.210.129.115', '', 'Mozilla/5.0 (Windows NT 6.1; rv:53.0) Gecko/20100101 Firefox/53.0', 0),
(127, 68, 'STU', '2017-05-03 17:02:13', 'c2bb271b5833efd7d98707126bd5d298', '41.210.129.115', '', 'Mozilla/5.0 (Windows NT 6.1; WOW64; rv:53.0) Gecko/20100101 Firefox/53.0', 1),
(128, 14, 'STU', '2017-05-03 17:05:05', 'f5964c3c6a1aaaab4ea0e7fadc3e51f7', '41.217.233.25', '', 'Mozilla/5.0 (Windows NT 6.1) AppleWebKit/537.36 (KHTML, like Gecko) Chrome/58.0.3029.81 Safari/537.36', 1),
(129, 64, 'STU', '2017-05-04 13:33:43', 'd2e18c13eab40e668a7d6061d1284b0e', '41.210.159.114', '', 'Mozilla/5.0 (Windows NT 6.1; rv:53.0) Gecko/20100101 Firefox/53.0', 1),
(130, 77, 'STU', '2017-05-05 13:07:46', '27255b1fe501c3f8e6524eba1cfb1b8f', '41.202.241.4', '', 'Mozilla/5.0 (Windows NT 6.3; WOW64) AppleWebKit/537.36 (KHTML, like Gecko) Chrome/58.0.3029.96 Safari/537.36', 0),
(131, 77, 'STU', '2017-05-05 14:18:06', '866ed55e0c20f552b1e50e53b9baeca7', '154.73.12.100', '', 'Mozilla/5.0 (Windows NT 6.1) AppleWebKit/537.36 (KHTML, like Gecko) Chrome/58.0.3029.96 Safari/537.36', 0),
(132, 77, 'STU', '2017-05-05 14:37:19', '401f11aafe55d7c55ebf8c682947cbf7', '197.157.0.36', '', 'Mozilla/5.0 (Windows NT 6.3; WOW64; rv:52.0) Gecko/20100101 Firefox/52.0', 0),
(133, 77, 'STU', '2017-05-05 14:44:01', '31285d2ca88e09ab752186b82cf909d5', '197.157.0.36', '', 'Mozilla/5.0 (Windows NT 6.3; WOW64) AppleWebKit/537.36 (KHTML, like Gecko) Chrome/58.0.3029.96 Safari/537.36', 0),
(134, 77, 'STU', '2017-05-05 15:02:20', 'd1bb191fb927fb2e0858cb5be170cde1', '197.157.0.36', '', 'Mozilla/5.0 (Windows NT 6.3; WOW64) AppleWebKit/537.36 (KHTML, like Gecko) Chrome/58.0.3029.96 Safari/537.36', 0),
(135, 28, 'STU', '2017-05-05 15:27:14', 'a788951e5f045ca5c14d208daa451b4e', '41.217.233.25', '', 'Mozilla/5.0 (Windows NT 6.1; WOW64) AppleWebKit/537.36 (KHTML, like Gecko) Chrome/57.0.2987.98 Safari/537.36 OPR/44.0.2510.857 (Edition Campaign 34)', 0),
(136, 77, 'STU', '2017-05-06 16:30:57', '30f8c640e3d9b0952c6c8d0506d62ae1', '154.73.12.80', '', 'Mozilla/5.0 (Windows NT 6.1) AppleWebKit/537.36 (KHTML, like Gecko) Chrome/57.0.2987.133 Safari/537.36', 0),
(137, 77, 'STU', '2017-05-06 16:38:31', '1ce72074a5dff7dc6bad80e02730447d', '154.73.12.80', '', 'Mozilla/5.0 (Windows NT 6.1) AppleWebKit/537.36 (KHTML, like Gecko) Chrome/57.0.2987.133 Safari/537.36', 0),
(138, 77, 'STU', '2017-05-08 14:53:54', 'f103573896e70d2b43c9ecda7d743f12', '154.73.12.91', '', 'Mozilla/5.0 (Windows NT 6.1) AppleWebKit/537.36 (KHTML, like Gecko) Chrome/57.0.2987.133 Safari/537.36', 0),
(139, 77, 'STU', '2017-05-08 17:22:46', '841bca4f04a3444a9b1ed17b95e088b8', '154.73.15.53', '', 'Mozilla/5.0 (Windows NT 6.1) AppleWebKit/537.36 (KHTML, like Gecko) Chrome/58.0.3029.96 Safari/537.36', 0),
(140, 77, 'STU', '2017-05-08 18:23:18', '4a012748e583329380224cdacb0ae177', '154.73.15.53', '', 'Mozilla/5.0 (Windows NT 6.1) AppleWebKit/537.36 (KHTML, like Gecko) Chrome/58.0.3029.96 Safari/537.36', 0),
(141, 77, 'STU', '2017-05-08 18:25:55', 'e83c23df97d5e3ef4b81553d29b8c0ef', '154.73.15.53', '', 'Mozilla/5.0 (Windows NT 6.1) AppleWebKit/537.36 (KHTML, like Gecko) Chrome/58.0.3029.96 Safari/537.36', 0),
(142, 77, 'STU', '2017-05-08 18:27:38', '8b708e0da36eb1dd447edaaa1dfe7de2', '154.73.15.53', '', 'Mozilla/5.0 (Windows NT 6.1) AppleWebKit/537.36 (KHTML, like Gecko) Chrome/58.0.3029.96 Safari/537.36', 1),
(143, 72, 'STU', '2017-05-08 20:21:58', 'b92fa841d0ccfb872c8bfe77f35b005a', '160.242.132.9', '', 'Mozilla/5.0 (Linux; Android 4.4.2; K72 Build/KVT49L) AppleWebKit/537.36 (KHTML, like Gecko) Version/4.0 Chrome/30.0.0.0 Safari/537.36', 0),
(144, 72, 'STU', '2017-05-08 20:30:41', 'b279ae060464582cb84c7c860bab6d5b', '160.242.132.9', '', 'Mozilla/5.0 (Linux; Android 4.4.2; K72 Build/KVT49L) AppleWebKit/537.36 (KHTML, like Gecko) Version/4.0 Chrome/30.0.0.0 Safari/537.36', 0),
(145, 72, 'STU', '2017-05-09 15:05:38', '99a9a5a8ebc58885b38208f5a6aebcb0', '197.157.17.78', '', 'Mozilla/5.0 (Windows NT 6.1; Trident/7.0; rv:11.0) like Gecko', 1),
(146, 58, 'STU', '2017-05-11 14:39:15', '263774a1bbdb3f62cc7809293612a03e', '197.157.0.63', '', 'Mozilla/5.0 (Windows NT 6.3; WOW64) AppleWebKit/537.36 (KHTML, like Gecko) Chrome/58.0.3029.96 Safari/537.36', 0),
(147, 66, 'STU', '2017-05-11 14:40:51', 'bdcec614bc3d61a706669aec951db8e7', '197.157.0.63', '', 'Mozilla/5.0 (Windows NT 6.3; WOW64) AppleWebKit/537.36 (KHTML, like Gecko) Chrome/58.0.3029.96 Safari/537.36', 1),
(148, 28, 'STU', '2020-07-06 11:00:11', 'k7t7jvh413g8qcgtc64pgma0pr', '::1', '', 'Mozilla/5.0 (Windows NT 10.0; Win64; x64) AppleWebKit/537.36 (KHTML, like Gecko) Chrome/83.0.4103.116 Safari/537.36', 1);

-- --------------------------------------------------------

--
-- Table structure for table `paypal_payments`
--

CREATE TABLE `paypal_payments` (
  `paypal_ref` int(11) NOT NULL,
  `sponsor_id` int(11) NOT NULL,
  `amount` int(11) NOT NULL,
  `payment_id` varchar(200) DEFAULT NULL,
  `payer_id` varchar(200) DEFAULT NULL,
  `subscription_count` int(11) NOT NULL,
  `date_paid` datetime NOT NULL,
  `status` tinyint(4) NOT NULL
) ENGINE=InnoDB DEFAULT CHARSET=latin1;

-- --------------------------------------------------------

--
-- Table structure for table `qn_resources`
--

CREATE TABLE `qn_resources` (
  `qn_res` int(11) NOT NULL,
  `qn` int(11) NOT NULL,
  `res` int(11) NOT NULL,
  `display_txt` varchar(100) NOT NULL,
  `status` tinyint(4) NOT NULL DEFAULT 1
) ENGINE=InnoDB DEFAULT CHARSET=latin1;

-- --------------------------------------------------------

--
-- Table structure for table `questions`
--

CREATE TABLE `questions` (
  `qn_id` int(11) NOT NULL,
  `question` text NOT NULL,
  `instruction_grp` int(11) NOT NULL,
  `status` tinyint(4) NOT NULL DEFAULT 1
) ENGINE=InnoDB DEFAULT CHARSET=latin1;

--
-- Dumping data for table `questions`
--

INSERT INTO `questions` (`qn_id`, `question`, `instruction_grp`, `status`) VALUES
(3, 'Choose the correct spelling of the word.', 17, 1),
(4, '1. Where do we get beans?', 18, 1),
(5, 'Choose four correct plural forms.', 19, 1),
(6, 'Give the synonym for  these the word close', 19, 1);

-- --------------------------------------------------------

--
-- Table structure for table `quizes`
--

CREATE TABLE `quizes` (
  `quiz_id` int(11) NOT NULL,
  `quiz_name` varchar(100) NOT NULL,
  `lesson` int(11) NOT NULL,
  `date_created` date NOT NULL,
  `status` tinyint(4) NOT NULL DEFAULT 1
) ENGINE=InnoDB DEFAULT CHARSET=latin1;

--
-- Dumping data for table `quizes`
--

INSERT INTO `quizes` (`quiz_id`, `quiz_name`, `lesson`, `date_created`, `status`) VALUES
(6, 'Test Activity', 2, '2016-10-01', 0),
(7, 'lesson 1', 9, '2016-10-02', 1),
(8, 'lesson 1', 9, '2016-10-02', 1),
(9, 'lesson 1', 9, '2016-10-02', 1),
(10, 'Test Activity', 1, '2016-10-02', 0),
(11, 'Another Test', 2, '2016-10-02', 0),
(12, 'test 3', 9, '2016-10-02', 0),
(13, 'last one', 3, '2016-10-02', 0),
(14, 'Second Last', 4, '2016-10-02', 0),
(15, 'Activity One', 2, '2016-10-02', 1),
(16, 'lesson 1', 3, '2016-10-03', 1),
(17, 'Lesson 1', 10, '2016-10-03', 1),
(18, 'sample', 10, '2016-10-04', 0),
(19, 'lesson 4', 9, '2016-10-06', 1),
(20, 'Activity 1', 11, '2016-10-08', 1),
(21, 'Activity One', 12, '2016-10-09', 1),
(22, 'lesson 1', 21, '2016-10-11', 1),
(23, 'Activity 30', 39, '2016-10-12', 1),
(24, 'Activity 1', 63, '2016-10-12', 1),
(25, 'Lesson 30', 91, '2016-10-16', 1),
(26, 'Vocabulary', 107, '2016-10-20', 1),
(27, 'Quiz 1', 139, '2016-10-30', 1),
(28, 'Quiz 1', 128, '2016-10-30', 1),
(29, 'Quiz 1', 128, '2016-10-30', 1),
(30, 'which bigger  or lesser', 229, '2017-01-18', 1);

-- --------------------------------------------------------

--
-- Table structure for table `resources`
--

CREATE TABLE `resources` (
  `resource_id` int(11) NOT NULL,
  `resource_type` varchar(10) NOT NULL,
  `resource_name` varchar(50) NOT NULL,
  `url` varchar(100) NOT NULL,
  `date_added` date NOT NULL,
  `status` tinyint(4) NOT NULL DEFAULT 1
) ENGINE=InnoDB DEFAULT CHARSET=latin1;

--
-- Dumping data for table `resources`
--

INSERT INTO `resources` (`resource_id`, `resource_type`, `resource_name`, `url`, `date_added`, `status`) VALUES
(1, 'image', 'drawing', '../resources/uploads/images/GkfuAY0ZvLpYipk.jpg', '2016-09-16', 1),
(2, 'image', 'place value', '../resources/uploads/images/5IPKjdL2y18nwY8.png', '2016-09-17', 1),
(3, 'image', 'curious', '../resources/uploads/images/05F6mxc4oqv1USa.jpg', '2016-09-17', 1),
(4, 'image', 'parts of the body', '../resources/uploads/images/evbBgJYhYtnoAuL.jpg', '2016-09-24', 0),
(5, 'image', 'Parts of the body', '../resources/uploads/images/UFdF3s0YETL24GV.jpg', '2016-09-24', 1),
(6, 'image', 'sense organs', '../resources/uploads/images/IctapSc5Q2IIxwY.png', '2016-09-24', 1),
(7, 'image', 'brushing', '../resources/uploads/images/5EbcFFHSEwGNOIX.gif', '2016-09-24', 1),
(8, 'image', 'personal hygiene', '../resources/uploads/images/ZG3Cj97QGK3gaLI.gif', '2016-09-24', 1),
(9, 'image', 'curious Monkey', '../resources/uploads/images/fWRYzuGYJY3Hcur.jpg', '2016-09-24', 1),
(11, 'image', 'environment', '../resources/uploads/images/88czxmXkmMlJWq1.jpg', '2016-10-03', 1),
(12, 'image', 'school', '../resources/uploads/images/Kt1sptoMiGXhC3Q.jpg', '2016-10-08', 1),
(13, 'image', 'class1', '../resources/uploads/images/VPGsc8LXnbBUSaG.jpg', '2016-10-08', 1),
(14, 'image', 'class2', '../resources/uploads/images/DHhZAw3KzMdsIVF.jpg', '2016-10-08', 1),
(15, 'image', 'class3', '../resources/uploads/images/SKw92JrQN8D5Gy7.png', '2016-10-08', 1),
(16, 'image', 'school3', '../resources/uploads/images/2XLhEe8AFAcPFyX.gif', '2016-10-08', 1),
(17, 'image', 'way', '../resources/uploads/images/Pl6xZZEjLbgC44h.jpg', '2016-10-08', 1),
(18, 'image', 'car', '../resources/uploads/images/pFZIkHnb1p7wgYu.jpg', '2016-10-08', 1),
(19, 'image', 'dangers', '../resources/uploads/images/SZ1Dl5KM7qPbk1O.jpg', '2016-10-08', 1),
(20, 'image', 'things in class', '../resources/uploads/images/kR9DyamhsRkTuWb.jpg', '2016-10-08', 1),
(21, 'image', 'things 2', '../resources/uploads/images/Q9utHC5TKqfSJMA.jpg', '2016-10-08', 1),
(22, 'image', 'things 3', '../resources/uploads/images/TPJRRoSYYKU8tSq.jpg', '2016-10-08', 1),
(23, 'image', 'chair', '../resources/uploads/images/HPkmhDkhCL5krlt.jpg', '2016-10-08', 1),
(24, 'image', 'broom', '../resources/uploads/images/QPEjtMGmOGyDjvN.jpg', '2016-10-08', 1),
(25, 'image', 'chalk', '../resources/uploads/images/cO6COlm07QvalCb.png', '2016-10-08', 1),
(26, 'image', 'teacher', '../resources/uploads/images/b4HgMFTDXCW9LXo.png', '2016-10-08', 1),
(27, 'image', 'nurse', '../resources/uploads/images/Ngvr5UQ3ORyB6Ks.jpg', '2016-10-08', 1),
(28, 'image', 'cook', '../resources/uploads/images/ffSuwYIIuJY2wzb.png', '2016-10-08', 1),
(29, 'image', 'guard', '../resources/uploads/images/ubej7wTgVWZsTM8.png', '2016-10-08', 1),
(30, 'image', 'office', '../resources/uploads/images/EM0Q6EgCcdcH8s3.jpg', '2016-10-09', 1),
(31, 'image', 'kitchen', '../resources/uploads/images/vRt4CEgGawqncfX.jpg', '2016-10-09', 1),
(32, 'image', 'chalk', '../resources/uploads/images/bZTh1RfQn7Gm3dh.jpg', '2016-10-09', 1),
(33, 'image', 'dustbins', '../resources/uploads/images/25Wuy8vvDptw1mO.png', '2016-10-09', 1),
(34, 'image', 'food', '../resources/uploads/images/CM3nTr5F38elMbM.png', '2016-10-09', 1),
(35, 'image', 'pencil', '../resources/uploads/images/nemJchyChts0FmE.jpg', '2016-10-09', 1),
(36, 'image', 'library', '../resources/uploads/images/jMr4CKWEORyKt2u.png', '2016-10-09', 1),
(37, 'image', 'uniform', '../resources/uploads/images/8uJRtNshj2xqzKj.jpg', '2016-10-09', 1),
(38, 'image', 'flag', '../resources/uploads/images/4f0QM4TEtGKstBx.jpg', '2016-10-09', 1),
(39, 'image', 'teacher', '../resources/uploads/images/07RBBlwoxgeyiF3.jpg', '2016-10-09', 1),
(40, 'image', 'rules1', '../resources/uploads/images/GvgymYKK09xov58.jpg', '2016-10-09', 1),
(41, 'image', 'rule2', '../resources/uploads/images/Ym1drxKs14MDU2a.jpg', '2016-10-09', 1),
(42, 'image', 'fgt', '../resources/uploads/images/6aGtQARWMwCDodJ.jpg', '2016-10-09', 1),
(43, 'image', 'dance', '../resources/uploads/images/TdYPuZbhSmybWnI.jpg', '2016-10-09', 1),
(44, 'image', 'read', '../resources/uploads/images/Crds4N5r4Bw0oj5.jpg', '2016-10-09', 1),
(45, 'image', 'sing', '../resources/uploads/images/DFucgh4Dz00QMSz.jpg', '2016-10-09', 1),
(46, 'image', 'dance2', '../resources/uploads/images/cBwyNsZ4yXxZfov.png', '2016-10-09', 1),
(47, 'image', 'sweep', '../resources/uploads/images/vSJdT6GsurwuCkh.jpg', '2016-10-09', 1),
(48, 'image', 'flower', '../resources/uploads/images/GhSJ0V3nlIlG0Ny.jpg', '2016-10-09', 1),
(49, 'image', 'sweep1', '../resources/uploads/images/R3fNISRh6rHvkRG.jpg', '2016-10-09', 1),
(50, 'image', 'hoe1', '../resources/uploads/images/KXZa1GcM2QbiTbD.png', '2016-10-09', 1),
(51, 'image', 'axe', '../resources/uploads/images/HRQloigbqy8pNcL.jpg', '2016-10-09', 1),
(52, 'image', 'soap', '../resources/uploads/images/Aw5GN4DS0hdI5cn.png', '2016-10-10', 1),
(53, 'image', 'soap0', '../resources/uploads/images/5PwHHsKYERN4mKM.jpg', '2016-10-10', 1),
(54, 'image', 'home', '../resources/uploads/images/LM32reaQ6mthGFY.jpg', '2016-10-10', 1),
(55, 'image', 'home 2', '../resources/uploads/images/CgZGfOUDORyCEiu.jpg', '2016-10-10', 1),
(56, 'image', 'toilet', '../resources/uploads/images/uvgGStQYZqf8Cgn.png', '2016-10-10', 1),
(57, 'image', 'anl', '../resources/uploads/images/KGPQdp09018w9fE.jpg', '2016-10-10', 1),
(58, 'image', 'nuclr', '../resources/uploads/images/6Jwz4ChVsw4Y1Bc.jpg', '2016-10-10', 1),
(59, 'image', 'nucl3', '../resources/uploads/images/MilaZScj5qN4ylc.jpg', '2016-10-10', 1),
(60, 'image', 'extended', '../resources/uploads/images/uurOrlIKbCyq68c.jpg', '2016-10-10', 1),
(61, 'image', 'bin', '../resources/uploads/images/6ALmRfPjBDPzwW1.jpg', '2016-10-10', 1),
(62, 'image', 'rack', '../resources/uploads/images/8uBezfwtAPxRQAQ.jpg', '2016-10-10', 1),
(63, 'image', 'animal7', '../resources/uploads/images/h2J6tsbNf7GlHb0.jpg', '2016-10-10', 1),
(64, 'image', 'animal6', '../resources/uploads/images/Yp2TmOLhSbqmNPl.jpg', '2016-10-10', 1),
(65, 'image', 'plnt', '../resources/uploads/images/dFlbJXKFGXFgO5W.jpg', '2016-10-10', 1),
(66, 'image', 'relatives', '../resources/uploads/images/748V3YrxlNoT3ix.jpg', '2016-10-10', 1),
(67, 'image', 'mom', '../resources/uploads/images/dTdEALPgd92Oojb.jpg', '2016-10-10', 1),
(68, 'image', 'dad', '../resources/uploads/images/QALAnY90xPxHnw8.jpg', '2016-10-10', 1),
(69, 'image', 'children', '../resources/uploads/images/gU7krlisv6VoWDb.png', '2016-10-10', 1),
(70, 'image', 'cloth', '../resources/uploads/images/rswxICcU6oVEBNu.png', '2016-10-10', 1),
(71, 'image', 'clothse', '../resources/uploads/images/zWjM7mhp4t6KvYM.png', '2016-10-10', 1),
(72, 'image', 'swter', '../resources/uploads/images/uH4Sw4pul1GgItU.png', '2016-10-10', 1),
(73, 'image', 'parts of speech', '../resources/uploads/images/5wr0AWcJQ5I5bAB.jpg', '2016-10-12', 1),
(74, 'image', 'chef in kitchen', '../resources/uploads/images/wRezFxgQnc5T7Vb.jpg', '2016-10-12', 1),
(75, 'image', 'visit to the farm', '../resources/uploads/images/jdmVWQ2FrWxd4lh.jpg', '2016-10-12', 1),
(76, 'image', 'greeting', '../resources/uploads/images/WTgRwhDMZ9gqvan.jpg', '2016-10-12', 1),
(77, 'image', 'chef', '../resources/uploads/images/LfFJj0DySDxmF4Y.jpg', '2016-10-12', 1),
(78, 'image', 'sweep 2', '../resources/uploads/images/g2E0Uvg9rONHYcp.jpg', '2016-10-12', 1),
(79, 'image', 'dancer', '../resources/uploads/images/qsbxCBtTZ8u6PGl.jpg', '2016-10-12', 1),
(80, 'image', 'fetching water', '../resources/uploads/images/qFP4dLB4dlxqfQF.jpg', '2016-10-12', 1),
(81, 'image', 'cooking', '../resources/uploads/images/GBI9UmxptOtij0C.jpg', '2016-10-12', 1),
(82, 'image', 'man sitting', '../resources/uploads/images/VZUopmSFUmZ0wUH.png', '2016-10-12', 1),
(83, 'image', 'sister cooking', '../resources/uploads/images/mP6dbm6HLR2PS9D.jpg', '2016-10-12', 1),
(84, 'image', 'on the farm', '../resources/uploads/images/osOaBbC8dgYq56w.jpg', '2016-10-12', 1),
(85, 'image', 'Rafiki, the monkey', '../resources/uploads/images/EmY0XrSw7fsTayA.jpg', '2016-10-12', 1),
(86, 'image', 'family', '../resources/uploads/images/xeddO6w3zSRinR9.jpg', '2016-10-12', 1),
(87, 'image', 'safari the car', '../resources/uploads/images/6PKVfaSdjO9Texs.jpg', '2016-10-12', 1),
(88, 'image', 'table', '../resources/uploads/images/bYraigFLRsdRtdQ.jpg', '2016-10-12', 1),
(89, 'image', 'chair', '../resources/uploads/images/NkcwdpGvszJoQOY.jpg', '2016-10-12', 1),
(90, 'image', 'Taj and Lucy playing', '../resources/uploads/images/Qya3eubRcGP5P3K.jpg', '2016-10-12', 1),
(91, 'image', 'stationery', '../resources/uploads/images/o7l9v57B0ndvRVw.jpg', '2016-10-12', 1),
(92, 'image', 'ball', '../resources/uploads/images/76zHMUMP27UmMv0.png', '2016-10-12', 1),
(93, 'image', 'book', '../resources/uploads/images/IG2R6MZuDVsIdci.png', '2016-10-12', 1),
(94, 'image', 'lucy dance', '../resources/uploads/images/sYPE6zWauZyDWN8.jpg', '2016-10-15', 1),
(95, 'image', 'mr&amp;mrs baba cooking', '../resources/uploads/images/sbvrpK7nUaZGFUr.jpg', '2016-10-15', 1),
(96, 'image', 'chef', '../resources/uploads/images/UdnEND0hWVgWDfp.jpg', '2016-10-15', 1),
(97, 'image', 'farmvist', '../resources/uploads/images/5t8aI1bzVIMBQPs.jpg', '2016-10-15', 1),
(98, 'image', 'rafikiradio', '../resources/uploads/images/L1B0TtksolDS4yu.jpg', '2016-10-15', 1),
(99, 'image', 'safari', '../resources/uploads/images/AI9Dyg4wNNRU3AM.jpg', '2016-10-15', 1),
(100, 'image', 'cleaning', '../resources/uploads/images/mh0mAVlpf1d19ig.jpg', '2016-10-16', 1),
(101, 'image', 'nurse1', '../resources/uploads/images/wDKLbC42bPCzA2l.jpg', '2016-10-16', 1),
(102, 'image', 'fight new', '../resources/uploads/images/DExlPlZ7BYXmE3Y.jpg', '2016-10-16', 1),
(103, 'image', 'fight three', '../resources/uploads/images/1QyutDn39DDugPF.png', '2016-10-16', 1),
(104, 'image', 'school rules2', '../resources/uploads/images/0c2HBBNPC3j4TSJ.jpg', '2016-10-16', 1),
(105, 'image', 'flower in pot', '../resources/uploads/images/SyN9cTsUZNQ6Zh7.png', '2016-10-16', 1),
(106, 'image', 'sink', '../resources/uploads/images/NG00Sqfv59HhiHo.jpg', '2016-10-16', 1),
(107, 'image', 'blender', '../resources/uploads/images/1ayOEFPGOnPuIYK.png', '2016-10-16', 1),
(108, 'image', 'vessel', '../resources/uploads/images/mv8mGFBBgfqKoZE.png', '2016-10-16', 1),
(109, 'image', 'taj playing', '../resources/uploads/images/obPcgWZzNbwSRmw.jpg', '2016-10-16', 1),
(110, 'image', 'bird', '../resources/uploads/images/wytld3Yrh876c5W.jpg', '2016-10-16', 1),
(111, 'image', 'spoon', '../resources/uploads/images/6Y6iZvmDlnFjIYH.jpg', '2016-10-16', 1),
(112, 'image', 'tree', '../resources/uploads/images/bpjq5PSBb9JYjLs.jpg', '2016-10-16', 1),
(113, 'image', 'pencil in tin', '../resources/uploads/images/6WVNvXf4ne55LbC.jpg', '2016-10-16', 1),
(114, 'image', 'Tent', '../resources/uploads/images/R0lMTqKMEdnNPxy.png', '2016-10-16', 1),
(115, 'image', 'tent 2', '../resources/uploads/images/wNdaS5BvPKpkwOo.jpg', '2016-10-16', 1),
(116, 'image', 'permanent 1', '../resources/uploads/images/44pB6rI6SfGdwua.jpg', '2016-10-16', 1),
(117, 'image', 'permanent 2', '../resources/uploads/images/alb1tPt6j4omEul.jpg', '2016-10-16', 1),
(118, 'image', 'fire', '../resources/uploads/images/l67JEO3SJpk70PN.jpg', '2016-10-16', 1),
(119, 'image', 'rainy', '../resources/uploads/images/NMizMWmk0AZO2zE.jpg', '2016-10-16', 1),
(120, 'image', 'hut', '../resources/uploads/images/PfVsnnm45RhF6LE.jpg', '2016-10-16', 1),
(121, 'image', 'timba1', '../resources/uploads/images/h74t25nIN7I33EY.jpg', '2016-10-16', 1),
(122, 'image', 'dung', '../resources/uploads/images/cTQonAJK2LO3fAN.jpg', '2016-10-16', 1),
(123, 'image', 'builld', '../resources/uploads/images/kU0xTYkDqiDJJa8.jpg', '2016-10-16', 1),
(124, 'image', 'timber 1', '../resources/uploads/images/q5G9eyWlE5ZkjUn.jpg', '2016-10-16', 1),
(125, 'image', 'SUNNY', '../resources/uploads/images/l7QLd0J7hYDTHC0.jpg', '2016-10-19', 1),
(126, 'image', 'cloudy day', '../resources/uploads/images/a9ABiVBXwOoZzkc.jpg', '2016-10-19', 1),
(127, 'image', 'knife', '../resources/uploads/images/Gnb8H5ySlppwkin.jpg', '2016-10-19', 1),
(128, 'image', 'spade', '../resources/uploads/images/9t6ivchiLXDpI8A.jpg', '2016-10-19', 1),
(129, 'image', 'hoe', '../resources/uploads/images/3X5WQlKxDpnm4T9.jpg', '2016-10-19', 1),
(130, 'image', 'rake', '../resources/uploads/images/8p11QfWaXbCJYIc.jpg', '2016-10-19', 1),
(131, 'image', 'axe', '../resources/uploads/images/3GzbkHLKsiWRr12.jpg', '2016-10-19', 1),
(132, 'image', 'Digging', '../resources/uploads/images/SU2Dxf1BmP6LiJW.jpg', '2016-10-19', 1),
(133, 'image', 'bean seed', '../resources/uploads/images/pNjC3XXTFtSB9Pw.jpg', '2016-10-19', 1),
(134, 'image', 'beans', '../resources/uploads/images/XfT70wsREswmYk1.jpg', '2016-10-19', 1),
(135, 'image', 'weeding', '../resources/uploads/images/3UA9gypd8OhnQbU.gif', '2016-10-19', 1),
(136, 'image', 'people digging', '../resources/uploads/images/FFkiNRkQjKKEYZq.jpg', '2016-10-19', 1),
(137, 'image', 'jacket', '../resources/uploads/images/fD5bTvxxLFgyqNw.jpg', '2016-10-19', 1),
(138, 'image', 'gumboots', '../resources/uploads/images/DXHg3w5seaxvcgM.jpg', '2016-10-19', 1),
(139, 'image', 'hat', '../resources/uploads/images/y4J1yYo2jgARD4L.png', '2016-10-19', 1),
(140, 'image', 'shirt', '../resources/uploads/images/cADMpZDU8iTQiOf.png', '2016-10-19', 1),
(141, 'image', 'nail', '../resources/uploads/images/3ADuRZn8nTfEKbB.jpg', '2016-10-19', 1),
(142, 'image', 'razorblade', '../resources/uploads/images/46TJDkMPwM066o4.jpg', '2016-10-19', 1),
(143, 'image', 'fall', '../resources/uploads/images/PdDhdXgRpyuwgQz.jpg', '2016-10-19', 1),
(144, 'image', 'bananas', '../resources/uploads/images/EnrL3CZ28BxBBpS.jpg', '2016-10-19', 1),
(145, 'image', 'eggs', '../resources/uploads/images/Oz5wEMLHCuVJFbJ.jpg', '2016-10-19', 1),
(146, 'image', 'fish', '../resources/uploads/images/BvjZVI1D1cUC8NO.jpg', '2016-10-19', 1),
(147, 'image', 'hens', '../resources/uploads/images/iQisUrfDPAwnPDS.jpg', '2016-10-19', 1),
(148, 'image', 'meat', '../resources/uploads/images/Ssk8AjeiYbvYfxX.jpg', '2016-10-19', 1),
(149, 'image', 'market', '../resources/uploads/images/IWaqPjLjliUEsrM.jpg', '2016-10-19', 1),
(150, 'image', 'goat', '../resources/uploads/images/wWNHbpD0mj6hTKr.png', '2016-10-19', 1),
(151, 'image', 'pig', '../resources/uploads/images/yovOHXTuehqNz7p.jpg', '2016-10-19', 1),
(152, 'image', 'cow', '../resources/uploads/images/HS57ZTlGA03Xk4g.jpg', '2016-10-19', 1),
(153, 'image', 'sheep', '../resources/uploads/images/FRIFGUCw680zbRA.jpg', '2016-10-20', 1),
(154, 'image', 'cat', '../resources/uploads/images/NcGGcFDXI03XJ44.jpg', '2016-10-20', 1),
(155, 'image', 'fly over', '../resources/uploads/images/Jz8kf3vRt9lgEnR.jpg', '2016-10-20', 1),
(156, 'image', 'Plural', '../resources/uploads/images/pWk5Ga89VQWV9XY.jpg', '2016-10-20', 1),
(157, 'image', 'pronoun', '../resources/uploads/images/K20z6J9UYWia1m6.jpg', '2016-10-20', 1),
(158, 'image', 'present simple', '../resources/uploads/images/QhRF6vQjgBKZIfk.jpg', '2016-10-20', 1),
(159, 'image', 'present simple', '../resources/uploads/images/2PcaXOLq6B5mXQY.jpg', '2016-10-20', 1),
(160, 'image', 'y  to i', '../resources/uploads/images/RmocI1Mg2Jf4Qjx.jpg', '2016-10-20', 1),
(161, 'image', 'present simple', '../resources/uploads/images/KRMlKk6C6PJ7hP6.jpg', '2016-10-20', 1),
(162, 'image', 'Transport', '../resources/uploads/images/ESQ87bgUTA7VsNk.jpg', '2016-10-23', 1),
(163, 'image', 'train', '../resources/uploads/images/UxIFF6ia6glkMI9.gif', '2016-10-23', 1),
(164, 'image', 'car', '../resources/uploads/images/fcjnIIF2fBWSudR.jpg', '2016-10-23', 1),
(165, 'image', 'aeroplane', '../resources/uploads/images/QwAOUU0X8e8a3oN.jpg', '2016-10-23', 1),
(166, 'image', 'ship', '../resources/uploads/images/DwyvmmJhrh1oSDu.jpg', '2016-10-23', 1),
(167, 'image', 'motorcycle', '../resources/uploads/images/7dxsZTBgJIIEoKN.jpg', '2016-10-23', 1),
(168, 'image', 'bicycle', '../resources/uploads/images/gUMnUGCf8QNIBuf.gif', '2016-10-23', 1),
(169, 'image', 'bus', '../resources/uploads/images/ByltxuPz8C0wPUJ.png', '2016-10-23', 1),
(170, 'image', 'boat', '../resources/uploads/images/LxwRiawg5Ty7OdT.png', '2016-10-23', 1),
(171, 'image', 'pot', '../resources/uploads/images/a8uD0RASv21GF4l.jpg', '2016-10-23', 1),
(172, 'image', 'pot2', '../resources/uploads/images/ms8ua73aLkuR69Z.jpg', '2016-10-23', 1),
(173, 'image', 'table', '../resources/uploads/images/AQLQGQcRycBaDqq.jpg', '2016-10-23', 1),
(174, 'image', 'stool', '../resources/uploads/images/PgXpXn2qk1TwpwN.jpg', '2016-10-23', 1),
(175, 'image', 'ball', '../resources/uploads/images/ltOVUDdjzwMIG0L.jpg', '2016-10-23', 1),
(176, 'image', 'chair', '../resources/uploads/images/geuHjU8coWzssSd.jpg', '2016-10-23', 1),
(177, 'image', 'banana fiber', '../resources/uploads/images/z0DnelFsmVzj86U.jpg', '2016-10-23', 1),
(178, 'image', 'sisal', '../resources/uploads/images/NV7Xv1n7y02cAk0.jpg', '2016-10-23', 1),
(179, 'image', 'papyrus', '../resources/uploads/images/Apedq4E63328t9D.jpg', '2016-10-23', 1),
(180, 'image', 'insect', '../resources/uploads/images/DP2DgTrUTBlJMiv.gif', '2016-10-23', 1),
(181, 'image', 'stone', '../resources/uploads/images/HkrCHDrnEjxHa5M.png', '2016-10-23', 1),
(182, 'image', 'cow 2', '../resources/uploads/images/ouhFULn9vcJUIbu.jpg', '2016-10-23', 1),
(183, 'image', 'simile', '../resources/uploads/images/rAXzpeb690FUpMb.png', '2016-10-23', 1),
(184, 'image', 'collective noun', '../resources/uploads/images/XD2TZj4DyqXth9l.jpg', '2016-10-23', 1),
(185, 'image', 'punctuation', '../resources/uploads/images/6BTOj9If8otm1ba.png', '2016-10-23', 1),
(186, 'image', 'punctuation', '../resources/uploads/images/OdhUQ9brSUlqNYZ.png', '2016-10-23', 1),
(187, 'image', 'punctuation', '../resources/uploads/images/3V6eJRhMBawpZgj.png', '2016-10-23', 0),
(188, 'image', 'punct', '../resources/uploads/images/s3TjUnlt9gYXpwg.png', '2016-10-23', 0),
(189, 'image', 'plural', '../resources/uploads/images/FWjfLvthDvQp7ls.jpg', '2016-10-23', 1),
(190, 'image', 'synonyms', '../resources/uploads/images/v03qIUBQ0TqjewL.jpeg', '2016-10-23', 1),
(191, 'image', 'analogies', '../resources/uploads/images/x3Y8adZ2VsSMxi8.jpg', '2016-10-23', 1),
(192, 'image', 'homophones', '../resources/uploads/images/FuCpwkO2QiABbIY.jpg', '2016-10-23', 1),
(193, 'image', 'gender', '../resources/uploads/images/wYbCrvTIwLrkzAe.png', '2016-10-23', 0),
(194, 'image', 'gender', '../resources/uploads/images/E9WjaACgylRV812.png', '2016-10-23', 0),
(195, 'image', 'cock', '../resources/uploads/images/G3fXgGRqB9zPsyH.png', '2016-10-23', 1),
(196, 'image', 'granddad', '../resources/uploads/images/EghGQ2SnTgBtrKA.jpg', '2016-10-23', 1),
(197, 'image', 'adjective', '../resources/uploads/images/auOIjsznJ7QYgWm.png', '2016-10-23', 1),
(198, 'image', 'apostrophe', '../resources/uploads/images/4vg73jolOUzYrpA.png', '2016-10-23', 1),
(199, 'image', 'possessive', '../resources/uploads/images/VeMK2wUzZhp0wn7.jpg', '2016-10-23', 1),
(200, 'image', 'pots', '../resources/uploads/images/b2K0LALykYPgHF7.jpg', '2016-10-27', 1),
(201, 'image', 'broom', '../resources/uploads/images/OcglqN3KvitbUKV.jpg', '2016-10-27', 1),
(202, 'image', 'badge', '../resources/uploads/images/SXTqRJC9fLvAEqQ.jpg', '2016-10-27', 1),
(203, 'image', 'walking', '../resources/uploads/images/BaMzWxmWkPSNP2L.gif', '2016-10-27', 1),
(204, 'image', 'ball between', '../resources/uploads/images/pYUcx7Jten52rK0.gif', '2016-10-27', 1),
(205, 'image', 'police', '../resources/uploads/images/aLlMJYsxdukVLsL.jpg', '2016-10-27', 1),
(206, 'image', 'bees', '../resources/uploads/images/TjaMhGK7bB3m4FU.jpg', '2016-11-09', 1),
(207, 'image', 'cockroaches', '../resources/uploads/images/VE0l7iMfQK1cLcF.jpg', '2016-11-09', 1),
(208, 'image', 'spiders', '../resources/uploads/images/znME0ndOsVvnaE2.jpg', '2016-11-09', 1),
(209, 'image', 'insects', '../resources/uploads/images/DD3OUMtO2JTss48.jpg', '2016-11-09', 1),
(210, 'image', 'listening', '../resources/uploads/images/O6CRgZPanMqzrjI.jpg', '2016-11-10', 1),
(211, 'image', 'Helping', '../resources/uploads/images/CDFDoeYCOUvRc3Q.jpg', '2016-11-10', 1),
(212, 'image', 'greeting', '../resources/uploads/images/AHAHSQKCHDQErPL.jpg', '2016-11-10', 1),
(213, 'image', 'clocks', '../resources/uploads/images/o5qtP7lIHj0kj44.png', '2016-11-10', 1),
(214, 'image', 'clock 2', '../resources/uploads/images/W8Kq2aj48H100t9.png', '2016-11-10', 1),
(215, 'image', 'clock1', '../resources/uploads/images/sdfeKYlDQRDy1p1.gif', '2016-11-10', 1),
(216, 'image', 'clock2', '../resources/uploads/images/EKCy0BfGlot16br.gif', '2016-11-10', 1),
(217, 'image', 'clock 3', '../resources/uploads/images/4EkdR3MEiwLlhnq.gif', '2016-11-10', 1),
(218, 'image', 'clock 4', '../resources/uploads/images/sVZQopQHBPO9BlI.jpg', '2016-11-10', 1),
(219, 'image', 'days of the week', '../resources/uploads/images/v1LbA0639l1b3OV.jpg', '2016-11-10', 1),
(220, 'image', 'months of the year', '../resources/uploads/images/ciE0dcJLB1mbCpR.jpg', '2016-11-10', 1),
(221, 'image', 'triagle', '../resources/uploads/images/Zpk4gmzi9LouMEA.png', '2016-11-10', 1),
(222, 'image', 'cylinder', '../resources/uploads/images/NNEvHNWqP8y0HAZ.gif', '2016-11-10', 1),
(223, 'image', 'square', '../resources/uploads/images/nrqIlzPaRptJcit.jpg', '2016-11-10', 1),
(224, 'image', 'rectangle', '../resources/uploads/images/Ip03BJghysU358F.jpg', '2016-11-10', 1),
(225, 'image', 'circle', '../resources/uploads/images/0JpsOmkDfDBzqKE.png', '2016-11-10', 1),
(226, 'image', 'cup', '../resources/uploads/images/5atlb6Y0QKuNVym.png', '2016-11-26', 1),
(227, 'image', 'ball', '../resources/uploads/images/syWsrCa16pzXSZH.jpg', '2016-11-26', 1),
(228, 'image', 'cube', '../resources/uploads/images/oIm8fFAjeUkoIBM.jpeg', '2016-11-26', 1),
(229, 'image', 'cylinder', '../resources/uploads/images/U09rH6SFgAHanMG.gif', '2016-11-26', 1),
(230, 'image', 'triangle', '../resources/uploads/images/dKgmrQu6VArjUVO.jpg', '2016-11-26', 1),
(231, 'image', 'fire', '../resources/uploads/images/BjKX5zciwdnIbiJ.jpg', '2016-12-13', 1),
(232, 'image', 'number chart 1-50', '../resources/uploads/images/jcvp3XSK8PZ6J2s.jpg', '2016-12-14', 1),
(233, 'image', 'quantities numbers', '../resources/uploads/images/fJZpUpjeZLsSxUt.jpg', '2016-12-14', 1),
(234, 'image', 'numbers 1 to 10', '../resources/uploads/images/cxz220A1Y2S4d1L.jpg', '2016-12-14', 1),
(235, 'image', 'numbers to 10', '../resources/uploads/images/y01BF2hPEekvDVd.jpg', '2016-12-14', 1),
(236, 'image', 'number words', '../resources/uploads/images/zbHP4a8K0wc6Dy1.jpg', '2016-12-14', 1),
(237, 'image', 'sets eggs', '../resources/uploads/images/zvUIHMsQU0xu6J8.png', '2016-12-14', 1),
(238, 'image', 'sets shapes', '../resources/uploads/images/7szTyPAzoF5XA0M.png', '2016-12-14', 1),
(239, 'image', 'set of star, balls', '../resources/uploads/images/u2EHESAY99z8AZt.jpg', '2016-12-14', 1),
(240, 'image', 'sets stars', '../resources/uploads/images/N4KeGDDnrYUnsVM.jpg', '2016-12-14', 1),
(241, 'image', 'sets girls', '../resources/uploads/images/eCFxUpUNgxZb7qJ.png', '2016-12-14', 1),
(242, 'image', 'set cups', '../resources/uploads/images/BI3bhpvC7kpxXB8.png', '2016-12-14', 1),
(243, 'image', 'sets balls', '../resources/uploads/images/fjj3Qri3DdpuAP2.png', '2016-12-14', 1),
(244, 'image', 'set cups', '../resources/uploads/images/F78NusIG1aIsvoI.png', '2016-12-14', 1),
(245, 'image', 'Empty set', '../resources/uploads/images/k8Vcj30QXzmTWFh.png', '2016-12-14', 1),
(246, 'image', 'sets cups equal', '../resources/uploads/images/JY7XBvln96fZP6T.png', '2016-12-14', 1),
(247, 'image', 'sets forks', '../resources/uploads/images/odmYDgOeUrQjFYM.png', '2016-12-14', 1),
(248, 'image', 'sets 5 cubes', '../resources/uploads/images/aE4cY5RQRBYKQqG.png', '2016-12-14', 1),
(249, 'image', 'matching sets p,1', '../resources/uploads/images/BMMPVgWaiRwQdyF.png', '2016-12-14', 1),
(250, 'image', 'addition example p.1', '../resources/uploads/images/ahsUvYohoHDr18M.png', '2016-12-14', 1),
(251, 'image', 'sets 5 tomatoes', '../resources/uploads/images/qSeJLTnIGabOma7.png', '2016-12-14', 1),
(252, 'image', 'forming small sets', '../resources/uploads/images/ui1oeEv4CCY04IV.jpg', '2016-12-14', 1),
(253, 'image', 'forming sets p.1', '../resources/uploads/images/bDrZAriOc0y7Rlx.png', '2016-12-14', 1),
(254, 'image', 'forming sets p.1', '../resources/uploads/images/9nDHm4QQAntKFE7.png', '2016-12-14', 1),
(255, 'image', 'big sets formation', '../resources/uploads/images/wJFhZkCN9bKzJjX.png', '2016-12-14', 1),
(256, 'image', 'joining sets p.1', '../resources/uploads/images/bxw1DCvx40Cu1PM.png', '2016-12-14', 1),
(257, 'image', 'numberline p.1', '../resources/uploads/images/GC72pVR7n9LjdpU.png', '2016-12-14', 1),
(258, 'image', 'numberline plain', '../resources/uploads/images/dzDMkexQhvKnoak.png', '2016-12-14', 1),
(259, 'image', 'placevalue table p.1', '../resources/uploads/images/NmJKwTTts4pFLt4.png', '2016-12-14', 1),
(260, 'image', 'place value act', '../resources/uploads/images/xQarHGTqM6eG8TW.png', '2016-12-14', 1),
(261, 'image', 'abacus 1', '../resources/uploads/images/ogct54gz7M05ySy.png', '2016-12-15', 1),
(262, 'image', 'abacus 2 p.1', '../resources/uploads/images/ZAlPPh5J90xojuA.png', '2016-12-15', 1),
(263, 'image', 'abacus 3', '../resources/uploads/images/5cN5yaCK4H09aBL.png', '2016-12-15', 1),
(264, 'image', 'abacus 4', '../resources/uploads/images/5IGDsHxkMmgGTFE.png', '2016-12-15', 1),
(265, 'image', 'abacus 4', '../resources/uploads/images/7jsqvh5HYOT2IJe.png', '2016-12-15', 1),
(266, 'image', '2abacus 1', '../resources/uploads/images/gt7eTtjHJyMFmZ1.png', '2016-12-15', 1),
(267, 'image', '2bacus 3', '../resources/uploads/images/zZ4G2sCgwloG6u0.png', '2016-12-15', 1),
(268, 'image', 'Shapes 1', '../resources/uploads/images/gTZhEGjcJIkS0oO.png', '2016-12-17', 1),
(269, 'image', 'shapes 2', '../resources/uploads/images/AEpxA3mqVMu9Q2z.png', '2016-12-17', 1),
(270, 'image', 'foot measure', '../resources/uploads/images/cMOBXt4aTdNLX11.jpg', '2016-12-17', 1),
(271, 'image', 'arm span', '../resources/uploads/images/uSypHyL1ZGIarCB.png', '2016-12-17', 1),
(272, 'image', 'Tree a and b p.1', '../resources/uploads/images/22EgRzuPIKzF8w0.png', '2016-12-17', 1),
(273, 'image', 'girl and and b', '../resources/uploads/images/UOt3C8jN75FS0Ug.png', '2016-12-17', 1),
(274, 'image', 'ruler a and b', '../resources/uploads/images/PQJWoGnbCS9CEfc.png', '2016-12-17', 1),
(275, 'image', 'bottle a and b', '../resources/uploads/images/XoQgFoFX82Owwn7.png', '2016-12-17', 1),
(276, 'image', 'distance btn pics', '../resources/uploads/images/BcE4Tk4qtKV20W1.png', '2016-12-17', 1),
(277, 'image', 'CHART 50 TO 100', '../resources/uploads/images/j1W4uafdexPSRSH.png', '2016-12-17', 1),
(278, 'image', 'text box', '../resources/uploads/images/DaWrxmzZbtAcKbq.png', '2016-12-17', 1),
(279, 'image', 'counters', '../resources/uploads/images/sKfnGhJ6mv7Ndrh.png', '2016-12-17', 1),
(280, 'image', 'balls--counters', '../resources/uploads/images/a1U5mo1l3t8sOsx.png', '2016-12-17', 1),
(281, 'image', 'balla 7 counters', '../resources/uploads/images/BJkvWAPpQxpbxar.png', '2016-12-17', 1),
(282, 'image', 'pair of cups', '../resources/uploads/images/cZHl6y46wrfcWvj.png', '2016-12-17', 1),
(283, 'image', '2pairs of cups', '../resources/uploads/images/0rsBGvbddsnrp4I.png', '2016-12-17', 1),
(284, 'image', '3 pairs cups', '../resources/uploads/images/IdOlikYBKCW8RMF.png', '2016-12-17', 1),
(285, 'image', 'grouping', '../resources/uploads/images/FLrIrKsFxUQuDtB.png', '2016-12-17', 1),
(286, 'image', 'pairs of..', '../resources/uploads/images/OrRoU0Z2CItb5fd.png', '2016-12-17', 1),
(287, 'image', 'pair of balls', '../resources/uploads/images/02q7rJyAnHf0flF.png', '2016-12-17', 1),
(288, 'image', 'pair multiply', '../resources/uploads/images/wnWYGI0pN9IYoVo.png', '2016-12-17', 1),
(289, 'image', 'devide p.1', '../resources/uploads/images/3rLA88YOx1R9hWG.png', '2016-12-17', 1),
(290, 'image', 'whole fractions', '../resources/uploads/images/VhdgkULv1GB41Eg.png', '2016-12-17', 1),
(291, 'image', 'half circle', '../resources/uploads/images/zvEm8CDbcjOtxcd.png', '2016-12-17', 1),
(292, 'image', 'half triangle', '../resources/uploads/images/e4ZDOPjUyvwACvi.png', '2016-12-17', 1),
(293, 'image', 'aquarter square', '../resources/uploads/images/ce5wviaGrANfLXZ.png', '2016-12-17', 1),
(294, 'image', 'quarter circle', '../resources/uploads/images/tM6XUjE5nVnjT0z.png', '2016-12-17', 1),
(295, 'image', 'quarter recta', '../resources/uploads/images/0RdGKhOenWnjXb0.png', '2016-12-17', 1),
(296, 'image', 'circle  quarter 2', '../resources/uploads/images/UCcL5dAXaP0iSHK.png', '2016-12-17', 1),
(297, 'image', 'square a third', '../resources/uploads/images/12aICYCIpGmVSA7.png', '2016-12-17', 1),
(298, 'image', 'rectangles 1/6', '../resources/uploads/images/wtiE2uq9m6XiCyr.png', '2016-12-17', 1),
(299, 'image', 'square fraction', '../resources/uploads/images/Nc9HE1gDkmhz1sR.png', '2016-12-17', 1),
(300, 'image', 'fractions p.1', '../resources/uploads/images/ws6aZziRV5HJoqg.png', '2016-12-19', 1),
(301, 'image', 'fraction subtra', '../resources/uploads/images/UXw6fn1cTKVZYjM.png', '2016-12-19', 1),
(302, 'image', 'clock 4oclolck', '../resources/uploads/images/a41KWbXRzefylyb.png', '2016-12-19', 1),
(303, 'image', 'clock face', '../resources/uploads/images/bMJx8WMmOX0Rf0H.png', '2016-12-19', 1),
(304, 'image', 'months of the year', '../resources/uploads/images/pzsTuWzkrmUQJ21.jpg', '2016-12-19', 1),
(305, 'image', 'graph1 p.1', '../resources/uploads/images/9rR8M0KjsOzcvE5.png', '2016-12-19', 1),
(306, 'image', '1graph1', '../resources/uploads/images/L11Fyq175EtCEOC.png', '2016-12-19', 1),
(307, 'image', '2graph2', '../resources/uploads/images/UTyd2RuME7ngQTZ.png', '2016-12-19', 1),
(308, 'image', '3graph p.1', '../resources/uploads/images/1lDet1qgtISwuU7.png', '2016-12-19', 1),
(309, 'image', 'numberline ii', '../resources/uploads/images/CAlXHsPaR0Pgtqd.png', '2016-12-19', 1),
(310, 'image', 'numberl', '../resources/uploads/images/f9NOsQX46x5Ga7Y.png', '2016-12-19', 1),
(311, 'image', 'mass', '../resources/uploads/images/D51XbuIvNRxhVqt.gif', '2016-12-22', 1),
(312, 'image', 'mass pencil, stone', '../resources/uploads/images/GddKVwzZPviOvLr.png', '2016-12-22', 1),
(313, 'image', 'mass bottle tin', '../resources/uploads/images/vvTYlXgKZHqImNO.png', '2016-12-22', 1),
(314, 'image', 'mass tablecup', '../resources/uploads/images/ldo5Yhn4mqsMShB.png', '2016-12-22', 1),
(315, 'image', 'mass tank jerrycan', '../resources/uploads/images/7JK4aDQrgabFhEN.png', '2016-12-22', 1),
(316, 'image', 'sea saw', '../resources/uploads/images/eEdWc5G6SqfbyJP.png', '2016-12-22', 1),
(317, 'image', 'water', '../resources/uploads/images/JxmHhWISCuvareb.jpg', '2016-12-22', 1),
(318, 'image', 'capacity', '../resources/uploads/images/1PzRQYPtmiLy3Ij.jpg', '2016-12-22', 1),
(319, 'image', 'money ugx', '../resources/uploads/images/w6XnatotSpXog2G.png', '2016-12-23', 1),
(320, 'image', 'money ugx', '../resources/uploads/images/v6XnatotSpXog2G.png', '2016-12-23', 1),
(321, 'image', 'coins ugx', '../resources/uploads/images/Uya4OKrWc6sqEFc.jpg', '2016-12-23', 1),
(322, 'image', 'coins ugx', '../resources/uploads/images/WYoRSW8xNgqflbZ.jpg', '2016-12-23', 0),
(323, 'image', 'apple animated', '../resources/uploads/images/bCLIho5nvYIuQsA.png', '2016-12-23', 1),
(324, 'image', 'egg', '../resources/uploads/images/QLCbCScvv2PAVyT.jpg', '2016-12-23', 1),
(325, 'image', 'orange', '../resources/uploads/images/onxSUm6QJx2h4jy.png', '2016-12-23', 1),
(326, 'image', 'cup jpg', '../resources/uploads/images/ULMnxKiOGfPpgQr.jpg', '2016-12-23', 1),
(327, 'image', '3balls', '../resources/uploads/images/SRl6O8pXU4W3y3s.png', '2016-12-23', 1),
(328, 'image', '3 cups', '../resources/uploads/images/l1Ljcv6DxTsCuch.png', '2016-12-23', 1),
(329, 'image', '3 trees', '../resources/uploads/images/FWBVQgfcfRacsqT.png', '2016-12-23', 1),
(330, 'image', '3 counters', '../resources/uploads/images/ZR1hjBYyrbjdlBJ.png', '2016-12-23', 1),
(331, 'image', 'divide by three', '../resources/uploads/images/wn7WKyTi3OC5h3K.png', '2016-12-23', 1),
(332, 'image', 'divide by three', '../resources/uploads/images/4zBvze0ZuTbOjqE.png', '2016-12-23', 1),
(333, 'image', 'divide by 4', '../resources/uploads/images/IH6i4P1NQxSVuYn.png', '2016-12-23', 1),
(334, 'image', 'division p.1', '../resources/uploads/images/hcmxBUsFFI61xxu.png', '2016-12-23', 1),
(335, 'image', '2 set1', '../resources/uploads/images/wGIaSNz8S7ljH2Q.png', '2016-12-25', 1),
(336, 'image', '2set2', '../resources/uploads/images/edf9R0LiJvDRoOZ.png', '2016-12-25', 1),
(337, 'image', '2set3', '../resources/uploads/images/S1za6nkmHckPqFy.png', '2016-12-25', 1),
(338, 'image', '2set4', '../resources/uploads/images/onsIjswMMGeBCzL.png', '2016-12-25', 1),
(339, 'image', '2set 5 flower', '../resources/uploads/images/G3BVm8kS5QKL0X3.png', '2016-12-25', 1),
(340, 'image', '2setrulers', '../resources/uploads/images/9NZlq9fo9ruxk3A.png', '2016-12-25', 1),
(341, 'image', '2set matching', '../resources/uploads/images/0HzyGby1HWRXMII.png', '2016-12-25', 1),
(342, 'image', '2set bigsmall', '../resources/uploads/images/4qKIOMCGlbmM6fn.jpg', '2016-12-25', 1),
(343, 'image', '2set2bigtosmall', '../resources/uploads/images/JdZuSyEgCUzgIJ2.png', '2016-12-25', 1),
(344, 'image', '2setcompare', '../resources/uploads/images/ATWIzlj7t3Fjcp8.png', '2016-12-25', 1),
(345, 'image', '2setascend', '../resources/uploads/images/18XBc5IfOzdXzxP.png', '2016-12-25', 1),
(346, 'image', '2setdescend', '../resources/uploads/images/iXJ7EGamZi5ljI8.png', '2016-12-25', 1),
(347, 'image', '2setsubset', '../resources/uploads/images/klJEzBMtTCaVktZ.png', '2016-12-25', 1),
(348, 'image', '2set2subset', '../resources/uploads/images/1Z1RdA2DvfeyzsL.png', '2016-12-25', 1),
(349, 'image', '2set1ring', '../resources/uploads/images/HizlGAjEG8492Fm.png', '2016-12-25', 1),
(350, 'image', '2set2ring', '../resources/uploads/images/kOlRoVxCkptVxAZ.png', '2016-12-25', 1),
(351, 'image', '2setintersect', '../resources/uploads/images/Uk3Rj59LXAwkoGn.png', '2016-12-25', 1),
(352, 'image', '2set2intersec', '../resources/uploads/images/wJzm7cvv7na3SlW.png', '2016-12-25', 1),
(353, 'image', '2set represinfo', '../resources/uploads/images/ZuuEjK4bpRXziqK.png', '2016-12-25', 1),
(354, 'image', '2setsaddit', '../resources/uploads/images/V3yRTwUqxN05Jpw.png', '2016-12-25', 1),
(355, 'image', '2setsubtra', '../resources/uploads/images/KDLwAwxIAL8uugU.png', '2016-12-25', 1),
(356, 'image', '2set1tree', '../resources/uploads/images/oVwUAJs9LI5Hm83.png', '2016-12-25', 1),
(357, 'image', '2set chairs', '../resources/uploads/images/RIGWhDvlWALlUVu.png', '2016-12-25', 1),
(358, 'image', '2set cups', '../resources/uploads/images/TT2z3wrrc4bzeCc.png', '2016-12-25', 1),
(359, 'image', '2set name', '../resources/uploads/images/G7zN9yyHyc96Z8l.png', '2016-12-25', 1),
(360, 'image', '2name2', '../resources/uploads/images/xBiVPcfUiw9ksd1.png', '2016-12-25', 1),
(361, 'image', '2setblank', '../resources/uploads/images/Fef17SEpGYLnCno.png', '2016-12-25', 1),
(362, 'image', 'empty set symbol', '../resources/uploads/images/Q8YxRv4xBDu3kPU.jpg', '2016-12-25', 0),
(363, 'image', '2set asact', '../resources/uploads/images/vPoXZKRoHdlskJX.png', '2016-12-26', 1),
(364, 'image', '2set descact', '../resources/uploads/images/gEDZ00gDbWNcyts.png', '2016-12-26', 1),
(365, 'image', '2 bundle i', '../resources/uploads/images/SM4bpoJJQS7U5q6.png', '2016-12-26', 1),
(366, 'image', '2 a counter', '../resources/uploads/images/4NtUoht2OM1UP9O.png', '2016-12-26', 1),
(367, 'image', '2abacus 1', '../resources/uploads/images/TBKVEHj4uvWLRT5.png', '2016-12-26', 1),
(368, 'image', '2abacus 2', '../resources/uploads/images/kZRJOj4AXjOGrAZ.png', '2016-12-26', 1),
(369, 'image', '2abacus4', '../resources/uploads/images/0S2AJ055xQvlMjT.png', '2016-12-26', 1),
(370, 'image', '2abacus 5', '../resources/uploads/images/bOStbq7Wr5HYHH6.png', '2016-12-26', 1),
(371, 'image', '2abacus 6', '../resources/uploads/images/ZPGnaeZhiO9LfQf.png', '2016-12-26', 1),
(372, 'image', '2abacus 7', '../resources/uploads/images/l45XkXBp0yni0LE.png', '2016-12-26', 1),
(373, 'image', '2placevalue', '../resources/uploads/images/JyEtsy7mJXBn3WS.png', '2016-12-26', 1),
(374, 'image', '2placevalue 2', '../resources/uploads/images/whib1OPcxLN7BMZ.png', '2016-12-26', 1),
(375, 'image', '2numberline add', '../resources/uploads/images/AKhg0hFMbbNL6bf.png', '2016-12-26', 1),
(376, 'image', '2magic square', '../resources/uploads/images/TSfFi1zKQrpbS1H.png', '2016-12-26', 1),
(377, 'image', '2numberline subtract', '../resources/uploads/images/8xRSrmQvAFl8WY3.png', '2016-12-26', 1),
(378, 'image', '2geometry', '../resources/uploads/images/cPdD2q4j2d6FkCj.png', '2016-12-26', 1),
(379, 'image', '2graphs2', '../resources/uploads/images/TKK3WUhWxPrU0j5.png', '2016-12-26', 1),
(380, 'image', 'water pouring', '../resources/uploads/images/PpVVJjsAXwJjwut.png', '2016-12-28', 1),
(381, 'image', '2capacity1', '../resources/uploads/images/bYdbQ21IrSVNvMy.png', '2016-12-28', 1),
(382, 'image', '2capacity2', '../resources/uploads/images/T4dzgWN7Sx8txl7.png', '2016-12-28', 1),
(383, 'image', 'division sign', '../resources/uploads/images/zmW6iUlLzrTB0M0.png', '2016-12-28', 1),
(384, 'image', '2longdivision', '../resources/uploads/images/NIVApDjBspVgMbu.png', '2016-12-28', 1),
(385, 'image', '2fraction 1', '../resources/uploads/images/WCMz81NaSpoGbyI.png', '2016-12-28', 1),
(386, 'image', '2fractions2', '../resources/uploads/images/5fkINRZJAUqlWpB.png', '2016-12-28', 1),
(387, 'image', '2fraction3', '../resources/uploads/images/9WcVIzoudweOX02.png', '2016-12-28', 1),
(388, 'image', '2fraction5', '../resources/uploads/images/oZ6jNhwC8m2ifBG.png', '2016-12-28', 1),
(389, 'image', '2fraction4', '../resources/uploads/images/Y1HEraAcaGRGcAu.png', '2016-12-28', 1),
(390, 'image', '2fraction4', '../resources/uploads/images/i2dwfdkW1hxqEL7.png', '2016-12-28', 1),
(391, 'image', '2fraction6', '../resources/uploads/images/PPOmogUl187tRm8.png', '2016-12-28', 1),
(392, 'image', 'tree 1', '../resources/uploads/images/pV7iKs5LpIKaKIg.png', '2016-12-29', 1),
(393, 'image', '2length pic', '../resources/uploads/images/npUuvxjG2aM8qqK.png', '2016-12-29', 1),
(394, 'image', '2 stone pencil', '../resources/uploads/images/zmwyUyCTw7ljd8g.png', '2016-12-29', 1),
(395, 'image', '2weight', '../resources/uploads/images/jb1EWhBLGIKu70P.png', '2016-12-29', 1),
(396, 'image', '2calendar 3', '../resources/uploads/images/YjVmkyQaWS27eN1.png', '2016-12-29', 1),
(397, 'image', '2time2 clocks', '../resources/uploads/images/IHPMtOgxiEzSHDJ.png', '2016-12-29', 1),
(398, 'image', '2time33', '../resources/uploads/images/D1LisvHZgaR5OGw.png', '2016-12-29', 1),
(399, 'image', '2clock 44', '../resources/uploads/images/c3L4vtbILtOzV1o.png', '2016-12-29', 1),
(400, 'image', 'uganda shillings', '../resources/uploads/images/RrWWybN7Qg07wYU.jpg', '2016-12-29', 1),
(401, 'image', 'pencil', '../resources/uploads/images/H4UcWsc4CjcYcSm.jpg', '2016-12-29', 1),
(402, 'image', 'pencil hol', '../resources/uploads/images/D7J9kVY8Vxkyw7M.png', '2016-12-29', 1),
(403, 'image', '3set trees', '../resources/uploads/images/T6RTwN0DYF38jcS.png', '2017-01-02', 1),
(404, 'image', '3setballs', '../resources/uploads/images/JqxoSMOQB2zBKQC.jpg', '2017-01-02', 1),
(405, 'image', '3setpots', '../resources/uploads/images/xMy7Q736ZUS0P5M.png', '2017-01-02', 1),
(406, 'image', '3setbooks', '../resources/uploads/images/XysOd6SQgoMoyyo.jpg', '2017-01-02', 1),
(407, 'image', '3setnumbers', '../resources/uploads/images/wVZ1WSkTZZ1H9rl.png', '2017-01-02', 1),
(408, 'image', '3makeset1', '../resources/uploads/images/Dm6RMOCMq0hvc4E.jpg', '2017-01-02', 1),
(409, 'image', '3makeset3', '../resources/uploads/images/7jcVjxYoBh1SUVG.png', '2017-01-02', 1),
(410, 'image', '3nmaeset', '../resources/uploads/images/ofm9lRouKZktWGw.png', '2017-01-02', 1),
(411, 'image', 'subset', '../resources/uploads/images/zWO0wQfhXNrQGdi.png', '2017-01-04', 1),
(412, 'image', 'subset1', '../resources/uploads/images/NsIfq3iTARsuRHp.png', '2017-01-04', 1),
(413, 'image', 'not subset', '../resources/uploads/images/GwsPUxvvIX75MTR.png', '2017-01-04', 1),
(414, 'image', '3groups', '../resources/uploads/images/jNcnwQb0K9SjNZY.jpg', '2017-01-04', 1),
(415, 'image', '3groups33', '../resources/uploads/images/2lDXC2fsjDuYJJr.png', '2017-01-04', 1),
(416, 'image', '3comparing1', '../resources/uploads/images/ajBdtxIy7l5J4wQ.png', '2017-01-04', 1),
(417, 'image', '3compare2', '../resources/uploads/images/zNyj2CwocJaRwYI.png', '2017-01-04', 1),
(418, 'image', '3compare4', '../resources/uploads/images/3CwYpEpgJzep2Ds.png', '2017-01-04', 1),
(419, 'image', '3equal', '../resources/uploads/images/eZdthX9mw1aRFLB.png', '2017-01-04', 1),
(420, 'image', '3not equal', '../resources/uploads/images/cOtSytFES1jT6EL.jpg', '2017-01-04', 1),
(421, 'image', '3equal2', '../resources/uploads/images/8fwW4VXEngn1MPC.png', '2017-01-04', 1),
(422, 'image', '3sets equilant', '../resources/uploads/images/HgSRxAiMgNji7vG.png', '2017-01-04', 1),
(423, 'image', '3listing', '../resources/uploads/images/tXeyqbMElddPi8q.png', '2017-01-04', 1),
(424, 'image', '3listing', '../resources/uploads/images/NBqAwp91fGpO3Yz.png', '2017-01-04', 1),
(425, 'image', '3intersection', '../resources/uploads/images/s1ornJtdrkm4qs0.png', '2017-01-04', 1),
(426, 'image', '3interse 1', '../resources/uploads/images/9EUzFkihQisRpQP.png', '2017-01-04', 1),
(427, 'image', '3unionset', '../resources/uploads/images/JMTGVQtgjkEGMJR.png', '2017-01-05', 1),
(428, 'image', '3shading venn', '../resources/uploads/images/PsNt86cKZi4hr0G.png', '2017-01-05', 1),
(429, 'image', '3shade', '../resources/uploads/images/vhTUV3fOychN6hT.png', '2017-01-05', 1),
(430, 'image', '3shade set  a', '../resources/uploads/images/92JcTSrCarZK3nu.png', '2017-01-05', 1),
(431, 'image', '3abacus', '../resources/uploads/images/ZAFrz4FutIOrVZo.png', '2017-01-05', 1),
(432, 'image', 'eve numbers poster', '../resources/uploads/images/KvHtmmMmLxkvo1r.png', '2017-01-06', 1),
(433, 'image', '3 odd number poster', '../resources/uploads/images/UJrVhzsEY2T30mn.png', '2017-01-06', 1),
(434, 'image', '3 number line 1', '../resources/uploads/images/edGB4my0RLn6asR.png', '2017-01-06', 1),
(435, 'image', '3numberline 2', '../resources/uploads/images/2OXc2g2QqeHymQm.png', '2017-01-06', 1),
(436, 'image', '3tab1', '../resources/uploads/images/ZV05RWt1Vaiwc13.png', '2017-01-13', 1),
(437, 'image', '3tab1', '../resources/uploads/images/MImSGfxBauhPYbc.png', '2017-01-13', 1),
(438, 'image', '3tab 4', '../resources/uploads/images/X6K6tj3bdV8ppAE.png', '2017-01-13', 1),
(439, 'image', '3tab5', '../resources/uploads/images/atY9BF3PydPxgU7.png', '2017-01-13', 1),
(440, 'image', '3tab44', '../resources/uploads/images/utiV3JyjOGSnL3f.png', '2017-01-13', 1),
(441, 'image', '3tab6', '../resources/uploads/images/t3xQF8JNh0d7CR1.png', '2017-01-13', 1),
(442, 'image', '3tab6.2', '../resources/uploads/images/KVyfWZZVuQZgNXX.png', '2017-01-13', 1),
(443, 'image', '3tab7', '../resources/uploads/images/1Shz9oaurR4mDHw.jpg', '2017-01-13', 1),
(444, 'image', '3fra1', '../resources/uploads/images/3yzul5EJXUY8M8D.jpg', '2017-01-13', 1),
(445, 'image', '3fra2', '../resources/uploads/images/CR6y3LUvHvFsfXX.jpg', '2017-01-13', 1),
(446, 'image', 'greater than', '../resources/uploads/images/ufwhhIt4ImFustr.jpg', '2017-01-13', 1),
(447, 'image', 'fra4', '../resources/uploads/images/W3E92eSButz6ciQ.jpg', '2017-01-13', 1),
(448, 'image', 'fra5', '../resources/uploads/images/0x4GXwdbqdy4Cln.jpg', '2017-01-13', 1),
(449, 'image', '3fr6', '../resources/uploads/images/diOnRshQax6LhTY.png', '2017-01-13', 1),
(450, 'image', '3fra7', '../resources/uploads/images/bYjCa6cwUaJwiTu.png', '2017-01-13', 1),
(451, 'image', '3fra8', '../resources/uploads/images/zUJrdkj695Fxf7O.gif', '2017-01-13', 1),
(452, 'image', '3fra10', '../resources/uploads/images/vLDUU6hUZIwX8f8.png', '2017-01-13', 1),
(453, 'image', '3frac11', '../resources/uploads/images/AHR8MMvlasYsaGR.png', '2017-01-13', 1),
(454, 'image', '3frac12', '../resources/uploads/images/uCXYIyg0ezvyFzY.png', '2017-01-13', 1),
(455, 'image', '3fr6', '../resources/uploads/images/8Is9ifiJLLZbCyg.gif', '2017-01-13', 1),
(456, 'image', '3fr16', '../resources/uploads/images/AioH4x3Inu5EG2B.jpg', '2017-01-13', 1),
(457, 'image', '3fr17', '../resources/uploads/images/A2tdOJzVdEilAZL.jpg', '2017-01-13', 1),
(458, 'image', '3graph1', '../resources/uploads/images/EgDBJFggqQAy3FA.jpg', '2017-01-13', 1),
(459, 'image', '3gr2', '../resources/uploads/images/enDzEYYa4Q2AtZC.png', '2017-01-13', 1),
(460, 'image', '2gr3', '../resources/uploads/images/QX5dnnGZUndQ0VB.png', '2017-01-13', 1),
(461, 'image', '3gr4', '../resources/uploads/images/QPn8wjM6I6Br4IN.jpg', '2017-01-13', 1),
(462, 'image', '3gr3', '../resources/uploads/images/hqoKz2XcbfSoAZg.png', '2017-01-13', 1),
(463, 'image', '3g1', '../resources/uploads/images/IvaavFMdh1XV3Jn.jpg', '2017-01-23', 1),
(464, 'image', '3g3', '../resources/uploads/images/FHpRIqrXrZrZAVG.png', '2017-01-24', 1),
(465, 'image', '3g2', '../resources/uploads/images/KYRtkMmyXvl7Uym.png', '2017-01-24', 1),
(466, 'image', '3g4', '../resources/uploads/images/2cyC4kkalAZZ2UT.jpg', '2017-01-24', 1),
(467, 'image', '3 days of the week', '../resources/uploads/images/JZ7wu7OynwhhAUn.jpg', '2017-01-24', 1),
(468, 'image', '3 six oclock', '../resources/uploads/images/PLprw3leK2OSYq2.jpg', '2017-01-27', 1),
(469, 'image', '3 oclock', '../resources/uploads/images/tmqxRMIaImzZcEB.png', '2017-01-27', 1),
(470, 'image', '3 8.30', '../resources/uploads/images/qoPVcfV26q65HRH.png', '2017-01-27', 1),
(471, 'image', '3 halfpast', '../resources/uploads/images/vbyIbCYuwFcjh3L.png', '2017-01-27', 1),
(472, 'image', '3 a quarter past', '../resources/uploads/images/6Kkyh9H1WXw8Qmo.png', '2017-01-27', 1),
(473, 'image', '3 a quarter past', '../resources/uploads/images/ZPM6yciCkWGR21z.png', '2017-01-27', 1),
(474, 'image', '3 a quarter to', '../resources/uploads/images/xxRcXlV29vQ3D6j.png', '2017-01-27', 1),
(475, 'image', 'a quarter to', '../resources/uploads/images/J0bS3bdV1Xrptbi.png', '2017-01-27', 1),
(476, 'image', '3 minutes past', '../resources/uploads/images/sNdUq43nnH5TKI4.png', '2017-01-27', 1),
(477, 'image', '3 minutes past', '../resources/uploads/images/coWixxWiq6lv1l3.png', '2017-01-27', 1),
(478, 'image', '3 minutes to', '../resources/uploads/images/4s4zKKMSQ4uhbzD.png', '2017-01-27', 1),
(479, 'image', '3 minutes to', '../resources/uploads/images/oBf3cYIKGOGFCaB.png', '2017-01-27', 1),
(480, 'image', '3 minutes tooo', '../resources/uploads/images/DOoN8mxgs8RkXUO.png', '2017-01-27', 1),
(481, 'image', 'Body Parts', '../resources/uploads/images/9ld1eG1GNAdwdXY.jpg', '2017-02-07', 1),
(482, 'image', 'Body Parts Activity', '../resources/uploads/images/OzWBzeE2P8KGCom.jpg', '2017-02-07', 1),
(483, 'image', 'nose', '../resources/uploads/images/jRajWjaAVcldOa4.jpg', '2017-02-07', 1),
(484, 'image', 'ears', '../resources/uploads/images/VOQZ5m1vx6Tqo3X.jpeg', '2017-02-07', 1),
(485, 'image', 'eyes', '../resources/uploads/images/ynw27xUcDAifbiQ.png', '2017-02-07', 1),
(486, 'image', 'skin', '../resources/uploads/images/hXAmbDBrzCbLcgo.jpg', '2017-02-07', 1),
(487, 'image', '1Tongue', '../resources/uploads/images/peP4bmM0TvVod7F.jpg', '2017-02-07', 1),
(488, 'image', '1water', '../resources/uploads/images/BJpXNPrslWlMgmV.jpeg', '2017-02-08', 1),
(489, 'image', '1basin', '../resources/uploads/images/wYYJwxf75pn5huQ.jpg', '2017-02-08', 1),
(490, 'image', '1sponge', '../resources/uploads/images/UIvlVj9IulFx0HI.jpg', '2017-02-08', 1),
(491, 'image', '1toothpaste', '../resources/uploads/images/W7hIQlho8vARPdk.png', '2017-02-08', 1),
(492, 'image', '1toothbrush', '../resources/uploads/images/VTtHcGwkrtyyoKt.jpg', '2017-02-08', 1),
(493, 'image', '1comb', '../resources/uploads/images/6JYgC7trAt44QUT.jpeg', '2017-02-08', 1),
(494, 'image', '1nailcutter', '../resources/uploads/images/3Lnu1eTR7qcpWXl.png', '2017-02-08', 1),
(495, 'image', '1towel', '../resources/uploads/images/nq4O621aJ4ZSE6q.jpg', '2017-02-08', 1),
(496, 'image', '1scissor', '../resources/uploads/images/SBRbCibyDbC5vQZ.jpg', '2017-02-08', 1),
(497, 'image', '1razorblade', '../resources/uploads/images/pKifbRD5IBRwNFh.png', '2017-02-08', 1),
(498, 'image', '1earbuds', '../resources/uploads/images/xPKr0uhmM4Sjnj7.jpg', '2017-02-08', 1),
(499, 'image', 'toothpicks', '../resources/uploads/images/x0ZmRYwxO5mWhag.jpg', '2017-02-08', 1),
(500, 'image', '1sandal', '../resources/uploads/images/wBD8oh0rPt575ZJ.jpg', '2017-02-08', 1),
(501, 'image', '1SICK', '../resources/uploads/images/6hhChWtZCmmzK8d.jpeg', '2017-02-08', 1),
(502, 'image', '1BADSMELL', '../resources/uploads/images/laViv0SaA0UkLoa.jpg', '2017-02-08', 1),
(503, 'image', '1badbreath', '../resources/uploads/images/Lz8L5ejbEQ0ggN9.jpg', '2017-02-08', 1),
(504, 'image', '1dirty', '../resources/uploads/images/5Zvi3wiaR5R9HAA.jpeg', '2017-02-08', 1),
(505, 'image', '1smart', '../resources/uploads/images/iBIFF4zBFEEwyKj.jpg', '2017-02-08', 1),
(506, 'image', 'FACE WASHING', '../resources/uploads/images/Nxn2V7nXlQ2G4dO.jpg', '2017-02-08', 1),
(507, 'image', 'Bathing', '../resources/uploads/images/zs1MjWnyuo2sDQo.png', '2017-02-08', 1),
(508, 'image', 'teeth brushing', '../resources/uploads/images/538hrFSPNv1WS7v.jpg', '2017-02-08', 1),
(509, 'image', 'fingernails', '../resources/uploads/images/y8f9EQ8S0zQ2pnV.jpg', '2017-02-08', 1),
(510, 'image', 'toe nails', '../resources/uploads/images/BNI8lsc3vR3MrRX.jpg', '2017-02-08', 1),
(511, 'image', 'a bag', '../resources/uploads/images/U3MoObSinNSVrvv.jpg', '2017-02-09', 1),
(512, 'image', '3.divide', '../resources/uploads/images/jVlswDcfQkwYCxP.png', '2017-02-09', 1),
(513, 'image', '3divide long', '../resources/uploads/images/O0HRKVYPxG5DFKI.png', '2017-02-09', 1),
(514, 'image', '1dirtyfood', '../resources/uploads/images/mcqQFGluIBUsxZp.jpg', '2017-02-09', 1),
(515, 'image', '1dirty toilet', '../resources/uploads/images/HXSsTPjvEJGnir6.jpeg', '2017-02-09', 1),
(516, 'image', '1sweeping', '../resources/uploads/images/nuzpszzDsZDOmfd.jpg', '2017-02-09', 1),
(517, 'image', '1food covered', '../resources/uploads/images/QxGySwNCTHMuk3z.jpg', '2017-02-09', 1),
(518, 'image', '1washing hands', '../resources/uploads/images/rnYqrwN4lBJhtrw.jpeg', '2017-02-09', 1),
(519, 'image', '1rubish', '../resources/uploads/images/UZR9OYwLB6tbuoc.jpg', '2017-02-09', 1),
(520, 'image', '1measles', '../resources/uploads/images/QpPFPZZXdpULu50.jpg', '2017-02-09', 1),
(521, 'image', '1polio', '../resources/uploads/images/1W0woQD0PFrIdcQ.jpg', '2017-02-09', 1),
(522, 'image', 'immunisation', '../resources/uploads/images/Hgk32u7EMsB7F8V.jpg', '2017-02-09', 1),
(523, 'image', 'tetanus', '../resources/uploads/images/7Dt1IZCxUNubvaL.jpg', '2017-02-09', 1),
(524, 'image', 'tuberculosis', '../resources/uploads/images/FgE3DuURS9uwdsV.jpg', '2017-02-09', 1),
(525, 'image', 'cough', '../resources/uploads/images/pQqmrCog9c3rlDJ.png', '2017-02-09', 1),
(526, 'image', 'toilet', '../resources/uploads/images/spfzpYVLIBlhkNH.png', '2017-02-09', 1),
(527, 'image', 'DIPHTHERIA', '../resources/uploads/images/IK0RSir3jiUcp25.jpg', '2017-02-09', 1);
INSERT INTO `resources` (`resource_id`, `resource_type`, `resource_name`, `url`, `date_added`, `status`) VALUES
(528, 'image', 'bathroom', '../resources/uploads/images/7rwbo3mdPiNROwG.jpg', '2017-02-09', 1),
(529, 'image', 'compound', '../resources/uploads/images/wf6AQaFO27clwEb.jpeg', '2017-02-09', 1),
(530, 'image', 'bedroom', '../resources/uploads/images/iG2THWSnuRyyksB.jpg', '2017-02-09', 1),
(531, 'image', 'house', '../resources/uploads/images/IaD9ViEAAFNRFAw.jpeg', '2017-02-09', 1),
(532, 'image', 'mopping1', '../resources/uploads/images/dymSIHKCMM0UptJ.jpeg', '2017-02-09', 1),
(533, 'image', 'digging', '../resources/uploads/images/nonW5MnKViPVKYX.jpg', '2017-02-09', 1),
(534, 'image', 'picking rubbish', '../resources/uploads/images/asNY75gLDTur0um.jpeg', '2017-02-09', 1),
(535, 'image', 'scrubbing brush', '../resources/uploads/images/XHGhppTm00LRLzk.jpg', '2017-02-09', 1),
(536, 'image', 'rake', '../resources/uploads/images/95XXdWZDwviz6SR.png', '2017-02-09', 1),
(537, 'image', 'dustbin', '../resources/uploads/images/oA3SLMdeLJJO7Vn.jpg', '2017-02-09', 1),
(538, 'image', 'broom', '../resources/uploads/images/Vau7JaiC6nsUQBU.jpg', '2017-02-09', 1),
(539, 'image', 'hoe', '../resources/uploads/images/IDRzd0yUjlvny1I.jpg', '2017-02-09', 0),
(540, 'image', 'panga', '../resources/uploads/images/mzqa1OEYEJaykm2.jpg', '2017-02-09', 1),
(541, 'image', 'ironing', '../resources/uploads/images/houhrTD9AayBrPA.jpg', '2017-02-09', 1),
(542, 'image', 'mosquito net', '../resources/uploads/images/eWJyirIlQZYo2pT.jpg', '2017-02-09', 1),
(543, 'image', 'cutting', '../resources/uploads/images/J7H1AFxk3TD40j6.jpg', '2017-02-09', 1),
(544, 'image', 'spraying', '../resources/uploads/images/XgvGaFRoIMPUydU.jpg', '2017-02-09', 1),
(545, 'image', 'sick', '../resources/uploads/images/raBEhzhuej0iMoK.jpeg', '2017-02-09', 1),
(546, 'image', 'chicken pox', '../resources/uploads/images/ZecqIKSGkFqgzfY.jpg', '2017-02-09', 1),
(547, 'image', 'flu', '../resources/uploads/images/U7M1y5bspiOl3CO.jpg', '2017-02-09', 1),
(548, 'image', 'FISH', '../resources/uploads/images/74QDPXZHEjFlJuD.png', '2017-02-09', 1),
(549, 'image', 'BANANA', '../resources/uploads/images/dHbx1UGuQjfZRKD.png', '2017-02-09', 1),
(550, 'image', 'YAMS', '../resources/uploads/images/g6BvVWFGpziAz78.png', '2017-02-09', 1),
(551, 'image', 'GNUTS', '../resources/uploads/images/zjvSwxejzEJbJq8.jpg', '2017-02-09', 1),
(552, 'image', 'PLANTS', '../resources/uploads/images/yMJr4gf2NhGrlMS.jpg', '2017-02-09', 1),
(553, 'image', 'SHOP', '../resources/uploads/images/W7xrsmbC6VyeCRn.jpg', '2017-02-09', 1),
(554, 'image', 'MARKET', '../resources/uploads/images/fid53m1fepPVJ5R.jpg', '2017-02-09', 1),
(555, 'image', 'BAKERY', '../resources/uploads/images/8N0oKPmMRUicwTI.jpg', '2017-02-09', 1),
(556, 'image', 'ANIMALS', '../resources/uploads/images/9yZa1RrI5GgvpFG.jpg', '2017-02-09', 1),
(557, 'image', 'HEN', '../resources/uploads/images/ekylt5UJR4RbCVl.png', '2017-02-09', 1),
(558, 'image', 'MEAT', '../resources/uploads/images/jWuaF3GyH0Fi4dP.jpg', '2017-02-09', 1),
(559, 'image', 'MILK', '../resources/uploads/images/XPLBZn9ytEkYUWQ.jpeg', '2017-02-09', 1),
(560, 'image', 'BEANS', '../resources/uploads/images/OzQlgRBtpt4nzSU.jpg', '2017-02-09', 1),
(561, 'image', 'MAIZE', '../resources/uploads/images/ZprhVzXsEFsNjXP.jpg', '2017-02-09', 1),
(562, 'image', 'CASSAVA', '../resources/uploads/images/hancqjAfx3oKM8Q.jpg', '2017-02-09', 1),
(563, 'image', 'POTATOES', '../resources/uploads/images/V27hFDsvMjCgMB9.jpg', '2017-02-09', 1),
(564, 'image', 'MAIZE', '../resources/uploads/images/eXnemTnih3G0NZf.jpg', '2017-02-09', 1),
(565, 'image', 'MANGOES', '../resources/uploads/images/4OHHZ7cGkZKElOb.jpg', '2017-02-09', 1),
(566, 'image', 'PAWPAW', '../resources/uploads/images/6mLoPPSzmYTDTbC.png', '2017-02-09', 1),
(567, 'image', 'PINEAPPLES', '../resources/uploads/images/mKtoIPgELaACgG9.jpg', '2017-02-09', 1),
(568, 'image', 'APPLES', '../resources/uploads/images/jM4CUdGoQ6hHYJA.jpg', '2017-02-09', 1),
(569, 'image', 'CARROTS', '../resources/uploads/images/aaPr5RTUF37VmC7.jpg', '2017-02-09', 1),
(570, 'image', 'CABBAGES', '../resources/uploads/images/xyOb0KuvjJiLZlb.jpg', '2017-02-09', 1),
(571, 'image', 'NAKATI', '../resources/uploads/images/wvYc4rNhMBp5rX6.jpg', '2017-02-09', 1),
(572, 'image', 'FREEZER', '../resources/uploads/images/WG9fH8hu2JoBKmV.jpg', '2017-02-09', 1),
(573, 'image', 'Roasting', '../resources/uploads/images/SKZKILITizv2Zl4.jpg', '2017-02-09', 1),
(574, 'image', 'chicken', '../resources/uploads/images/WQ4r6nwpNihTNAx.jpeg', '2017-02-09', 1),
(575, 'image', 'RICE', '../resources/uploads/images/PoHgj4655Lk9amc.jpg', '2017-02-09', 1),
(576, 'image', 'POSHO', '../resources/uploads/images/NCTv4YqymiX6XQZ.jpg', '2017-02-09', 1),
(577, 'image', 'bread', '../resources/uploads/images/8ughoWjUioiJt6k.png', '2017-02-09', 1),
(578, 'image', 'soil air', '../resources/uploads/images/NmylEzfzVOjFtfC.png', '2017-02-11', 1),
(579, 'image', 'soil water', '../resources/uploads/images/J2CEmMSrJdjtmkQ.png', '2017-02-11', 1),
(580, 'image', 'soil humus', '../resources/uploads/images/N1HUSOy7J1loZj2.png', '2017-02-11', 1),
(581, 'image', 'soil structure', '../resources/uploads/images/X5jekS9w7RVBMO4.jpg', '2017-02-11', 1),
(582, 'image', 'soil movement', '../resources/uploads/images/dqllxfu2xA1t6VM.png', '2017-02-11', 1),
(583, 'image', 'soil particles', '../resources/uploads/images/nyyKugBsacQkA5j.png', '2017-02-11', 1),
(584, 'image', 'landslide', '../resources/uploads/images/fDO2yq4V7OKNPxU.jpg', '2017-02-11', 1),
(585, 'image', 'gully erosion', '../resources/uploads/images/WFrog7BDXCrUtlq.jpg', '2017-02-11', 1),
(586, 'image', 'drought', '../resources/uploads/images/Hn24KHBq7TFh4Cm.jpg', '2017-02-11', 1),
(587, 'image', 'soil profile', '../resources/uploads/images/e7qs3Q18pgyeRgo.jpg', '2017-02-11', 1),
(588, 'image', 'rusting', '../resources/uploads/images/HLMtUk62zmV3oyR.jpg', '2017-02-11', 1),
(589, 'image', 'rill erosion', '../resources/uploads/images/FsutuelRzWOVoNT.jpg', '2017-02-11', 1),
(590, 'image', 'terracing', '../resources/uploads/images/WoUMJqDFfJpUgmc.jpg', '2017-02-11', 1),
(591, 'image', 'contour farming', '../resources/uploads/images/rfUpYIJkYHwMory.jpg', '2017-02-11', 1),
(592, 'image', 'star grass', '../resources/uploads/images/GW0lQbSSvjELwY1.jpg', '2017-02-11', 1),
(593, 'image', 'black jack', '../resources/uploads/images/3gYGCOBir61olig.jpg', '2017-02-11', 1),
(594, 'image', 'crop rotation', '../resources/uploads/images/jAMbbuJJmAotYeX.png', '2017-02-11', 1),
(595, 'image', 'bites', '../resources/uploads/images/birJCS3MVN8EyE3.jpg', '2017-02-11', 1),
(596, 'image', 'cuts', '../resources/uploads/images/MQtSvP1stdbTjPE.jpg', '2017-02-11', 1),
(597, 'image', 'eucalyptus', '../resources/uploads/images/agj1NjO5KP8YqTH.jpg', '2017-02-11', 1),
(598, 'image', 'mvule', '../resources/uploads/images/AhStdc4AYTYzN05.jpg', '2017-02-11', 1),
(599, 'image', 'cutting trees', '../resources/uploads/images/TL10cnGRsyxOkkF.jpg', '2017-02-11', 1),
(600, 'image', 'germination', '../resources/uploads/images/PrfMc5JpyPdCXso.jpg', '2017-02-11', 1),
(601, 'image', 'raingauge', '../resources/uploads/images/lxSId2aIJHpu5qN.png', '2017-02-11', 1),
(602, 'image', 'anemometer', '../resources/uploads/images/y8bapKfqQQcXSJ9.png', '2017-02-11', 1),
(603, 'image', 'SUN', '../resources/uploads/images/8p7YFPq69MWG4NF.jpeg', '2017-02-11', 1),
(604, 'image', 'Rainy', '../resources/uploads/images/DDVOutdYoolRmyo.jpg', '2017-02-11', 1),
(605, 'image', 'Windy', '../resources/uploads/images/uMf7lJrsney6hPA.png', '2017-02-11', 1),
(606, 'image', 'cloudy', '../resources/uploads/images/FwHrtNkbwkx8sxb.jpg', '2017-02-11', 1),
(607, 'image', 'wind vane', '../resources/uploads/images/TKqXVZlmLpmcfx3.jpg', '2017-02-11', 1),
(608, 'image', 'sunshine recorder', '../resources/uploads/images/YrBXcdkW1WrlccT.jpg', '2017-02-11', 1),
(609, 'image', 'barometer', '../resources/uploads/images/PuxeQVzY7tEMooC.png', '2017-02-11', 1),
(610, 'image', 'windsoak', '../resources/uploads/images/x4vlPJGD1r4nJQ4.jpg', '2017-02-11', 1),
(611, 'image', 'Clinical thermometer', '../resources/uploads/images/F7GU2oyfDSB7fdK.gif', '2017-02-11', 1),
(612, 'image', 'sixs thermometer', '../resources/uploads/images/k8BHa0yrOOok596.jpg', '2017-02-11', 1),
(613, 'image', 'stevenson', '../resources/uploads/images/s0S2L0lj93LBIh3.jpg', '2017-02-11', 1),
(614, 'image', 'PIEchart', '../resources/uploads/images/6kxUx1HiN6lfzfO.png', '2017-02-11', 1),
(615, 'image', 'Air Weight', '../resources/uploads/images/rYASxc3RXJ2Rjpx.jpg', '2017-02-11', 1),
(616, 'image', 'air pressure', '../resources/uploads/images/6KOSBr1MFbCe41q.png', '2017-02-11', 1),
(617, 'image', 'air space', '../resources/uploads/images/OyWMh07i3kSd1YQ.jpg', '2017-02-11', 1),
(618, 'image', 'OXYGEN burning', '../resources/uploads/images/wti5bJpqHh9nY8a.png', '2017-02-11', 1),
(619, 'image', 'Extinguisher', '../resources/uploads/images/bXwLDfVTpddRrES.jpg', '2017-02-11', 1),
(620, 'image', 'WINDMILL', '../resources/uploads/images/18U9EBRmwVTc7e3.jpg', '2017-02-11', 1),
(621, 'image', 'PARTS OF A SHADOW', '../resources/uploads/images/uK8F576E6GKqlqS.jpg', '2017-02-11', 1),
(622, 'image', 'Shadows formation', '../resources/uploads/images/YpPbrLlEHDUZJF4.jpg', '2017-02-11', 0),
(623, 'image', 'photo tropism', '../resources/uploads/images/KGw29NZR6xxqoLD.png', '2017-02-11', 1),
(624, 'image', 'shadows formation', '../resources/uploads/images/rmPkf9lZBQbMx1X.jpg', '2017-02-11', 1),
(625, 'image', 'FLOODS', '../resources/uploads/images/vZ5serUkrvhTyAV.jpg', '2017-02-11', 1),
(626, 'image', 'water harvesting', '../resources/uploads/images/xGYubQ2gp9frzER.jpg', '2017-02-11', 1),
(627, 'image', 'nimbus', '../resources/uploads/images/5IYYqKcFQGjfVxn.jpg', '2017-02-11', 1),
(628, 'image', 'stratus', '../resources/uploads/images/NLA7wCm3dDsR0Oj.jpg', '2017-02-11', 1),
(629, 'image', 'cumulus', '../resources/uploads/images/dfAg6mwhUPG2JBr.jpg', '2017-02-11', 1),
(630, 'image', 'cirrus', '../resources/uploads/images/qeizHDG24VFHnRS.jpg', '2017-02-11', 1),
(631, 'image', 'stratus clouds', '../resources/uploads/images/6hJZU0re7k0CRPD.jpg', '2017-02-11', 1),
(632, 'image', 'Flowering Plant', '../resources/uploads/images/skQ0iqG42xJz8wL.jpg', '2017-02-12', 1),
(633, 'image', 'Parts of a leaf', '../resources/uploads/images/v1B78eJiSQkfkxX.jpeg', '2017-02-12', 1),
(634, 'image', 'Venation Parallel', '../resources/uploads/images/gL8HoKM3yOjvsFH.jpg', '2017-02-12', 1),
(635, 'image', 'Venation: Network', '../resources/uploads/images/aiCgQCrIg6ECiNK.jpg', '2017-02-12', 1),
(636, 'image', 'Simple Entire', '../resources/uploads/images/d0L7FC2OTsK3ViQ.gif', '2017-02-12', 1),
(637, 'image', 'Simple Serrated', '../resources/uploads/images/WZjVBs7X22JVw6U.jpg', '2017-02-12', 1),
(638, 'image', 'Simple Palmate', '../resources/uploads/images/At3NB20RKG7UIT4.jpg', '2017-02-12', 1),
(639, 'image', 'Simple Divided', '../resources/uploads/images/24pQr302weuM0o4.jpg', '2017-02-12', 1),
(640, 'image', 'Simple Lancelate', '../resources/uploads/images/gX9eMLxQ6ueMbCm.jpg', '2017-02-12', 1),
(641, 'image', 'pinnate', '../resources/uploads/images/Zvf7sD0oKK1nn8g.jpg', '2017-02-12', 1),
(642, 'image', 'bipinnate', '../resources/uploads/images/d6MgwZTi15miOIu.jpg', '2017-02-12', 1),
(643, 'image', 'digitate', '../resources/uploads/images/aHLOO69ZkmNhDLy.jpg', '2017-02-12', 1),
(644, 'image', 'trifoliate', '../resources/uploads/images/wqBIbP52aG6HXtG.jpg', '2017-02-12', 1),
(645, 'image', 'Transpiration', '../resources/uploads/images/steDPkty85A0INf.png', '2017-02-12', 1),
(646, 'image', 'Maize stem', '../resources/uploads/images/4m2OnH60j1iLa2R.gif', '2017-02-12', 1),
(647, 'image', 'Rhizomes', '../resources/uploads/images/KxtgWiZ6Tw2NzaP.jpg', '2017-02-12', 1),
(648, 'image', 'simple lobbed', '../resources/uploads/images/Fw42QBScPHL219T.jpg', '2017-02-12', 1),
(649, 'image', 'LANCELATE', '../resources/uploads/images/Lp6rxlwR4aVsWnp.jpg', '2017-02-12', 1),
(650, 'image', '3perimeter', '../resources/uploads/images/VP3JQGgD5mHtriG.gif', '2017-02-12', 1),
(651, 'image', '3perimeter 2', '../resources/uploads/images/ezlUWnjIOY10Z2d.png', '2017-02-12', 1),
(652, 'image', '3 perimter', '../resources/uploads/images/S9gR3yoYaFopZJk.png', '2017-02-12', 1),
(653, 'image', '3perimeter4', '../resources/uploads/images/JgF2lA93o2BjmdS.png', '2017-02-12', 1),
(654, 'image', 'Onion Bulb', '../resources/uploads/images/perH6k6KMsExWG5.jpg', '2017-02-12', 1),
(655, 'image', 'coco yam', '../resources/uploads/images/xo35RUYoAiJtOP6.jpg', '2017-02-12', 1),
(656, 'image', 'stem tuber', '../resources/uploads/images/eEQw9t12Z7nFrxG.jpg', '2017-02-12', 1),
(657, 'image', 'Tendrils', '../resources/uploads/images/1pZvO7s7ziz4BX3.jpg', '2017-02-12', 1),
(658, 'image', 'twinning', '../resources/uploads/images/YZYJ32Ix03vtNFU.jpg', '2017-02-12', 1),
(659, 'image', 'fibrous tap', '../resources/uploads/images/2496SfJScigHkWS.gif', '2017-02-12', 1),
(660, 'image', 'tap root', '../resources/uploads/images/jLVb68ITdrioTqQ.png', '2017-02-12', 1),
(661, 'image', 'prop', '../resources/uploads/images/mJkMrcwANllFWEo.gif', '2017-02-12', 1),
(662, 'image', 'breathing roots', '../resources/uploads/images/FygFS7883OFagEq.jpg', '2017-02-12', 1),
(663, 'image', 'clasping', '../resources/uploads/images/0TJyhTTUfl0G17y.jpg', '2017-02-12', 1),
(664, 'image', 'parts flower', '../resources/uploads/images/RIKjnJ4EuaJK6fE.png', '2017-02-12', 1),
(665, 'image', 'stamen', '../resources/uploads/images/Qrl1BfculDAZ6o7.png', '2017-02-12', 1),
(666, 'image', 'pistil', '../resources/uploads/images/0egNw1QvtzWl0eU.png', '2017-02-12', 1),
(667, 'image', 'CROSS POLINATION', '../resources/uploads/images/EZfW3MugRdI8sGh.jpg', '2017-02-12', 1),
(668, 'image', 'SELF POLLINATION', '../resources/uploads/images/hDXttticvrRUzCP.gif', '2017-02-12', 1),
(669, 'image', 'Monocot', '../resources/uploads/images/UYkSdj8nB7ca5av.png', '2017-02-12', 1),
(670, 'image', 'dicot', '../resources/uploads/images/xQtl1FhrvE56WJW.png', '2017-02-12', 1),
(671, 'image', 'monocot seed', '../resources/uploads/images/A5BKn37Mpi3uhdm.png', '2017-02-12', 1),
(672, 'image', 'dicot seed', '../resources/uploads/images/ibcaW0JkVGSpsQP.gif', '2017-02-12', 1),
(673, 'image', 'bean dicot', '../resources/uploads/images/g3ZudXWbvR4zmNh.jpg', '2017-02-12', 1),
(674, 'image', 'dicotyledon', '../resources/uploads/images/guI5IhqRitZkOf8.jpg', '2017-02-12', 1),
(675, 'image', 'hypogeal', '../resources/uploads/images/G0p9MbCPyP0VUZl.jpg', '2017-02-13', 1),
(676, 'image', 'geotropism', '../resources/uploads/images/5YMNHY3NoVxIzlO.jpg', '2017-02-13', 1),
(677, 'image', 'hydro tropism', '../resources/uploads/images/LCtwaJq8Xuo8jUF.png', '2017-02-13', 1),
(678, 'image', '3area', '../resources/uploads/images/39OFjfP0aDHZp3u.png', '2017-02-13', 1),
(679, 'image', 'root nodules', '../resources/uploads/images/JKyo17XVUAXMLLk.png', '2017-02-13', 1),
(680, 'image', 'fruits', '../resources/uploads/images/q0t5T3XzLYsygFa.jpg', '2017-02-13', 1),
(681, 'image', 'VEGETABLES', '../resources/uploads/images/t9S2LhxJPR8X6RX.jpg', '2017-02-13', 1),
(682, 'image', 'axe', '../resources/uploads/images/WJTlFZ1odbl3Z8O.jpg', '2017-02-13', 1),
(683, 'image', 'tractor', '../resources/uploads/images/MXRT44GTkeAcpSX.png', '2017-02-13', 1),
(684, 'image', 'plough', '../resources/uploads/images/vdVLRn9LzK41IMC.jpg', '2017-02-13', 1),
(685, 'image', 'Broadcasting', '../resources/uploads/images/SzQx5tVTYNljp7R.gif', '2017-02-13', 1),
(686, 'image', 'trowel', '../resources/uploads/images/FWaHq9kKowohTF8.jpg', '2017-02-13', 1),
(687, 'image', 'Slasher', '../resources/uploads/images/WktT7LD594Gpw39.jpg', '2017-02-13', 1),
(688, 'image', 'Hand fork', '../resources/uploads/images/eQ4eNtGAf0HchQ1.jpg', '2017-02-13', 1),
(689, 'image', 'Secateur', '../resources/uploads/images/bF9VY4haHtoHKmM.jpg', '2017-02-13', 1),
(690, 'image', 'weather chart', '../resources/uploads/images/NAt7O8elLz2ThxM.jpg', '2017-02-13', 1),
(691, 'image', 'hygrometer', '../resources/uploads/images/9x5RRPdlDcTgs9E.jpg', '2017-02-13', 1),
(692, 'image', 'FLOWERS P3', '../resources/uploads/images/sUF1DF6AhAqaMRp.jpg', '2017-02-15', 1),
(693, 'image', 'CATTLE P3', '../resources/uploads/images/HmJQJKGWiVsfBut.jpg', '2017-02-15', 1),
(694, 'image', 'SHEEP P3', '../resources/uploads/images/woEK6bAca9b7RTS.jpg', '2017-02-15', 1),
(695, 'image', 'stones p3', '../resources/uploads/images/jWkpkvBTz26TAlb.jpg', '2017-02-15', 1),
(696, 'image', 'animals p3', '../resources/uploads/images/Nyxh1HM0UbsWqnp.jpg', '2017-02-15', 1),
(697, 'image', 'women p3', '../resources/uploads/images/CRqQ6o7AiXEsufV.jpeg', '2017-02-15', 1),
(698, 'image', 'sugar p3', '../resources/uploads/images/42aQK7CH9j1nt5W.jpg', '2017-02-15', 1),
(699, 'image', 'soil p3', '../resources/uploads/images/vmik6Cb5jJRCnu7.jpg', '2017-02-15', 1),
(700, 'image', 'man p3', '../resources/uploads/images/9wgVuOLkoTU1TPR.jpeg', '2017-02-15', 1),
(701, 'image', 'woman', '../resources/uploads/images/3XwvG552QUcRB1z.jpg', '2017-02-15', 1),
(702, 'image', 'ram p3', '../resources/uploads/images/FQWHAQ8NFIjr7KJ.jpg', '2017-02-15', 1),
(703, 'image', 'ewe p3', '../resources/uploads/images/fdq1z1nJZ8ZdnDH.jpg', '2017-02-15', 1),
(704, 'image', 'abc p3', '../resources/uploads/images/ZlonLvfnd75V0oz.jpg', '2017-02-15', 1),
(705, 'image', 'teacher p3', '../resources/uploads/images/KpD9rRzRpZBLyvE.png', '2017-02-15', 1),
(706, 'image', 'policeman p3', '../resources/uploads/images/vKr61S3lQDAgcvj.jpg', '2017-02-15', 1),
(707, 'image', 'doctor p3', '../resources/uploads/images/cajmix7kNmEOqFW.jpg', '2017-02-15', 1),
(708, 'image', 'CAMPUS', '../resources/uploads/images/W4SjS94DVyjOztS.jpg', '2017-02-15', 1),
(709, 'image', 'mountain p3', '../resources/uploads/images/nImSN0DexxgBSj4.jpg', '2017-02-15', 1),
(710, 'image', 'river p3', '../resources/uploads/images/m4KkbfV4DXKu365.jpeg', '2017-02-15', 1),
(711, 'image', '4 sunny weather', '../resources/uploads/images/53fggrLKUm2nDHH.jpg', '2017-02-16', 1),
(712, 'image', '5POULTRY', '../resources/uploads/images/xXpMBQwqSdYzKNn.png', '2017-02-16', 1),
(713, 'image', '3QUILL', '../resources/uploads/images/onYo2VoycC5jvqG.jpg', '2017-02-16', 1),
(714, 'image', 'HEN LABELLED', '../resources/uploads/images/dwVUpcDpWgbCxJH.jpg', '2017-02-16', 1),
(715, 'image', 'candling', '../resources/uploads/images/8U7L3tj2CtXnptG.jpg', '2017-02-16', 1),
(716, 'image', 'Egg Label', '../resources/uploads/images/ldlpS4gDUE671PH.jpg', '2017-02-16', 1),
(717, 'image', 'feeding trough', '../resources/uploads/images/a5gSfcYnmZTAKnS.jpg', '2017-02-16', 1),
(718, 'image', 'digestive', '../resources/uploads/images/Wj3osnHSEAKR30D.jpg', '2017-02-16', 1),
(719, 'image', 'deep litter', '../resources/uploads/images/S2vRli2xTjBwSMd.jpg', '2017-02-16', 1),
(720, 'image', 'free range', '../resources/uploads/images/8OUmoE5gQAe6nbE.png', '2017-02-16', 1),
(721, 'image', 'fold pen', '../resources/uploads/images/nOooF7EWuFZq7to.jpg', '2017-02-16', 1),
(722, 'image', 'battery cage', '../resources/uploads/images/upYcxpxX6C8KtHk.jpg', '2017-02-16', 1),
(723, 'image', 'egg eating', '../resources/uploads/images/UlLBjISW0I4OzrV.jpg', '2017-02-16', 1),
(724, 'image', 'endo parasites', '../resources/uploads/images/CscVoXkCSMS26va.jpg', '2017-02-16', 1),
(725, 'image', 'natural incubation', '../resources/uploads/images/PM2vCDcRSqWM9Zc.jpg', '2017-02-16', 1),
(726, 'image', 'INCUBATOR', '../resources/uploads/images/BlGuV5R9EpgaCdI.jpg', '2017-02-16', 1),
(727, 'image', 'Brooder', '../resources/uploads/images/tPD8iv3D1dVWP4s.jpg', '2017-02-16', 1),
(728, 'image', 'BEES', '../resources/uploads/images/Olkpdq9OXtdNuMW.png', '2017-02-16', 1),
(729, 'image', 'BEE WAX', '../resources/uploads/images/eI378LTGvJpfxlS.jpg', '2017-02-16', 1),
(730, 'image', 'cycle of bee', '../resources/uploads/images/7InDti1alcA9Bd5.gif', '2017-02-16', 1),
(731, 'image', 'worker bee', '../resources/uploads/images/Aj1dl9Qwy80FooP.jpg', '2017-02-16', 1),
(732, 'image', 'MODERN', '../resources/uploads/images/zrxBB1BUBd20e0t.jpg', '2017-02-16', 1),
(733, 'image', 'traditional hive', '../resources/uploads/images/Fzh7rC7YxYuJjuo.jpg', '2017-02-16', 1),
(734, 'image', 'Swarm net', '../resources/uploads/images/3VPSWYjnQDO3t8l.jpg', '2017-02-16', 1),
(735, 'image', 'bee costume', '../resources/uploads/images/FJJwFISpp7rY6dV.jpg', '2017-02-16', 1),
(736, 'image', 'DIGESTIVE SYSTEM', '../resources/uploads/images/z5ojWzUUgvkBXtg.jpg', '2017-02-16', 1),
(737, 'image', 'peristalisis', '../resources/uploads/images/BckoyntMh5cXpN3.gif', '2017-02-16', 1),
(738, 'image', 'duodenum', '../resources/uploads/images/GUEAGyPlnrie81i.jpg', '2017-02-16', 1),
(739, 'image', 'large intestines', '../resources/uploads/images/FtWsYGzJ9G0PZbw.jpg', '2017-02-16', 1),
(740, 'image', 'EATING HABITS', '../resources/uploads/images/R5gEYA2q6sx9g1e.jpg', '2017-02-16', 1),
(741, 'image', 'houseflies', '../resources/uploads/images/kiRTGAO1QPp0Qj1.jpg', '2017-02-17', 1),
(742, 'image', 'ORS', '../resources/uploads/images/apANhRVGyncz0Lo.gif', '2017-02-17', 1),
(743, 'image', 'aedes mosquito', '../resources/uploads/images/y14GOc02dvPqROb.jpg', '2017-02-17', 1),
(744, 'image', 'healthcard', '../resources/uploads/images/You719rxpqo9wXQ.gif', '2017-02-17', 1),
(745, 'image', 'ruler', '../resources/uploads/images/CxaaZF1DomkD5My.png', '2017-02-17', 1),
(746, 'image', 'tape measure', '../resources/uploads/images/zu9fW02DraX6gQD.jpg', '2017-02-17', 1),
(747, 'image', 'hand span', '../resources/uploads/images/56vB9hyZKVGD5MI.png', '2017-02-17', 1),
(748, 'image', 'footspan', '../resources/uploads/images/UUSR20w1t8Glt6q.gif', '2017-02-17', 1),
(749, 'image', 'rectangle area', '../resources/uploads/images/Sgdk2p1ZdUrzojp.jpg', '2017-02-17', 1),
(750, 'image', 'rect', '../resources/uploads/images/9EAO2dsvF1jDhbo.png', '2017-02-17', 1),
(751, 'image', 'CYLINDER', '../resources/uploads/images/OxdTVRbCVjCdNog.png', '2017-02-17', 1),
(752, 'image', 'CUBE', '../resources/uploads/images/sxwmNntIoIbbfbO.png', '2017-02-17', 1),
(753, 'image', 'CUBOID', '../resources/uploads/images/ajIZwiR3KVkEqAX.png', '2017-02-17', 1),
(754, 'image', 'STONE', '../resources/uploads/images/hHXU4l5WP6FB0OQ.png', '2017-02-17', 1),
(755, 'image', 'Cuboid lwh', '../resources/uploads/images/tZI0nNMSXJqE9dm.png', '2017-02-17', 1),
(756, 'image', 'volume of cuboid', '../resources/uploads/images/glzD0ddUPPzT7B9.gif', '2017-02-17', 1),
(757, 'image', 'OVERFLOW CAN', '../resources/uploads/images/ShYhcFOWrLupCgj.png', '2017-02-17', 1),
(758, 'image', 'MEASURING CAN', '../resources/uploads/images/x6tvx657qClDcL4.png', '2017-02-17', 1),
(759, 'image', 'Weighing scale', '../resources/uploads/images/xeN8m0prIcsRY5t.jpg', '2017-02-17', 1),
(760, 'image', 'beam balance', '../resources/uploads/images/SPgOsoSBU5g5M4L.png', '2017-02-17', 1),
(761, 'image', 'mdv', '../resources/uploads/images/JsKcLa7TmjkRfXp.jpg', '2017-02-17', 1),
(762, 'image', 'hydrometer', '../resources/uploads/images/ioums2IJt8syfPv.png', '2017-02-17', 1),
(763, 'image', 'densities', '../resources/uploads/images/OZxAzsJmtN4feIZ.jpg', '2017-02-17', 1),
(764, 'image', 'block of wood', '../resources/uploads/images/zA2o2UYzGXggo9B.jpg', '2017-02-17', 1),
(765, 'image', 'UPTHRUST', '../resources/uploads/images/8iIPx5e7cQoH0wn.jpeg', '2017-02-17', 1),
(766, 'image', 'MOTHER', '../resources/uploads/images/p7UK3jJ1fjL5tPo.png', '2017-02-18', 1),
(767, 'image', 'CHILDREN', '../resources/uploads/images/xozTFnYLKPmkKxX.gif', '2017-02-18', 1),
(768, 'image', 'father planting', '../resources/uploads/images/IfkO2udHbzusaBa.jpg', '2017-02-18', 1),
(769, 'image', 'girl washing', '../resources/uploads/images/mXtgXFR4ZXALIsF.png', '2017-02-18', 1),
(770, 'image', 'POLICE STA', '../resources/uploads/images/c5K5ZewUG91PHlP.jpg', '2017-02-18', 1),
(771, 'image', 'HOSPITAL', '../resources/uploads/images/1TnvBuKBVPuqfS1.png', '2017-02-18', 1),
(772, 'image', 'SCHOOL', '../resources/uploads/images/uiPjL7YZ0ncXwQj.png', '2017-02-18', 1),
(773, 'image', 'HOSPITAL', '../resources/uploads/images/oyfH72iaIWIsgCQ.png', '2017-02-18', 1),
(774, 'image', 'CHURCH', '../resources/uploads/images/1POWQBl7CqY0nFY.gif', '2017-02-18', 1),
(775, 'image', 'MOSQUE', '../resources/uploads/images/uSUsvvU0ilSbCMq.png', '2017-02-18', 1),
(776, 'image', 'FARMER', '../resources/uploads/images/6h6Huo4lgkJqRP4.png', '2017-02-18', 1),
(777, 'image', 'FISHERMAN', '../resources/uploads/images/uvzlAQ8SRr5CLyU.gif', '2017-02-18', 1),
(778, 'image', 'barber', '../resources/uploads/images/sWjJS0PKKCzDPjz.jpg', '2017-02-18', 1),
(779, 'image', 'dentist', '../resources/uploads/images/jkFKsmtWtSavEUw.jpg', '2017-02-18', 1),
(780, 'image', 'rubbish pit', '../resources/uploads/images/UzMMjORGqWGOYFy.jpg', '2017-02-18', 1),
(781, 'image', 'bush', '../resources/uploads/images/R7eoOURGs50uAYU.jpg', '2017-02-18', 1),
(782, 'image', 'PRAYING', '../resources/uploads/images/VZL2KBgn1yNxYSW.jpeg', '2017-02-18', 1),
(783, 'image', 'DANCING', '../resources/uploads/images/NdojTbCLadYIf47.png', '2017-02-18', 1),
(784, 'image', 'EATING', '../resources/uploads/images/hLQbG5OZZ0vSmuf.png', '2017-02-18', 1),
(785, 'image', 'Cultural dancing', '../resources/uploads/images/PT2wVoBCDZ1F1tX.png', '2017-02-18', 1),
(786, 'image', 'cleaning p3', '../resources/uploads/images/Tkq5EYTGjiT28PK.jpg', '2017-02-18', 1),
(787, 'image', 'playing p3', '../resources/uploads/images/IblCg46VbCNbXZv.jpeg', '2017-02-18', 1),
(788, 'image', 'HUGGING', '../resources/uploads/images/GbiIHgpARg4rjoA.jpg', '2017-02-18', 1),
(789, 'image', 'CUP', '../resources/uploads/images/Lm33ekNLvMLNJ9d.jpg', '2017-02-18', 1),
(790, 'image', 'TREE', '../resources/uploads/images/ze9CGBeYCCzR2my.jpg', '2017-02-18', 1),
(791, 'image', 'CIRCLES CONCENTRIC', '../resources/uploads/images/E0BRgO8DSZc5uUA.gif', '2017-02-18', 1),
(792, 'image', 'CAR', '../resources/uploads/images/sKpccwCcreyzNxk.png', '2017-02-18', 1),
(793, 'image', 'CAR', '../resources/uploads/images/w3A8AXuzbG0kULc.png', '2017-02-18', 1),
(794, 'image', 'fatter p4', '../resources/uploads/images/rkhcyr6SCnr7BSz.jpg', '2017-02-18', 1),
(795, 'image', 'compass', '../resources/uploads/images/OUlmTuqUI5GlrdM.gif', '2017-02-18', 1),
(796, 'image', 'scale', '../resources/uploads/images/D7omWqPZGaTKqBx.jpg', '2017-02-18', 1),
(797, 'image', 'symbols1', '../resources/uploads/images/UUD5pui8G3n7YNk.png', '2017-02-19', 1),
(798, 'image', 'symbols2', '../resources/uploads/images/E0kAA9C67wC4f0N.png', '2017-02-19', 1),
(799, 'image', 'Symbols3', '../resources/uploads/images/6EpLr9U3hFFk5QJ.png', '2017-02-19', 1),
(800, 'image', 'Map Kampala', '../resources/uploads/images/uWNMYL9Y8LIIrQT.jpg', '2017-02-19', 1),
(801, 'image', 'landscape', '../resources/uploads/images/iijOyGizrhSBSc1.png', '2017-02-19', 1),
(802, 'image', 'lake', '../resources/uploads/images/5Nd3MBts8vj33QF.png', '2017-02-19', 1),
(803, 'image', 'swamp', '../resources/uploads/images/8WxsEpsN5WgCUX0.jpg', '2017-02-19', 1),
(804, 'image', 'arresting', '../resources/uploads/images/4jg5RZ8I69rXeu4.png', '2017-02-19', 1),
(805, 'image', 'thief', '../resources/uploads/images/ezVQgvuBuXtoKFK.jpg', '2017-02-19', 1),
(806, 'image', 'potter', '../resources/uploads/images/0UXHWgel4ec05BO.jpg', '2017-02-19', 1),
(807, 'image', 'miner', '../resources/uploads/images/i84Ulxg3xUlNyxR.png', '2017-02-19', 1),
(808, 'image', 'wolf p4', '../resources/uploads/images/kljiELnQUbv00lG.jpg', '2017-02-19', 1),
(809, 'image', 'looking p4', '../resources/uploads/images/FevShYpBRhddazV.png', '2017-02-19', 1),
(810, 'image', 'DRINKING P4', '../resources/uploads/images/4VtYc3sNoXuMAh6.jpg', '2017-02-19', 1),
(811, 'image', 'Plant p4', '../resources/uploads/images/zby9UjqlUIWg3qA.jpg', '2017-02-19', 1),
(812, 'image', 'housee', '../resources/uploads/images/hroPlqqpw4EA23k.jpg', '2017-02-19', 1),
(813, 'image', 'map table', '../resources/uploads/images/zj8ob9U23RsXA7X.jpg', '2017-02-19', 1),
(814, 'image', 'map house', '../resources/uploads/images/j2KkaXhbah3Nchn.png', '2017-02-19', 1),
(815, 'image', 'world', '../resources/uploads/images/XJftFDsXQN74TKs.png', '2017-02-19', 1),
(816, 'image', 'UGANDA', '../resources/uploads/images/K9pwp363mLLiDhZ.gif', '2017-02-19', 1),
(817, 'image', 'kampala', '../resources/uploads/images/LW55dFR0ufOjJjV.jpg', '2017-02-19', 1),
(818, 'image', 'IMPALA', '../resources/uploads/images/1ZzNqvkvSruG3kP.jpg', '2017-02-20', 1),
(819, 'image', 'ISLAND', '../resources/uploads/images/Pfv7VKlzsbZqotr.jpg', '2017-02-20', 1),
(820, 'image', 'traffic jam', '../resources/uploads/images/umD8I8ZMpLzcF9V.jpg', '2017-02-20', 1),
(821, 'image', 'B.O.U', '../resources/uploads/images/0U7UbwJppAnGpg5.jpg', '2017-02-20', 1),
(822, 'image', 'PLATEAU', '../resources/uploads/images/0tmT7Tbg32Yg95J.jpg', '2017-02-20', 1),
(823, 'image', 'MOUNTAIN', '../resources/uploads/images/uPFQQS5Q040ijfs.jpg', '2017-02-20', 1),
(824, 'image', 'LAKE', '../resources/uploads/images/2yYdNI11gYECVln.jpg', '2017-02-20', 1),
(825, 'image', 'label river', '../resources/uploads/images/aVDNZa0LVCU4PTh.gif', '2017-02-20', 1),
(826, 'image', 'elgon', '../resources/uploads/images/4PukTJ5NAfxekDE.png', '2017-02-20', 1),
(827, 'image', 'Concentric', '../resources/uploads/images/7K6h2j6caUUy8iw.gif', '2017-02-20', 1),
(828, 'image', 'VALLEY', '../resources/uploads/images/bbVfoVXrzZuEo3c.png', '2017-02-20', 1),
(829, 'image', 'VOLCANO', '../resources/uploads/images/7VxF2S6p8VnGD9r.jpg', '2017-02-20', 1),
(830, 'image', 'Neighbour', '../resources/uploads/images/r8CW5aaKY8apEBT.png', '2017-02-20', 1),
(831, 'image', 'RIFTVALLEY', '../resources/uploads/images/mvS9ln81qLq4d2K.jpeg', '2017-02-20', 1),
(832, 'image', 'CALDERA', '../resources/uploads/images/NbCke6z3bouMRWD.jpg', '2017-02-20', 1),
(833, 'image', 'victoria', '../resources/uploads/images/1rflXbo3MyTcvHK.gif', '2017-02-20', 1),
(834, 'image', 'kyoga', '../resources/uploads/images/ddfHs5lJgT1tfr6.jpg', '2017-02-21', 1),
(835, 'image', 'rivers map', '../resources/uploads/images/osnP59YSwltIwmR.jpg', '2017-02-21', 1),
(836, 'image', 'RIVER STAGES', '../resources/uploads/images/TVpe7NQ6UPDG7l8.jpg', '2017-02-21', 1),
(837, 'image', 'VOLCANIC', '../resources/uploads/images/iOqAsF98RW4aX5x.png', '2017-02-21', 1),
(838, 'image', 'rift valleyformation', '../resources/uploads/images/DzQ0GhrIqnnZ9Of.jpg', '2017-02-21', 1),
(839, 'image', 'block mount', '../resources/uploads/images/8RZ5IajOZ3hyJTu.png', '2017-02-21', 1),
(840, 'image', 'semi arid', '../resources/uploads/images/WCQ4wTes5F7Q2en.jpg', '2017-02-21', 1),
(841, 'image', 'TEA', '../resources/uploads/images/nIR6bENIwPzP3z5.jpg', '2017-02-21', 1),
(842, 'image', 'Coffee', '../resources/uploads/images/H7dlleQT0tuf4PL.jpg', '2017-02-21', 1),
(843, 'image', 'Sugarcane', '../resources/uploads/images/2k6fMxodnhml2Xt.jpg', '2017-02-21', 1),
(844, 'image', 'cotton', '../resources/uploads/images/wYzOkGOqwRIhOqX.jpg', '2017-02-21', 1),
(845, 'image', 'wheat', '../resources/uploads/images/W5XxnE5ScTO2F3f.jpg', '2017-02-21', 1),
(846, 'image', 'tobbaco', '../resources/uploads/images/D7gM3qPJhigQjPj.jpg', '2017-02-21', 1),
(847, 'image', 'irrigation', '../resources/uploads/images/HeP9sXGVg4ed44V.jpg', '2017-02-21', 1),
(848, 'image', 'Natural Veg', '../resources/uploads/images/RbVqvJpErfP56C7.jpg', '2017-02-21', 1),
(849, 'image', 'TROPICAL', '../resources/uploads/images/cZcz6nMkQeO7rsG.jpeg', '2017-02-21', 1),
(850, 'image', 'savanah', '../resources/uploads/images/cd0tKmEI6V7tIb7.jpg', '2017-02-21', 1),
(851, 'image', 'semi desert', '../resources/uploads/images/XTtG27R5806A3qS.jpg', '2017-02-21', 1),
(852, 'image', 'mount vegetation', '../resources/uploads/images/5ep0JcdlTsbO6et.jpg', '2017-02-21', 1),
(853, 'image', 'industries', '../resources/uploads/images/K6XMnYhyRIN8zmu.jpg', '2017-02-21', 1),
(854, 'image', 'tilapia', '../resources/uploads/images/NLaW3WgbFsWkSvW.jpg', '2017-02-21', 1),
(855, 'image', 'Nileperch', '../resources/uploads/images/FtKxE4u6Vjy87Ky.png', '2017-02-21', 1),
(856, 'image', 'bush burning', '../resources/uploads/images/0iAijc6EgBRlqfi.jpg', '2017-02-21', 1),
(857, 'image', 'bushburning', '../resources/uploads/images/d6kAIQWCooyWAjX.jpg', '2017-02-21', 1),
(858, 'image', 'poor roads', '../resources/uploads/images/3tE6Y3bysb1bqcu.jpg', '2017-02-21', 1),
(859, 'image', 'GAME RESERVES', '../resources/uploads/images/J2qoD0JUBFndQjg.gif', '2017-02-21', 1),
(860, 'image', 'Kasubi', '../resources/uploads/images/jxHUtBe1voPryfS.jpg', '2017-02-21', 1),
(861, 'image', 'tool box p5', '../resources/uploads/images/BU7jWEyMI23zA30.jpg', '2017-02-23', 1),
(862, 'image', 'EAST AFRICA', '../resources/uploads/images/jRGnQkbHy80nrMk.jpg', '2017-02-23', 1),
(863, 'image', 'taxi p5', '../resources/uploads/images/fX02fQZ1ZMg6c5Q.jpg', '2017-02-23', 1),
(864, 'image', 'coach p5', '../resources/uploads/images/21Cvn5rNPhC0t4p.jpg', '2017-02-23', 1),
(865, 'image', 'cycle p5', '../resources/uploads/images/5Xz3JKaN2mCPxGC.jpg', '2017-02-23', 1),
(866, 'image', 'AIRPORT P5', '../resources/uploads/images/tJNG9jCjIZGSwrS.jpg', '2017-02-23', 1),
(867, 'image', 'longitudes', '../resources/uploads/images/cT5cgDZBCBMVoGo.gif', '2017-02-23', 1),
(868, 'image', 'earth rotation', '../resources/uploads/images/DEs5wtOu3ZGROHy.jpg', '2017-02-24', 1),
(869, 'image', 'earth revolution', '../resources/uploads/images/ri1KT47YP7OxDsL.gif', '2017-02-24', 1),
(870, 'image', 'features', '../resources/uploads/images/IwsjRvP1TQtzUSv.gif', '2017-02-24', 1),
(871, 'image', 'hosrt', '../resources/uploads/images/TDHUsWTEcsmehB9.png', '2017-02-24', 1),
(872, 'image', 'compression', '../resources/uploads/images/GRph7fgB3p8PQ3T.png', '2017-02-24', 1),
(873, 'image', 'Lakes east africa', '../resources/uploads/images/1B4bi4tPx4xbbrf.png', '2017-02-24', 1),
(874, 'image', 'founders', '../resources/uploads/images/mUmDlBE8hl8pQQd.jpg', '2017-02-24', 1),
(875, 'image', 'signing the treaty', '../resources/uploads/images/cWLiBV660mXbQbC.jpg', '2017-02-24', 1),
(876, 'image', 'eac flag', '../resources/uploads/images/GqxD2x8t8lwjwzW.png', '2017-02-24', 1),
(877, 'image', 'coat of arms', '../resources/uploads/images/ShJw5NJGm7rRBBN.png', '2017-02-24', 1),
(878, 'image', 'comesa', '../resources/uploads/images/ULugVkrcFQiyG45.jpg', '2017-02-24', 1),
(879, 'image', 'Pick axe', '../resources/uploads/images/Bo0crKI0cJ1dNXq.jpg', '2017-02-25', 1),
(880, 'image', 'bolas', '../resources/uploads/images/WHdpXxPvfoelCuL.png', '2017-02-25', 1),
(881, 'image', 'cleaver', '../resources/uploads/images/XwGjgAkurAu6JUn.jpg', '2017-02-25', 1),
(882, 'image', 'hand axe', '../resources/uploads/images/XcwAPlmce0oJpg0.jpg', '2017-02-25', 1),
(883, 'image', 'spear', '../resources/uploads/images/LjuQ8nBKArr8XxS.jpg', '2017-02-25', 1),
(884, 'image', 'stone spear', '../resources/uploads/images/Sv62bYxNhXVdhjs.jpg', '2017-02-25', 1),
(885, 'image', 'bow and arrow', '../resources/uploads/images/Ov0ALtf3eyUkWfp.jpg', '2017-02-25', 1),
(886, 'image', 'cave', '../resources/uploads/images/FYh7TOyIqIFEjwt.jpg', '2017-02-25', 1),
(887, 'image', 'zebra crossing p6', '../resources/uploads/images/edwqYWFtvIYrMoI.jpg', '2017-02-26', 1),
(888, 'image', 'first aid box', '../resources/uploads/images/Ylnva0EB9NxKrUI.jpg', '2017-02-26', 1),
(889, 'image', 'roundabout p6', '../resources/uploads/images/xFiFDoYJzxmlHh7.jpg', '2017-02-26', 1),
(890, 'image', 'Location of Africa', '../resources/uploads/images/3KtJ9Y7muLJikSd.jpg', '2017-03-01', 1),
(891, 'image', 'Map of Africa', '../resources/uploads/images/kK5YRPtPbFsnm1a.gif', '2017-03-01', 1),
(892, 'image', 'africa', '../resources/uploads/images/iYwldgElwGH8wmB.png', '2017-03-01', 1),
(893, 'image', '16 compass', '../resources/uploads/images/Z9XdeG9kdbVh0sv.jpg', '2017-03-01', 1),
(894, 'image', 'compass16', '../resources/uploads/images/u1D6I8IsOdmUM3H.gif', '2017-03-01', 1),
(895, 'image', 'REGIONS AFRICA', '../resources/uploads/images/kPSYh4HnM12lF9Y.png', '2017-03-01', 1),
(896, 'image', 'OX BOW', '../resources/uploads/images/gjfa3ceXP3pbAop.png', '2017-03-01', 1),
(897, 'image', 'fold mountains', '../resources/uploads/images/P4QErTMhUC02zgr.jpg', '2017-03-01', 1),
(898, 'image', 'Climate Africa', '../resources/uploads/images/PxiM58HY1JPcsNE.gif', '2017-03-02', 1),
(899, 'image', 'Vegetation Africa', '../resources/uploads/images/d4FU4cuMyDu7adq.gif', '2017-03-02', 1),
(900, 'image', 'desert chart', '../resources/uploads/images/8Ssv0GIwKA6aPWN.jpg', '2017-03-02', 1),
(901, 'image', 'meditar', '../resources/uploads/images/JF0UlOmrITSnTAx.jpg', '2017-03-02', 1),
(902, 'image', 'desert vegetation', '../resources/uploads/images/soYlrVmFpzRMuHc.jpg', '2017-03-02', 1),
(903, 'image', 'TEMPERATE', '../resources/uploads/images/qty1uXh62ToWW82.jpg', '2017-03-02', 1),
(904, 'image', 'Mangrove', '../resources/uploads/images/DRHGhxy2pTS31uW.jpg', '2017-03-02', 1),
(905, 'image', 'dog family', '../resources/uploads/images/1pLlua0pGawuMVx.jpg', '2017-03-02', 1),
(906, 'image', 'cat family', '../resources/uploads/images/dy7XVofvHdnbCfZ.png', '2017-03-02', 1),
(907, 'image', 'Hedgehog', '../resources/uploads/images/irXNgZGsyFZhAbC.jpg', '2017-03-02', 1),
(908, 'image', 'bats', '../resources/uploads/images/zjAKUklnQN0vZ4r.png', '2017-03-02', 1),
(909, 'image', 'kangaroo', '../resources/uploads/images/TMV7j8NRvJQ8xCK.jpg', '2017-03-02', 1),
(910, 'image', 'platypus', '../resources/uploads/images/7LHCc4Ie35iU3hl.jpg', '2017-03-02', 1),
(911, 'image', 'bluewhale', '../resources/uploads/images/0jcBMSdYD4q6huK.jpg', '2017-03-02', 1),
(912, 'image', 'bird label', '../resources/uploads/images/QEO75PgHWrIxCpJ.jpg', '2017-03-02', 1),
(913, 'image', 'eagle', '../resources/uploads/images/1dFPMje3l28tr6Z.jpg', '2017-03-02', 1),
(914, 'image', 'claws', '../resources/uploads/images/JkGFrz1J1OKMT5Y.jpg', '2017-03-02', 1),
(915, 'image', 'beak', '../resources/uploads/images/iWSmEzc4Vig4rhI.gif', '2017-03-02', 1),
(916, 'image', 'swallow', '../resources/uploads/images/ZWFIaSVwyNZ6B5g.png', '2017-03-02', 1),
(917, 'image', 'hornbill', '../resources/uploads/images/5Rs5dnfVomy1jDh.jpg', '2017-03-03', 1),
(918, 'image', 'sunbird', '../resources/uploads/images/c8lhtsDA1ORBNcu.jpg', '2017-03-03', 1),
(919, 'image', 'pigeon', '../resources/uploads/images/XDhpTExqUbPmfVv.jpg', '2017-03-03', 1),
(920, 'image', 'duck', '../resources/uploads/images/u5MhuHuoaLTzXzI.png', '2017-03-03', 1),
(921, 'image', 'woodpecker', '../resources/uploads/images/QbZX0TNYRZAUp2o.jpg', '2017-03-03', 1),
(922, 'image', 'ostrich', '../resources/uploads/images/LjcPjwEsG0KD81W.jpg', '2017-03-03', 1),
(923, 'image', 'crow', '../resources/uploads/images/zC0vJGCv6ha9glT.png', '2017-03-03', 1),
(924, 'image', 'SNAKES', '../resources/uploads/images/LSq2n66IUQzvGnz.png', '2017-03-03', 1),
(925, 'image', 'CONSTRICTOR', '../resources/uploads/images/SOiXdrWwXN97HMk.jpg', '2017-03-03', 1),
(926, 'image', 'viper', '../resources/uploads/images/O0d9bMj7FKjJNbX.jpg', '2017-03-04', 1),
(927, 'image', 'TORTOISE, TURTLE', '../resources/uploads/images/jROu4GXLdntYXW6.png', '2017-03-04', 1),
(928, 'image', 'Crocodile', '../resources/uploads/images/48xc8ZDTpmFJbMu.png', '2017-03-04', 1),
(929, 'image', 'fish labelled', '../resources/uploads/images/i7Wq76uCpPmZktD.jpg', '2017-03-04', 1),
(930, 'image', 'Dog fish', '../resources/uploads/images/eIVKdX7Jqs1VCGw.png', '2017-03-04', 1),
(931, 'image', 'salmon', '../resources/uploads/images/T0qTK9H9VXasSQn.gif', '2017-03-04', 1),
(932, 'image', 'GILL', '../resources/uploads/images/tX7hz4TIFOXwvjo.gif', '2017-03-04', 1),
(933, 'image', 'FROG LIFE CYCLE', '../resources/uploads/images/lHo8VxZUoO6juLy.jpg', '2017-03-04', 1),
(934, 'image', 'star fish', '../resources/uploads/images/94vqzCtk453YTM9.jpg', '2017-03-04', 1),
(935, 'image', 'jelly fish', '../resources/uploads/images/jfByUGHZdiSh70c.jpg', '2017-03-04', 1),
(936, 'image', 'sponges', '../resources/uploads/images/LoSAMvzmhO5sIhN.jpg', '2017-03-04', 1),
(937, 'image', 'snail', '../resources/uploads/images/WsP25Hz26qZHToy.jpg', '2017-03-04', 1),
(938, 'image', 'SEGMENTED WORMS', '../resources/uploads/images/Tx2ZTN2y0uchOMC.jpg', '2017-03-04', 1),
(939, 'image', 'liverfluke', '../resources/uploads/images/sRZMOh41naOtQtM.jpg', '2017-03-04', 1),
(940, 'image', 'round worm', '../resources/uploads/images/VwkP9ZEgucLmGvy.jpg', '2017-03-04', 1),
(941, 'image', 'myriad', '../resources/uploads/images/Zg728izVpalJcqt.jpg', '2017-03-04', 1),
(942, 'image', 'tick', '../resources/uploads/images/cqfJu6lYUIRDAyc.jpg', '2017-03-04', 1),
(943, 'image', 'spider', '../resources/uploads/images/uWviHmfFWhKdsYK.jpg', '2017-03-04', 1),
(944, 'image', 'scorpion', '../resources/uploads/images/O3mzhqZcRNiYMOM.jpg', '2017-03-04', 1),
(945, 'image', 'mite', '../resources/uploads/images/Ngif5eCsriX0Tlh.jpg', '2017-03-04', 1),
(946, 'image', 'cray fish', '../resources/uploads/images/VuNOp7tSIbydn3K.jpg', '2017-03-04', 1),
(947, 'image', 'insect', '../resources/uploads/images/zQBuT20zeXSaRQL.gif', '2017-03-04', 1),
(948, 'image', 'HOUSEFLY LIFE', '../resources/uploads/images/DWPrnk8X8x6llHw.gif', '2017-03-04', 1),
(949, 'image', 'MOSQUITOES', '../resources/uploads/images/IUbVqj7J158bi7i.jpg', '2017-03-04', 1),
(950, 'image', 'mosquito life cycle', '../resources/uploads/images/phssMM1Nz0k4ekW.gif', '2017-03-04', 1),
(951, 'image', 'INCOMPLETE', '../resources/uploads/images/YYwRoG4r0g1EY0f.gif', '2017-03-04', 1),
(952, 'image', 'Incomplete Gra', '../resources/uploads/images/RMFydMDBrfnDStD.jpg', '2017-03-04', 1),
(953, 'image', 'amoeba', '../resources/uploads/images/kDlAEn0612MhH3g.jpg', '2017-03-04', 1),
(954, 'image', 'mushroom', '../resources/uploads/images/DKPBbC3oLYaPj1p.jpg', '2017-03-04', 1),
(955, 'image', 'SPEAKER', '../resources/uploads/images/cmNxtNEwdyqq9f0.png', '2017-03-04', 1),
(956, 'image', 'guitar', '../resources/uploads/images/y4UrMJqhKEXx6VZ.jpg', '2017-03-04', 1),
(957, 'image', 'piano', '../resources/uploads/images/ff8RKBbQjcVJtTN.jpg', '2017-03-04', 1),
(958, 'image', 'drum kit', '../resources/uploads/images/asthkVN4HPGlm4x.jpg', '2017-03-04', 1),
(959, 'image', 'adungu', '../resources/uploads/images/RgDVimsBQig2u4g.jpg', '2017-03-04', 1),
(960, 'image', 'vIOLIN', '../resources/uploads/images/ra4Wsb9O4ir0KQx.jpg', '2017-03-04', 1),
(961, 'image', 'whitsle', '../resources/uploads/images/RyfAGlaLNUE1H9w.png', '2017-03-04', 1),
(962, 'image', 'flute', '../resources/uploads/images/rrAZJqL7KU9neO2.png', '2017-03-04', 1),
(963, 'image', 'flute', '../resources/uploads/images/1uP7UPFqAZY3NPj.png', '2017-03-04', 1),
(964, 'image', 'trumpet', '../resources/uploads/images/qZ1AqQhbv7Qm0Qi.jpg', '2017-03-04', 1),
(965, 'image', 'cymbals', '../resources/uploads/images/PGmpTxJK7p5dGEn.jpg', '2017-03-04', 1),
(966, 'image', 'xylophone', '../resources/uploads/images/q0advOBc5Lok99C.jpg', '2017-03-04', 1),
(967, 'image', 'compact disc', '../resources/uploads/images/7UVbOxQJQKL9snL.jpg', '2017-03-04', 1),
(968, 'image', 'Ear drum', '../resources/uploads/images/ePBJW3dqGPqffvH.png', '2017-03-04', 1),
(969, 'image', 'red blood cells', '../resources/uploads/images/JeRZVYJTGiAYrZr.jpeg', '2017-03-04', 1),
(970, 'image', 'single circulation', '../resources/uploads/images/d7Mxz9pBDsLAS36.jpg', '2017-03-04', 1),
(971, 'image', 'double', '../resources/uploads/images/Wb9QGV4ZFcbCY08.jpg', '2017-03-04', 1),
(972, 'image', 'PLATELATES', '../resources/uploads/images/pYzmX7Rf3EN36M5.jpg', '2017-03-04', 1),
(973, 'image', 'WHITE BLOOD CELLS', '../resources/uploads/images/OfKHwSlCE9MKKZn.jpg', '2017-03-04', 1),
(974, 'image', 'human heart', '../resources/uploads/images/KcbCHFUwlaVjIvl.jpg', '2017-03-04', 1),
(975, 'image', 'Circulation', '../resources/uploads/images/2MHwTeI6vlKZUbp.jpg', '2017-03-04', 1),
(976, 'image', 'heart', '../resources/uploads/images/R1dR28HBDtDZTY2.gif', '2017-03-04', 1),
(977, 'image', 'VEINS, ARTERIES', '../resources/uploads/images/IaoYtqPtYCjwmQ3.png', '2017-03-04', 1),
(978, 'image', 'Capillaries', '../resources/uploads/images/JbCWiX25O1zc5EG.gif', '2017-03-04', 1),
(979, 'image', 'DISTILLATION', '../resources/uploads/images/6rGBlNzGtOYbbC8.png', '2017-03-04', 1),
(980, 'image', 'Cigar', '../resources/uploads/images/hLfjb0bflYsVGbv.jpg', '2017-03-04', 1),
(981, 'image', 'butterfly P1', '../resources/uploads/images/V4riQ19X6Myc0IZ.jpg', '2017-03-14', 1),
(982, 'image', 'toad P1', '../resources/uploads/images/8y1ohvpMKsn8UgC.png', '2017-03-14', 1),
(983, 'image', 'dog', '../resources/uploads/images/VtFjErxGOPoQREU.jpg', '2017-03-14', 1),
(984, 'image', 'socks p1', '../resources/uploads/images/LbMoDKOHplO2S7t.jpg', '2017-03-14', 1),
(985, 'image', 'father p1', '../resources/uploads/images/MwImIhIa4u3Sm2g.png', '2017-03-14', 1),
(986, 'image', 'woman p1', '../resources/uploads/images/0gChqqQWX8pTozb.png', '2017-03-14', 1),
(987, 'image', 'sweeping P1', '../resources/uploads/images/sPcMkHUYPPInYA0.gif', '2017-03-14', 1),
(988, 'image', 'Picture', '../resources/uploads/images/ISHq9araWYGD0Ip.png', '2017-03-14', 1),
(989, 'image', 'Walking p1', '../resources/uploads/images/fjx3g0qsdwM22OF.gif', '2017-03-14', 1),
(990, 'image', 'shark p1', '../resources/uploads/images/JIDWzlFAPssykHH.png', '2017-03-14', 1),
(991, 'image', 'sheep p1', '../resources/uploads/images/w6EgjpnG1B3n6ka.png', '2017-03-14', 1),
(992, 'image', 'ship p1', '../resources/uploads/images/EFi96wIa0wv0xNi.png', '2017-03-14', 1),
(993, 'image', 'man p1', '../resources/uploads/images/x3QlONbg6KOx4Jw.png', '2017-03-14', 1),
(994, 'image', 'tank p1', '../resources/uploads/images/3rnTTY4uBqY84hA.png', '2017-03-14', 1),
(995, 'image', 'cheese p1', '../resources/uploads/images/NwokCjUbYPjxuN6.png', '2017-03-14', 1),
(996, 'image', 'chat p1', '../resources/uploads/images/nkmmiR7oRAtZUyx.png', '2017-03-14', 1),
(997, 'image', 'chocolate p1', '../resources/uploads/images/Ip8FCOuOu3BqSYr.png', '2017-03-14', 1),
(998, 'image', 'chips p1', '../resources/uploads/images/Rq1brkyAIsihYDh.png', '2017-03-14', 1),
(999, 'image', 'cherry p1', '../resources/uploads/images/4XSuXTrwEHjkmTN.png', '2017-03-14', 1),
(1000, 'image', 'thumb p1', '../resources/uploads/images/m0wInYFZtSofGNq.jpg', '2017-03-14', 1),
(1001, 'image', 'moth p1', '../resources/uploads/images/ykAt3tg8U5vmCwP.png', '2017-03-14', 1),
(1002, 'image', 'thick book p1', '../resources/uploads/images/sugVTtv4brxJ0Rt.png', '2017-03-14', 1),
(1003, 'image', 'think p1', '../resources/uploads/images/L3BcSSjnrfswHgR.jpg', '2017-03-14', 1),
(1004, 'image', 'thin man p1', '../resources/uploads/images/cix33kTqAjR442B.jpg', '2017-03-14', 1),
(1005, 'image', 'king p1', '../resources/uploads/images/TyzNYvixTiQxGjD.png', '2017-03-14', 1),
(1006, 'image', 'bird p1', '../resources/uploads/images/tWlUkwPaWPPQNAQ.png', '2017-03-14', 1),
(1007, 'image', 'swing p1', '../resources/uploads/images/1ytuLJBF6YVA6uu.png', '2017-03-14', 1),
(1008, 'image', 'ring p1', '../resources/uploads/images/yqDshXaFysLtAMr.png', '2017-03-14', 1),
(1009, 'image', 'sing p1', '../resources/uploads/images/xM7UgqNmcovroXF.png', '2017-03-14', 1),
(1010, 'image', 'equivalent', '../resources/uploads/images/pk9vsdqbqRQgyGL.png', '2017-03-15', 1),
(1011, 'image', 'non equivalent', '../resources/uploads/images/pIUgpIa6RXtAXMh.png', '2017-03-15', 1),
(1012, 'image', 'Set K', '../resources/uploads/images/zC2Dkgb1cFRBynr.png', '2017-03-15', 1),
(1013, 'image', 'SET B', '../resources/uploads/images/VVJg2lKLGbXvC8B.png', '2017-03-15', 1),
(1014, 'image', 'SET Q', '../resources/uploads/images/F26IRLFQP7db7bx.png', '2017-03-15', 1),
(1015, 'image', 'SET M', '../resources/uploads/images/sTVRbm2yvrsWqEE.png', '2017-03-15', 1),
(1016, 'image', 'SET W', '../resources/uploads/images/6qADFGgDFEb7ZKB.png', '2017-03-15', 1),
(1017, 'image', 'Set T', '../resources/uploads/images/YlWbIcG5M0uaYuj.png', '2017-03-15', 1),
(1018, 'image', 'set d', '../resources/uploads/images/GL83EOklQdMjEqK.png', '2017-03-15', 1),
(1019, 'image', 'set e', '../resources/uploads/images/50hrZ321Yk1vu83.png', '2017-03-15', 1),
(1020, 'image', 'empty set', '../resources/uploads/images/yIgPtT3rRwjstyW.png', '2017-03-15', 1),
(1021, 'image', 'empty set symbol', '../resources/uploads/images/GxWMbfU6BuwJcpN.png', '2017-03-15', 1),
(1022, 'image', 'set r', '../resources/uploads/images/RnodOujpKmm00yp.png', '2017-03-15', 1),
(1023, 'image', 'set RR', '../resources/uploads/images/VKpffdwoiO7gFbC.png', '2017-03-15', 1),
(1024, 'image', 'SET P', '../resources/uploads/images/Vcn1N0ZSOzIdpEF.png', '2017-03-15', 0),
(1025, 'image', 'SET P', '../resources/uploads/images/f6M2cby6qRodMla.png', '2017-03-15', 1),
(1026, 'image', 'SET U', '../resources/uploads/images/YnxBbamgfHPbs9C.png', '2017-03-15', 1),
(1027, 'image', 'SET A', '../resources/uploads/images/PqOubEhr2MVsCuH.png', '2017-03-15', 1),
(1028, 'image', 'SET D', '../resources/uploads/images/kLl9plYlITRCnOd.png', '2017-03-15', 1),
(1029, 'image', 'SET Y', '../resources/uploads/images/nIJc0DxzOkPfZAL.png', '2017-03-15', 1),
(1030, 'image', 'AnB', '../resources/uploads/images/GgAaA6c2AZQQudB.png', '2017-03-15', 1),
(1031, 'image', 'Set U', '../resources/uploads/images/E6TUMSOahFEHa4N.png', '2017-03-15', 1),
(1032, 'image', 'set v', '../resources/uploads/images/zAGnZWL5ignlhGd.png', '2017-03-15', 1),
(1033, 'image', 'UnV', '../resources/uploads/images/3gkzJ1rvLM9N6VT.png', '2017-03-15', 1),
(1034, 'image', 'SET X', '../resources/uploads/images/RN5TPyJaGCNs6Z4.png', '2017-03-15', 1),
(1035, 'image', 'SET Y', '../resources/uploads/images/b4JcDR7eblwVx9I.png', '2017-03-15', 1),
(1036, 'image', 'XnY', '../resources/uploads/images/Sf8Czvn2EsjhlKo.png', '2017-03-15', 1),
(1037, 'image', 'G SET', '../resources/uploads/images/g39kpuizPBhkaZ9.png', '2017-03-15', 1),
(1038, 'image', 'H SET', '../resources/uploads/images/m1sREs9tELNCJAf.png', '2017-03-15', 1),
(1039, 'image', 'GUH', '../resources/uploads/images/N07nYzLGPcp059M.png', '2017-03-15', 1),
(1040, 'image', 'AUB', '../resources/uploads/images/n10ycNDSjbb20ya.png', '2017-03-16', 1),
(1041, 'image', '4SET A', '../resources/uploads/images/5UFv9SSCbDgcnmV.png', '2017-03-16', 1),
(1042, 'image', '4SET B', '../resources/uploads/images/KRstjz1wRZgPyGO.png', '2017-03-16', 1),
(1043, 'image', '4SET A ONLY', '../resources/uploads/images/cIhNgrNnvjlh4m4.png', '2017-03-16', 1),
(1044, 'image', '4SET B ONLY', '../resources/uploads/images/zbUKvxRBuI0A2tJ.png', '2017-03-16', 1),
(1045, 'image', '4SET ANB', '../resources/uploads/images/E7tUr9gn5UJzgCS.png', '2017-03-16', 1),
(1046, 'image', 'AnB S', '../resources/uploads/images/jTzgFfXrsUbYSlb.png', '2017-03-16', 1),
(1047, 'image', 'subset', '../resources/uploads/images/I0t9VDE6DgxZKnE.png', '2017-03-16', 1),
(1048, 'image', 'Place Values 1', '../resources/uploads/images/i1f5JcdcxZyuctG.png', '2017-03-16', 1),
(1049, 'image', 'Place Values 2', '../resources/uploads/images/21BYcS5TJV8sn3d.png', '2017-03-16', 1),
(1050, 'image', 'Place Values 3', '../resources/uploads/images/0IsdBG1G3cJqoFS.png', '2017-03-16', 1),
(1051, 'image', '4pv1', '../resources/uploads/images/oSwpFZ1SwamifkC.png', '2017-03-16', 1),
(1052, 'image', '4pv2', '../resources/uploads/images/6qtQMO3DrW1eZFQ.png', '2017-03-16', 1);
INSERT INTO `resources` (`resource_id`, `resource_type`, `resource_name`, `url`, `date_added`, `status`) VALUES
(1053, 'image', '4pv3', '../resources/uploads/images/vOdQ3U1ZvuapeTk.png', '2017-03-16', 1),
(1054, 'image', 'NUMERACY 1', '../resources/uploads/images/X0lLHJxgnvWbg4t.png', '2017-03-17', 1),
(1055, 'image', 'NUMERACY 2', '../resources/uploads/images/kAem9OC0hjda6rR.png', '2017-03-17', 1),
(1056, 'image', 'NUMERACY 2', '../resources/uploads/images/ZtV7Odhbzm91I2G.png', '2017-03-17', 1),
(1057, 'image', 'NUMERACY 3', '../resources/uploads/images/Y7IdL2WCpHMixyx.png', '2017-03-17', 1),
(1058, 'image', 'NUMERACY 4', '../resources/uploads/images/tFne5gLLPCEJy1o.png', '2017-03-17', 1),
(1059, 'image', 'NUMERACY 5', '../resources/uploads/images/wmPp6M8jbAgfyCA.png', '2017-03-17', 1),
(1060, 'image', 'DIV1', '../resources/uploads/images/j25TpktXmsxYfsS.png', '2017-03-18', 1),
(1061, 'image', 'DIV2', '../resources/uploads/images/c2HMo1HUH2BF3DI.png', '2017-03-18', 1),
(1062, 'image', 'DV1', '../resources/uploads/images/wy9841awYZ5Z5G3.png', '2017-03-18', 1),
(1063, 'image', 'DV2', '../resources/uploads/images/wDTSzYs8cLNvw30.png', '2017-03-18', 1),
(1064, 'image', 'DV3', '../resources/uploads/images/vpDMFFwgu4Vg8IX.png', '2017-03-18', 1),
(1065, 'image', 'winnowing p1', '../resources/uploads/images/Efx9Kg5je1LAkdq.png', '2017-03-18', 1),
(1066, 'image', 'kite p1', '../resources/uploads/images/JMDOFMDwW3KAhGt.jpg', '2017-03-18', 1),
(1067, 'image', 'swimming p1', '../resources/uploads/images/v3fv2qkG1NQrlEI.jpg', '2017-03-18', 1),
(1068, 'image', 'car accident', '../resources/uploads/images/d5BaBdz15GtQZzN.jpg', '2017-03-18', 1),
(1069, 'image', 'children p1', '../resources/uploads/images/2YKTk6Oz7AR5E8j.jpg', '2017-03-18', 1),
(1070, 'image', 'flue p1', '../resources/uploads/images/7p8f5YijjXbCJam.png', '2017-03-18', 1),
(1071, 'image', 'slippers p1', '../resources/uploads/images/OYpU1bIZuxhYDKh.png', '2017-03-18', 1),
(1072, 'image', 'clap p1', '../resources/uploads/images/G0buy8MdLcOItyv.png', '2017-03-18', 1),
(1073, 'image', 'ride p1', '../resources/uploads/images/CIiIh0yZdzg2Sat.png', '2017-03-18', 1),
(1074, 'image', 'rind p1', '../resources/uploads/images/7oml8hJTKPcITrl.png', '2017-03-18', 1),
(1075, 'image', 'flown p1', '../resources/uploads/images/yhTX6axRipKAkIc.png', '2017-03-18', 1),
(1076, 'image', 'clips p1', '../resources/uploads/images/MPGZ1A3d1F8TUc2.png', '2017-03-18', 1),
(1077, 'image', 'floor p1', '../resources/uploads/images/zlfBJ2u7b6J9vjM.png', '2017-03-18', 1),
(1078, 'image', 'love p1', '../resources/uploads/images/MFTLsRu52qbnbiT.png', '2017-03-18', 1),
(1079, 'image', 'jack p1', '../resources/uploads/images/8Hqu73cJPGIv2AL.png', '2017-03-18', 1),
(1080, 'image', 'accident p1', '../resources/uploads/images/L5WCvC5C6nWosos.jpg', '2017-03-18', 1),
(1081, 'image', 'tea P1', '../resources/uploads/images/NSjBTZ6NuGA5qmH.jpg', '2017-03-21', 1),
(1082, 'image', 'covering food p1', '../resources/uploads/images/xIK0B3T1j3yrPY5.jpeg', '2017-03-21', 1),
(1083, 'image', 'smoking fish p1', '../resources/uploads/images/M3p7ho4H5kBK7cz.jpg', '2017-03-21', 1),
(1084, 'image', 'tinning p1', '../resources/uploads/images/vYFKItkF9h1wm4W.jpg', '2017-03-21', 1),
(1085, 'image', 'refr p1', '../resources/uploads/images/W600rAtyEjy9YUv.jpg', '2017-03-21', 1),
(1086, 'image', 'smoking p1', '../resources/uploads/images/fAc20cycpbXlVVv.jpg', '2017-03-21', 1),
(1087, 'image', 'P.4.SST.BALANCE', '../resources/uploads/images/xYWrWNRQMGi6VDF.png', '2017-04-06', 1),
(1088, 'image', 'Matchbox', '../resources/uploads/images/nA8LYr8e8XbLfwp.jpg', '2017-04-07', 1),
(1089, 'image', 'Papers', '../resources/uploads/images/cciiu03Hmpe7FFJ.jpg', '2017-04-07', 1),
(1090, 'image', 'Swamp', '../resources/uploads/images/0SjPlXT38XPzR1E.jpg', '2017-04-07', 1),
(1091, 'image', 'swamp 1', '../resources/uploads/images/rPkfRtUkK9JvLMp.jpg', '2017-04-08', 1),
(1092, 'image', 'swamp1', '../resources/uploads/images/yE4bWCVoTNJrqee.jpg', '2017-04-08', 1),
(1093, 'image', 'matchbox 2', '../resources/uploads/images/4J7gZcvzaZ7i89r.jpg', '2017-04-08', 1),
(1094, 'image', 'papers 2', '../resources/uploads/images/QZhEBIoz8IOVBRX.png', '2017-04-08', 1),
(1095, 'image', 'ply wood 2', '../resources/uploads/images/WWaTZohO8x70en4.jpg', '2017-04-08', 1),
(1096, 'image', 'pencil 2', '../resources/uploads/images/0JZw2YJIu3oqx2S.jpg', '2017-04-08', 1),
(1097, 'image', 'deforestation 2', '../resources/uploads/images/1CBco7GKUl5n6ij.jpg', '2017-04-08', 1),
(1098, 'image', 'afforestation', '../resources/uploads/images/AJLFCicL7qz26ig.jpg', '2017-04-08', 1),
(1099, 'image', 'agroforestry', '../resources/uploads/images/7ZlskQtrt4akLz4.png', '2017-04-08', 1),
(1100, 'image', 'reforestation', '../resources/uploads/images/8adk1dO8vqJi0st.png', '2017-04-08', 1),
(1101, 'image', 'savanna 2', '../resources/uploads/images/0gIjGdexXAm3AKI.jpg', '2017-04-08', 1),
(1102, 'image', 'semi arid 2', '../resources/uploads/images/gSiE87M6orP3Cmx.jpg', '2017-04-08', 1),
(1103, 'image', 'bananas 2', '../resources/uploads/images/OIfkLtweX5nv2Vw.jpg', '2017-04-08', 1),
(1104, 'image', 'tobacco 2', '../resources/uploads/images/GCvHaaSTnmedMqt.jpg', '2017-04-08', 1),
(1105, 'image', 'maize 2', '../resources/uploads/images/Kf4rrvi5UKb5Lqw.jpg', '2017-04-08', 1),
(1106, 'image', 'cassava 2222', '../resources/uploads/images/Vd8OmN4klGdMUzx.jpg', '2017-04-08', 1),
(1107, 'image', 'tea 2222', '../resources/uploads/images/gRrd16c7d0EWWtu.jpg', '2017-04-08', 1),
(1108, 'image', 'millet 222', '../resources/uploads/images/MBRpTYI4VgJohnu.jpg', '2017-04-08', 1),
(1109, 'image', 'sugarcane 222', '../resources/uploads/images/8f7EY4FJnaMzmjN.jpg', '2017-04-08', 1),
(1110, 'image', 'vanilla 222', '../resources/uploads/images/GrnGKtvPUxQsHS9.jpg', '2017-04-08', 1),
(1111, 'image', 'vanilla 222', '../resources/uploads/images/sf4X9876nRU8577.jpg', '2017-04-08', 1),
(1112, 'image', 'cotton 2222', '../resources/uploads/images/k5Es8HIfUjumyMm.jpg', '2017-04-08', 1),
(1113, 'image', 'cotton 222', '../resources/uploads/images/etLzawjaNg9tksm.jpg', '2017-04-08', 1),
(1114, 'image', 'sorghum 222', '../resources/uploads/images/RlGhjNXEtV0G6BG.jpg', '2017-04-08', 1),
(1115, 'image', 'sorghum 333', '../resources/uploads/images/LfdFwv2FvbPJfRP.jpg', '2017-04-08', 1),
(1116, 'image', 'potatoes 3333', '../resources/uploads/images/NXziY2asJTPlYAu.jpg', '2017-04-08', 1),
(1117, 'image', 'beans 333', '../resources/uploads/images/os1uETn9l9KPavT.jpg', '2017-04-08', 1),
(1118, 'image', 'raw meat 44', '../resources/uploads/images/IT5IVVOXSyEph4L.jpg', '2017-04-09', 1),
(1119, 'image', 'fish 44', '../resources/uploads/images/aoOQiBC2MUYsgDw.jpg', '2017-04-09', 1),
(1120, 'image', 'insect 44', '../resources/uploads/images/BSr6AI0ZE47rXgp.png', '2017-04-09', 1),
(1121, 'image', 'fruits 44', '../resources/uploads/images/JzmWeO2JmxH3MHV.jpg', '2017-04-09', 1),
(1122, 'image', 'roots 44', '../resources/uploads/images/cVcxxqMqxyke2aZ.png', '2017-04-09', 1),
(1123, 'image', 'meat 44', '../resources/uploads/images/yPNSDigN5ms3cq7.jpg', '2017-04-09', 1),
(1124, 'image', 'bola 44', '../resources/uploads/images/ksUPOs0oFcrRL46.jpg', '2017-04-09', 1),
(1125, 'image', 'hand axe 44', '../resources/uploads/images/UHWXDCzf44QoF2B.jpg', '2017-04-09', 1),
(1126, 'image', 'bolas 444', '../resources/uploads/images/WJRbEjL0yPtrfeE.jpg', '2017-04-09', 1),
(1127, 'image', 'cleaver 444', '../resources/uploads/images/giB5VbmYytJvzON.jpg', '2017-04-09', 1),
(1128, 'image', 'thumb 444', '../resources/uploads/images/cDFf5h7awg0otJA.jpg', '2017-04-09', 1),
(1129, 'image', 'bone 444', '../resources/uploads/images/79lzyZQhar885jw.jpg', '2017-04-09', 1),
(1130, 'image', 'club 444', '../resources/uploads/images/RIWA0YkWytXltV6.jpg', '2017-04-09', 1),
(1131, 'image', 'cb 44', '../resources/uploads/images/0LWrKntm2IKNYPx.jpg', '2017-04-09', 1),
(1132, 'image', 'spear 444', '../resources/uploads/images/B4BVu3aPdKoUVUZ.jpg', '2017-04-09', 1),
(1133, 'image', 'pic 444', '../resources/uploads/images/39rfKKtnwu7HjMZ.jpg', '2017-04-09', 1),
(1134, 'image', 'pk 444', '../resources/uploads/images/RTXVR8r3vyAskay.jpg', '2017-04-09', 1),
(1135, 'image', 'rock 444', '../resources/uploads/images/lHgtbCM5UpL8fER.jpg', '2017-04-09', 1),
(1136, 'image', 'knife 44', '../resources/uploads/images/U4xcVUO79luLNYD.jpg', '2017-04-09', 1),
(1137, 'image', 'hoe 444', '../resources/uploads/images/O5nsVZUoLOJMQDM.jpg', '2017-04-09', 1),
(1138, 'image', 'basket 444', '../resources/uploads/images/zpPrzc9Nngsxu6y.jpg', '2017-04-09', 1),
(1139, 'image', 'bt 4444', '../resources/uploads/images/sZZB4thlUNDXCnI.jpg', '2017-04-09', 1),
(1140, 'image', 'dr 44444', '../resources/uploads/images/BOvAGdNnA6yCmzB.jpg', '2017-04-09', 1),
(1141, 'image', 'RABBIT', '../resources/uploads/images/4fu0MQfaQfWiXUg.jpg', '2017-04-09', 1),
(1142, 'image', 'PIG', '../resources/uploads/images/KCNpoUg4JXo8Kw7.jpg', '2017-04-09', 1),
(1143, 'image', 'CAMEL', '../resources/uploads/images/IUt58m52LQ4q0LM.png', '2017-04-09', 1),
(1144, 'image', 'RAT CAT', '../resources/uploads/images/uUFmGQ33HG4X6bL.jpg', '2017-04-09', 1),
(1145, 'image', 'FROG', '../resources/uploads/images/fx0h7d0gTav0eCv.gif', '2017-04-09', 1),
(1146, 'image', 'LION', '../resources/uploads/images/AE6fzgPaobrSbrZ.gif', '2017-04-09', 1),
(1147, 'image', 'SNAKE', '../resources/uploads/images/XJJ1wsZVS8uZClR.jpg', '2017-04-09', 1),
(1148, 'image', 'LEOPARD', '../resources/uploads/images/HYd2nbZspwRrSUT.jpg', '2017-04-09', 1),
(1149, 'image', 'ivory', '../resources/uploads/images/X1RQ4VqDvULe2tD.png', '2017-04-09', 1),
(1150, 'image', 'BAG', '../resources/uploads/images/Mg0H06agaBjhuR2.jpg', '2017-04-09', 1),
(1151, 'image', 'MILK', '../resources/uploads/images/YhkXIp9Wf3kzyUt.jpg', '2017-04-09', 1),
(1152, 'image', 'SOCKS', '../resources/uploads/images/RQ1u4RrEabja4fY.jpg', '2017-04-09', 1),
(1153, 'image', 'cow calf', '../resources/uploads/images/0b3WdG6Rt3qXUOy.png', '2017-04-09', 1),
(1154, 'image', 'kennel', '../resources/uploads/images/gbJpXN6zSJyp95D.jpg', '2017-04-09', 1),
(1155, 'image', 'HOUSEE', '../resources/uploads/images/c5fxhSZPJzzCXDC.png', '2017-04-09', 1),
(1156, 'image', 'NEST', '../resources/uploads/images/7ZQTdcCnvgQrdUn.png', '2017-04-09', 1),
(1157, 'image', 'flying b', '../resources/uploads/images/CeTf18iS6EGNioA.gif', '2017-04-09', 1),
(1158, 'image', 'part', '../resources/uploads/images/SuqcL60ZSMfMEbO.png', '2017-04-09', 1),
(1159, 'image', 'final 3', '../resources/uploads/images/81mUJWw856TYGkU.png', '2017-04-12', 1),
(1160, 'image', 'STOMACH', '../resources/uploads/images/z2YfNT5mpRvHPF8.jpg', '2017-04-14', 1),
(1161, 'image', 'LIVER', '../resources/uploads/images/77nBMuJaU87pz7i.jpg', '2017-04-14', 1),
(1162, 'image', 'incisor', '../resources/uploads/images/mmeWPsT36lBqmIG.jpg', '2017-04-15', 1),
(1163, 'image', 'canine', '../resources/uploads/images/egW7vbqP4lQ7rFR.png', '2017-04-15', 1),
(1164, 'image', 'molar', '../resources/uploads/images/PVHg4Q56kF0pv7Y.png', '2017-04-15', 1),
(1165, 'image', 'parts tooth', '../resources/uploads/images/Qkf7KtoyQpryjND.jpg', '2017-04-15', 1),
(1166, 'image', '5.carparts', '../resources/uploads/images/KmnKiYVPDIurQH0.jpg', '2017-04-24', 1);

-- --------------------------------------------------------

--
-- Table structure for table `results`
--

CREATE TABLE `results` (
  `result_id` int(11) NOT NULL,
  `student` int(11) NOT NULL,
  `quiz` int(11) NOT NULL,
  `result` int(11) NOT NULL,
  `date_added` date NOT NULL,
  `status` tinyint(4) NOT NULL DEFAULT 1
) ENGINE=InnoDB DEFAULT CHARSET=latin1;

-- --------------------------------------------------------

--
-- Table structure for table `school`
--

CREATE TABLE `school` (
  `school_id` int(11) NOT NULL,
  `sponsor_id` int(11) NOT NULL,
  `email` varchar(50) NOT NULL,
  `phone` varchar(20) NOT NULL,
  `date_created` date NOT NULL,
  `logo` varchar(100) NOT NULL,
  `banner` varchar(100) NOT NULL
) ENGINE=InnoDB DEFAULT CHARSET=latin1;

-- --------------------------------------------------------

--
-- Table structure for table `slide`
--

CREATE TABLE `slide` (
  `slide_id` int(11) NOT NULL,
  `slide_name` varchar(100) NOT NULL,
  `lesson` int(11) NOT NULL,
  `slide_details` text NOT NULL,
  `url` varchar(100) NOT NULL,
  `status` tinyint(4) NOT NULL DEFAULT 1
) ENGINE=InnoDB DEFAULT CHARSET=latin1;

--
-- Dumping data for table `slide`
--

INSERT INTO `slide` (`slide_id`, `slide_name`, `lesson`, `slide_details`, `url`, `status`) VALUES
(1, 'Parts of the body', 1, '', '../resources/slides/1/1.html', 1),
(2, 'Lesson 2', 2, '', '../resources/slides/2/2.html', 1),
(3, 'Lesson 3', 3, '', '../resources/slides/3/3.html', 1),
(4, 'Lesson 4', 4, '', '../resources/slides/4/4.html', 1),
(5, 'Lesson 1', 5, '', '../resources/slides/5/5.html', 1),
(26, 'lesson 6', 9, '', '../resources/slides/9/26.html', 1),
(27, 'Lesson 1', 10, '', '../resources/slides/10/27.html', 1),
(28, 'Lesson 3', 11, '', '../resources/slides/11/28.html', 1),
(29, 'Lesson 1:What is a school', 12, '', '../resources/slides/12/29.html', 1),
(30, 'Lesson 2:Things on the way to school', 13, '', '../resources/slides/13/30.html', 1),
(31, 'Lesson 3:Dangers on the way to school', 14, '', '../resources/slides/14/31.html', 1),
(32, 'lesson 4:People in my class', 15, '', '../resources/slides/15/32.html', 1),
(33, 'Lesson 5', 16, '', '../resources/slides/16/33.html', 1),
(34, 'Lesson 6', 17, '', '../resources/slides/17/34.html', 1),
(35, 'lesson 7', 18, '', '../resources/slides/18/35.html', 1),
(36, 'Lesson 8', 19, '', '../resources/slides/19/36.html', 1),
(37, 'lesson 9', 20, '', '../resources/slides/20/37.html', 1),
(38, 'Lesson 10', 21, '', '../resources/slides/21/38.html', 1),
(39, 'Lesson 11', 22, '', '../resources/slides/22/39.html', 1),
(40, 'Lesson 12', 23, '', '../resources/slides/23/40.html', 1),
(41, 'Lesson 13', 24, '', '../resources/slides/24/41.html', 1),
(42, 'Lesson 14', 25, '', '../resources/slides/25/42.html', 1),
(43, 'Lesson 15', 26, '', '../resources/slides/26/43.html', 1),
(44, 'Lesson 16', 26, '', '../resources/slides/26/44.html', 1),
(45, 'Lesson 1', 29, '', '../resources/slides/29/45.html', 1),
(46, 'Lesson 2', 30, '', '../resources/slides/30/46.html', 1),
(47, 'Lesson 3', 31, '', '../resources/slides/31/47.html', 1),
(48, 'Lesson 4', 32, '', '../resources/slides/32/48.html', 1),
(49, 'Lesson 5', 33, '', '../resources/slides/33/49.html', 1),
(50, 'Lesson 6', 34, '', '../resources/slides/34/50.html', 1),
(51, 'Lesson 7', 35, '', '../resources/slides/35/51.html', 1),
(54, 'Lesson 8', 36, '', '../resources/slides/36/54.html', 1),
(55, 'Lesson 30', 39, '', '../resources/slides/39/55.html', 1),
(56, 'Lesson 1', 40, '', '../resources/slides/40/56.html', 1),
(57, 'Lesson 2', 41, '', '../resources/slides/41/57.html', 1),
(58, 'Lesson 3', 42, '', '../resources/slides/42/58.html', 1),
(59, 'Lesson 4:Structures', 44, '', '../resources/slides/44/59.html', 1),
(60, 'Lesson 5: Structures', 45, '', '../resources/slides/45/60.html', 1),
(61, 'Structures', 45, '', '../resources/slides/45/61.html', 0),
(62, 'Structures', 46, '', '../resources/slides/46/62.html', 1),
(63, 'Lesson:6', 50, '', '../resources/slides/50/63.html', 1),
(64, 'Lesson 7', 52, '', '../resources/slides/52/64.html', 1),
(65, 'Lesson 8', 54, '', '../resources/slides/54/65.html', 1),
(66, 'Lesson 8', 54, '', '../resources/slides/54/66.html', 0),
(67, 'Lesson 8', 54, '', '../resources/slides/54/67.html', 0),
(68, 'Lesson 9', 55, '', '../resources/slides/55/68.html', 1),
(69, 'Lesson 11', 56, '', '../resources/slides/56/69.html', 1),
(70, 'Lesson 12', 61, '', '../resources/slides/61/70.html', 1),
(71, 'Lesson 13', 62, '', '../resources/slides/62/71.html', 1),
(72, 'Lesson 14', 63, '', '../resources/slides/63/72.html', 1),
(73, 'Lesson 15', 64, '', '../resources/slides/64/73.html', 1),
(74, 'Lesson 16', 72, '', '../resources/slides/72/74.html', 1),
(75, 'Lesson 17', 74, '', '../resources/slides/74/75.html', 1),
(76, 'Lesson 18', 76, '', '../resources/slides/76/76.html', 1),
(77, 'Lesson 19', 77, '', '../resources/slides/77/77.html', 1),
(78, 'Lesson 20', 78, '', '../resources/slides/78/78.html', 1),
(79, 'Lesson 21', 79, '', '../resources/slides/79/79.html', 1),
(80, 'Lesson 22', 80, '', '../resources/slides/80/80.html', 1),
(81, 'Lesson 23', 81, '', '../resources/slides/81/81.html', 1),
(82, 'Lesson 24', 82, '', '../resources/slides/82/82.html', 1),
(83, 'Lesson 25', 83, '', '../resources/slides/83/83.html', 1),
(84, 'Lesson 27', 84, '', '../resources/slides/84/84.html', 1),
(85, 'Lesson 27', 85, '', '../resources/slides/85/85.html', 1),
(86, 'Lesson 28', 86, '', '../resources/slides/86/86.html', 1),
(87, 'Lesson 29', 87, '', '../resources/slides/87/87.html', 0),
(88, 'Lesson 11', 27, '', '../resources/slides/27/88.html', 1),
(89, 'Lesson 9', 88, '', '../resources/slides/88/89.html', 1),
(90, 'Lesson 10', 89, '', '../resources/slides/89/90.html', 1),
(91, 'Lesson 11', 90, '', '../resources/slides/90/91.html', 1),
(92, 'Lesson 29', 87, '', '../resources/slides/87/92.html', 1),
(93, 'Lesson 30', 91, '', '../resources/slides/91/93.html', 1),
(94, 'Lesson 12', 93, '', '../resources/slides/93/94.html', 1),
(95, 'Lesson 13', 94, '', '../resources/slides/94/95.html', 1),
(96, 'Lesson 14', 95, '', '../resources/slides/95/96.html', 1),
(97, 'Lesson 1', 96, '', '../resources/slides/96/97.html', 1),
(98, 'Lesson 1', 96, '', '../resources/slides/96/98.html', 0),
(99, 'Lesson 2', 97, '', '../resources/slides/97/99.html', 1),
(100, 'Lesson 2', 97, '', '../resources/slides/97/100.html', 0),
(101, 'Lesson 3', 98, '', '../resources/slides/98/101.html', 1),
(102, 'Lesson 3', 99, '', '../resources/slides/99/102.html', 1),
(103, 'Lesson 5', 100, '', '../resources/slides/100/103.html', 1),
(104, 'Lesson 5', 101, '', '../resources/slides/101/104.html', 1),
(105, 'Lesson 6', 102, '', '../resources/slides/102/105.html', 1),
(106, 'Lesson 7', 103, '', '../resources/slides/103/106.html', 1),
(107, 'Lesson 8', 104, '', '../resources/slides/104/107.html', 1),
(108, 'Lesson 15', 105, '', '../resources/slides/105/108.html', 1),
(109, 'Lesson 9', 106, '', '../resources/slides/106/109.html', 1),
(110, 'Lesson 10', 107, '', '../resources/slides/107/110.html', 1),
(111, 'Lesson 11', 109, '', '../resources/slides/109/111.html', 1),
(112, 'Lesson 12', 111, '', '../resources/slides/111/112.html', 1),
(113, 'Lesson 13', 112, '', '../resources/slides/112/113.html', 1),
(114, 'Lesson 16', 110, '', '../resources/slides/110/114.html', 1),
(115, 'Lesson 12', 113, '', '../resources/slides/113/115.html', 1),
(116, 'Lesson 12: Slide 2', 113, '', '../resources/slides/113/116.html', 1),
(117, 'Lesson 12: Slide 3', 113, '', '../resources/slides/113/117.html', 1),
(118, 'Lesson 13:', 114, '', '../resources/slides/114/118.html', 1),
(119, 'Lesson 14', 115, '', '../resources/slides/115/119.html', 1),
(120, 'Lesson 14', 115, '', '../resources/slides/115/120.html', 1),
(121, 'Lesson 14: Days of the week', 115, '', '../resources/slides/115/121.html', 1),
(122, 'Lesson 14: Months of the year.', 115, '', '../resources/slides/115/122.html', 1),
(123, 'Lesson 14: Short Forms', 115, '', '../resources/slides/115/123.html', 1),
(124, 'Lesson 15', 116, '', '../resources/slides/116/124.html', 1),
(125, 'Lesson 15: Adjectives', 116, '', '../resources/slides/116/125.html', 1),
(126, 'Lesson 16: Present Simple Tense', 117, '', '../resources/slides/117/126.html', 1),
(127, 'Lesson 16: Present Simple Tense', 117, '', '../resources/slides/117/127.html', 1),
(128, 'Lesson 16: Present Simple Tense', 117, '', '../resources/slides/117/128.html', 1),
(129, 'Lesson 16: Present Simple Tense', 117, '', '../resources/slides/117/129.html', 1),
(130, 'Lesson 16: The Past Tense', 117, '', '../resources/slides/117/130.html', 1),
(131, 'Lesson 17: The Past Tense (continuation)', 118, '', '../resources/slides/118/131.html', 1),
(132, 'Lesson 17: The Past Tense (continuation)', 118, '', '../resources/slides/118/132.html', 1),
(133, 'Lesson 18: Pronouns', 119, '', '../resources/slides/119/133.html', 1),
(134, 'Lesson 17', 110, '', '../resources/slides/110/134.html', 1),
(135, 'Lesson 18', 120, '', '../resources/slides/120/135.html', 1),
(136, 'Lesson 1: Vocabulary', 121, '', '../resources/slides/121/136.html', 1),
(137, 'Lesson 2: Means of Transport', 122, '', '../resources/slides/122/137.html', 1),
(138, 'Lesson 3: Structures', 123, '', '../resources/slides/123/138.html', 1),
(139, 'Lesson 3: Slide 2:  Structures', 123, '', '../resources/slides/123/139.html', 1),
(140, 'Lesson 3: Slide 3: Structures', 123, '', '../resources/slides/123/140.html', 1),
(141, 'Lesson 4: Vocabulary and Structures', 124, '', '../resources/slides/124/141.html', 1),
(142, 'Lesson 4:Vocabulary and Structures', 124, '', '../resources/slides/124/142.html', 1),
(143, 'Lesson 5: Slide 1', 125, '', '../resources/slides/125/143.html', 1),
(144, 'Lesson 5: Slide 2', 125, '', '../resources/slides/125/144.html', 1),
(145, 'Lesson 6: Slide 1', 126, '', '../resources/slides/126/145.html', 1),
(146, 'Lesson 6:  Slide 2', 126, '', '../resources/slides/126/146.html', 1),
(147, 'Lesson 6: Slide 3', 126, '', '../resources/slides/126/147.html', 1),
(148, 'Lesson 6: Slide 4', 126, '', '../resources/slides/126/148.html', 1),
(149, 'Lesson 7: Good behaviour', 127, '', '../resources/slides/127/149.html', 1),
(150, 'Lesson 7: Good behaviour', 127, '', '../resources/slides/127/150.html', 0),
(151, 'Lesson 8: slide 2', 128, '', '../resources/slides/128/151.html', 1),
(152, 'Lesson 8: slide 3', 128, '', '../resources/slides/128/152.html', 1),
(153, 'Lesson 8: slide 2', 128, '', '../resources/slides/128/153.html', 0),
(154, 'Lesson 8: slide 2', 128, '', '../resources/slides/128/154.html', 0),
(155, 'Lesson 8: Slide 5', 128, '', '../resources/slides/128/155.html', 1),
(156, 'Lesson 8: Slide 5', 128, '', '../resources/slides/128/156.html', 0),
(157, 'Lesson 8: Slide 5', 128, '', '../resources/slides/128/157.html', 1),
(158, 'Lesson 8: Slide 5', 128, '', '../resources/slides/128/158.html', 0),
(159, 'Lesson 6: Slide 5', 126, '', '../resources/slides/126/159.html', 1),
(160, 'Lesson 6: Slide 6', 126, '', '../resources/slides/126/160.html', 1),
(161, 'Lesson 6: Slide 7', 126, '', '../resources/slides/126/161.html', 1),
(162, 'Lesson 6: Slide 8', 126, '', '../resources/slides/126/162.html', 1),
(163, 'Lesson 6: Slide 8', 126, '', '../resources/slides/126/163.html', 1),
(164, 'Lesson 19', 129, '', '../resources/slides/129/164.html', 1),
(165, 'Lesson 20', 131, '', '../resources/slides/131/165.html', 1),
(166, 'Lesson 21', 132, '', '../resources/slides/132/166.html', 1),
(167, 'Lesson 22', 133, '', '../resources/slides/133/167.html', 1),
(168, 'Lesson 2', 135, '', '../resources/slides/135/168.html', 1),
(169, 'Lesson 1', 136, '', '../resources/slides/136/169.html', 1),
(170, 'Lesson 2', 137, '', '../resources/slides/137/170.html', 1),
(171, 'Lesson 3', 138, '', '../resources/slides/138/171.html', 1),
(172, 'Lesson 4', 138, '', '../resources/slides/138/172.html', 1),
(173, 'Lesson 5', 138, '', '../resources/slides/138/173.html', 1),
(174, 'Lesson 6', 138, '', '../resources/slides/138/174.html', 1),
(177, 'Lesson 7', 139, '', '../resources/slides/139/177.html', 1),
(178, 'Lesson 8', 140, '', '../resources/slides/140/178.html', 1),
(179, 'Lesson 9', 140, '', '../resources/slides/140/179.html', 1),
(180, 'Lesson 10', 141, '', '../resources/slides/141/180.html', 1),
(181, 'Lesson 11', 142, '', '../resources/slides/142/181.html', 1),
(182, 'Lesson 12', 142, '', '../resources/slides/142/182.html', 1),
(183, 'Slide 1', 143, '', '../resources/slides/143/183.html', 1),
(184, 'Slide 1', 144, '', '../resources/slides/144/184.html', 1),
(185, 'Slide 2', 144, '', '../resources/slides/144/185.html', 1),
(186, 'Slide 3', 144, '', '../resources/slides/144/186.html', 1),
(187, 'Slide 1', 145, '', '../resources/slides/145/187.html', 1),
(188, 'Slide 1', 146, '', '../resources/slides/146/188.html', 1),
(189, 'Slide 1', 147, '', '../resources/slides/147/189.html', 1),
(190, 'Slide 1', 148, '', '../resources/slides/148/190.html', 1),
(191, 'Slide 2', 148, '', '../resources/slides/148/191.html', 1),
(192, 'Slide 3', 148, '', '../resources/slides/148/192.html', 1),
(193, 'Slide 4', 148, '', '../resources/slides/148/193.html', 1),
(194, 'Slide 5', 148, '', '../resources/slides/148/194.html', 1),
(195, 'Slide 6', 148, '', '../resources/slides/148/195.html', 1),
(196, 'Slide 7', 148, '', '../resources/slides/148/196.html', 1),
(197, 'Slide 8', 148, '', '../resources/slides/148/197.html', 1),
(198, 'Slide 9', 148, '', '../resources/slides/148/198.html', 0),
(199, 'Slide 1', 149, '', '../resources/slides/149/199.html', 1),
(200, 'Slide 2', 149, '', '../resources/slides/149/200.html', 1),
(201, 'Slide 1', 151, '', '../resources/slides/151/201.html', 1),
(202, 'Slide 1', 152, '', '../resources/slides/152/202.html', 1),
(203, 'Slide 2', 152, '', '../resources/slides/152/203.html', 1),
(204, 'Slide 3', 152, '', '../resources/slides/152/204.html', 1),
(205, 'Slide 4', 152, '', '../resources/slides/152/205.html', 1),
(206, 'Slide 5', 152, '', '../resources/slides/152/206.html', 1),
(207, 'Slide 6', 152, '', '../resources/slides/152/207.html', 1),
(208, 'Slide 7', 152, '', '../resources/slides/152/208.html', 1),
(209, 'Slide 8', 152, '', '../resources/slides/152/209.html', 1),
(210, 'Lesson 1', 134, '', '../resources/slides/134/210.html', 1),
(211, 'Lesson 3', 153, '', '../resources/slides/153/211.html', 1),
(212, 'Lesson 4', 154, '', '../resources/slides/154/212.html', 1),
(213, 'Lesson 5', 155, '', '../resources/slides/155/213.html', 1),
(214, 'Lesson 1', 156, '', '../resources/slides/156/214.html', 1),
(215, 'Lesson 2', 156, '', '../resources/slides/156/215.html', 1),
(216, 'Lesson 2', 156, '', '../resources/slides/156/216.html', 0),
(217, 'Lesson 3', 156, '', '../resources/slides/156/217.html', 1),
(218, 'Lesson 4', 156, '', '../resources/slides/156/218.html', 1),
(219, 'Lesson 5', 156, '', '../resources/slides/156/219.html', 1),
(220, 'Slide 1', 158, '', '../resources/slides/158/220.html', 1),
(221, 'Slide 2', 158, '', '../resources/slides/158/221.html', 1),
(222, 'Slide 3', 158, '', '../resources/slides/158/222.html', 1),
(223, 'Slide 4', 158, '', '../resources/slides/158/223.html', 1),
(224, 'Slide 1', 161, '', '../resources/slides/161/224.html', 1),
(225, 'Slide 2', 161, '', '../resources/slides/161/225.html', 1),
(226, 'Slide 3', 161, '', '../resources/slides/161/226.html', 1),
(227, 'Slide 1', 162, '', '../resources/slides/162/227.html', 1),
(228, 'Slide 2', 162, '', '../resources/slides/162/228.html', 1),
(229, 'Slide 3', 162, '', '../resources/slides/162/229.html', 1),
(230, 'Slide 1', 164, '', '../resources/slides/164/230.html', 1),
(231, 'Slide 2', 164, '', '../resources/slides/164/231.html', 1),
(232, 'Slide 3', 164, '', '../resources/slides/164/232.html', 1),
(233, 'Slide 4', 164, '', '../resources/slides/164/233.html', 1),
(234, 'Slide 1', 165, '', '../resources/slides/165/234.html', 1),
(235, 'Slide 2', 165, '', '../resources/slides/165/235.html', 1),
(236, 'Slide 1', 166, '', '../resources/slides/166/236.html', 1),
(237, 'Slide 1', 167, '', '../resources/slides/167/237.html', 1),
(238, 'Slide 2', 167, '', '../resources/slides/167/238.html', 1),
(239, 'Slide 3', 167, '', '../resources/slides/167/239.html', 1),
(240, 'Slide 4', 167, '', '../resources/slides/167/240.html', 1),
(241, 'Slide 1', 168, '', '../resources/slides/168/241.html', 1),
(252, 'Slide 1', 169, '', '../resources/slides/169/252.html', 1),
(253, 'Slide 1', 170, '', '../resources/slides/170/253.html', 1),
(254, 'Slide 2', 170, '', '../resources/slides/170/254.html', 1),
(255, 'Slide 3', 170, '', '../resources/slides/170/255.html', 1),
(256, 'Slide 4', 170, '', '../resources/slides/170/256.html', 0),
(257, 'Slide 1', 171, '', '../resources/slides/171/257.html', 1),
(258, 'Slide 2', 171, '', '../resources/slides/171/258.html', 1),
(259, 'Slide 3', 171, '', '../resources/slides/171/259.html', 1),
(260, 'Slide 4', 171, '', '../resources/slides/171/260.html', 1),
(261, 'Slide 5', 171, '', '../resources/slides/171/261.html', 1),
(262, 'Slide 1', 174, '', '../resources/slides/174/262.html', 1),
(263, 'Slide 1', 176, '', '../resources/slides/176/263.html', 0),
(264, 'Slide 1', 176, '', '../resources/slides/176/264.html', 0),
(265, 'Slide 1', 176, '', '../resources/slides/176/265.html', 0),
(266, 'Slide 1', 176, '', '../resources/slides/176/266.html', 0),
(267, 'Slide 1', 176, '', '../resources/slides/176/267.html', 0),
(268, 'Slide 1', 176, '', '../resources/slides/176/268.html', 0),
(269, 'Slide 1', 177, '', '../resources/slides/177/269.html', 1),
(270, 'Slide 1', 178, '', '../resources/slides/178/270.html', 1),
(271, 'Slide 4', 178, '', '../resources/slides/178/271.html', 1),
(272, 'Slide 4', 178, '', '../resources/slides/178/272.html', 1),
(273, 'Slide 4', 178, '', '../resources/slides/178/273.html', 1),
(274, 'Slide 1', 179, '', '../resources/slides/179/274.html', 1),
(275, 'Slide 2', 179, '', '../resources/slides/179/275.html', 1),
(276, 'Slide 3', 179, '', '../resources/slides/179/276.html', 1),
(277, 'Slide 4', 179, '', '../resources/slides/179/277.html', 1),
(278, 'Slide 5', 179, '', '../resources/slides/179/278.html', 1),
(279, 'Slide 1', 180, '', '../resources/slides/180/279.html', 1),
(280, 'Slide 2', 180, '', '../resources/slides/180/280.html', 1),
(281, 'Slide 3', 180, '', '../resources/slides/180/281.html', 1),
(282, 'Slide 4', 180, '', '../resources/slides/180/282.html', 1),
(283, 'Slide 5', 180, '', '../resources/slides/180/283.html', 1),
(284, 'Slide 1', 181, '', '../resources/slides/181/284.html', 1),
(285, 'Slide 2', 181, '', '../resources/slides/181/285.html', 1),
(286, 'Slide 3', 181, '', '../resources/slides/181/286.html', 1),
(287, 'Slide 4', 181, '', '../resources/slides/181/287.html', 1),
(288, 'Slide 1', 184, '', '../resources/slides/184/288.html', 1),
(289, 'Slide 2', 184, '', '../resources/slides/184/289.html', 1),
(290, 'Slide 3', 184, '', '../resources/slides/184/290.html', 1),
(291, 'Slide 4', 184, '', '../resources/slides/184/291.html', 1),
(292, 'Slide 5', 184, '', '../resources/slides/184/292.html', 1),
(293, 'Slide 6', 184, '', '../resources/slides/184/293.html', 1),
(294, 'Slide 1', 185, '', '../resources/slides/185/294.html', 1),
(295, 'Slide 2', 185, '', '../resources/slides/185/295.html', 1),
(296, 'Slide 3', 185, '', '../resources/slides/185/296.html', 1),
(297, 'Slide 4', 185, '', '../resources/slides/185/297.html', 1),
(298, 'Slide 5', 185, '', '../resources/slides/185/298.html', 1),
(299, 'Slide 6', 185, '', '../resources/slides/185/299.html', 1),
(300, 'Slide 7', 185, '', '../resources/slides/185/300.html', 0),
(301, 'Slide 1', 186, '', '../resources/slides/186/301.html', 1),
(302, 'Slide 2', 186, '', '../resources/slides/186/302.html', 0),
(303, 'Slide 1', 189, '', '../resources/slides/189/303.html', 1),
(304, 'Lesson 6', 156, '', '../resources/slides/156/304.html', 1),
(305, 'Lesson 7', 156, '', '../resources/slides/156/305.html', 1),
(306, 'Lesson 8', 156, '', '../resources/slides/156/306.html', 1),
(307, 'Lesson 9', 156, '', '../resources/slides/156/307.html', 1),
(308, 'Slide 2', 190, '', '../resources/slides/190/308.html', 1),
(309, 'Slide 2', 190, '', '../resources/slides/190/309.html', 1),
(310, 'Slide 1', 191, '', '../resources/slides/191/310.html', 1),
(311, 'Slide 3', 190, '', '../resources/slides/190/311.html', 1),
(314, 'slide 4', 190, '', '../resources/slides/190/314.html', 1),
(315, 'Slide 5', 190, '', '../resources/slides/190/315.html', 1),
(316, 'Slide 6', 190, '', '../resources/slides/190/316.html', 1),
(317, 'Slide 7', 190, '', '../resources/slides/190/317.html', 1),
(318, 'Slide 1', 194, '', '../resources/slides/194/318.html', 1),
(319, 'Slide 2', 194, '', '../resources/slides/194/319.html', 1),
(320, 'slide 3', 194, '', '../resources/slides/194/320.html', 0),
(321, 'Slide 3', 194, '', '../resources/slides/194/321.html', 1),
(322, 'Slide 4', 194, '', '../resources/slides/194/322.html', 1),
(323, 'Slide 1', 195, '', '../resources/slides/195/323.html', 1),
(324, 'Slide 2', 195, '', '../resources/slides/195/324.html', 1),
(325, 'slide 5', 194, '', '../resources/slides/194/325.html', 1),
(326, 'slide 6', 194, '', '../resources/slides/194/326.html', 1),
(327, 'slide 7', 194, '', '../resources/slides/194/327.html', 1),
(328, 'Slide 3', 195, '', '../resources/slides/195/328.html', 1),
(329, 'Slide 4', 195, '', '../resources/slides/195/329.html', 1),
(330, 'Slide 5', 195, '', '../resources/slides/195/330.html', 1),
(331, 'Slide 6', 195, '', '../resources/slides/195/331.html', 1),
(332, 'Slide 7', 195, '', '../resources/slides/195/332.html', 0),
(333, 'Slide 1', 196, '', '../resources/slides/196/333.html', 1),
(334, 'Slide 2', 196, '', '../resources/slides/196/334.html', 1),
(335, 'Slide 3', 196, '', '../resources/slides/196/335.html', 1),
(336, 'Slide 4', 196, '', '../resources/slides/196/336.html', 1),
(337, 'Slide 5', 196, '', '../resources/slides/196/337.html', 1),
(338, 'Slide 6', 196, '', '../resources/slides/196/338.html', 1),
(339, 'Slide 7', 196, '', '../resources/slides/196/339.html', 1),
(340, 'Slide 8', 196, '', '../resources/slides/196/340.html', 1),
(341, 'Slide 9', 196, '', '../resources/slides/196/341.html', 1),
(342, 'Lesson 10', 156, '', '../resources/slides/156/342.html', 0),
(343, 'Lesson 1', 197, '', '../resources/slides/197/343.html', 1),
(344, 'Lesson 2', 197, '', '../resources/slides/197/344.html', 1),
(345, 'Lesson 3', 197, '', '../resources/slides/197/345.html', 0),
(346, 'Lesson 1', 198, '', '../resources/slides/198/346.html', 1),
(347, 'Lesson 2', 198, '', '../resources/slides/198/347.html', 1),
(348, 'Lesson 1', 199, '', '../resources/slides/199/348.html', 1),
(349, 'Lesson 3', 199, '', '../resources/slides/199/349.html', 0),
(350, 'Lesson 2', 199, '', '../resources/slides/199/350.html', 1),
(351, 'Lesson 3', 199, '', '../resources/slides/199/351.html', 1),
(352, 'Lesson 4', 199, '', '../resources/slides/199/352.html', 1),
(353, 'Lesson 5', 199, '', '../resources/slides/199/353.html', 1),
(354, 'Lesson 6', 199, '', '../resources/slides/199/354.html', 1),
(355, 'Lesson 7', 199, '', '../resources/slides/199/355.html', 0),
(356, 'Lesson 7', 199, '', '../resources/slides/199/356.html', 1),
(357, 'Lesson 7', 199, '', '../resources/slides/199/357.html', 0),
(358, 'Lesson 8', 199, '', '../resources/slides/199/358.html', 1),
(359, 'Lesson 1', 200, '', '../resources/slides/200/359.html', 1),
(360, 'Lesson 2', 200, '', '../resources/slides/200/360.html', 1),
(361, 'Lesson 3', 200, '', '../resources/slides/200/361.html', 1),
(362, 'Lesson 4', 200, '', '../resources/slides/200/362.html', 1),
(363, 'Lesson 5', 200, '', '../resources/slides/200/363.html', 1),
(364, 'Lesson 6', 200, '', '../resources/slides/200/364.html', 1),
(365, 'lesson 7', 200, '', '../resources/slides/200/365.html', 1),
(366, 'lesson 7', 200, '', '../resources/slides/200/366.html', 0),
(367, 'Lesson 8', 200, '', '../resources/slides/200/367.html', 1),
(368, 'Lesson 1', 201, '', '../resources/slides/201/368.html', 1),
(369, 'Lesson 2', 201, '', '../resources/slides/201/369.html', 1),
(370, 'Lesson 3', 201, '', '../resources/slides/201/370.html', 1),
(371, 'Lesson 4', 201, '', '../resources/slides/201/371.html', 1),
(372, 'Lesson 5', 201, '', '../resources/slides/201/372.html', 1),
(373, 'Lesson 6', 201, '', '../resources/slides/201/373.html', 1),
(374, 'Lesson 1', 202, '', '../resources/slides/202/374.html', 1),
(375, 'Lesson 2', 202, '', '../resources/slides/202/375.html', 1),
(376, 'Lesson 3', 202, '', '../resources/slides/202/376.html', 1),
(377, 'Lesson 4', 202, '', '../resources/slides/202/377.html', 1),
(378, 'Lesson 5', 202, '', '../resources/slides/202/378.html', 1),
(379, 'Lesson 6', 202, '', '../resources/slides/202/379.html', 1),
(380, 'Lesson 1', 203, '', '../resources/slides/203/380.html', 1),
(381, 'Lesson 2', 203, '', '../resources/slides/203/381.html', 1),
(382, 'Lesson 3', 203, '', '../resources/slides/203/382.html', 1),
(383, 'Lesson 4', 203, '', '../resources/slides/203/383.html', 1),
(384, 'Lesson 1', 204, '', '../resources/slides/204/384.html', 1),
(385, 'Lesson 1', 205, '', '../resources/slides/205/385.html', 0),
(386, 'Lesson 1', 205, '', '../resources/slides/205/386.html', 1),
(387, 'Lesson 1', 205, '', '../resources/slides/205/387.html', 0),
(388, 'Lesson 2:', 205, '', '../resources/slides/205/388.html', 1),
(389, 'Lesson 3', 205, '', '../resources/slides/205/389.html', 1),
(390, 'Lesson 4', 205, '', '../resources/slides/205/390.html', 1),
(391, 'Lesson 5', 205, '', '../resources/slides/205/391.html', 1),
(392, 'Lesson 6', 205, '', '../resources/slides/205/392.html', 1),
(393, 'Lesson 7', 205, '', '../resources/slides/205/393.html', 1),
(394, 'Lesson 8', 205, '', '../resources/slides/205/394.html', 1),
(395, 'Lesson 8', 205, '', '../resources/slides/205/395.html', 0),
(396, 'Lesson 9', 205, '', '../resources/slides/205/396.html', 1),
(397, 'Lesson 10', 205, '', '../resources/slides/205/397.html', 1),
(398, 'Lesson 1', 206, '', '../resources/slides/206/398.html', 1),
(399, 'Lesson 1', 206, '', '../resources/slides/206/399.html', 0),
(400, 'Lesson 1', 206, '', '../resources/slides/206/400.html', 0),
(401, 'Lesson 1', 207, '', '../resources/slides/207/401.html', 1),
(402, 'Lesson 2', 207, '', '../resources/slides/207/402.html', 1),
(403, 'Lesson 3', 207, '', '../resources/slides/207/403.html', 1),
(404, 'Lesson 4', 207, '', '../resources/slides/207/404.html', 1),
(405, 'Lesson 5', 207, '', '../resources/slides/207/405.html', 1),
(406, 'Lesson 1', 208, '', '../resources/slides/208/406.html', 1),
(407, 'Lesson 1', 209, '', '../resources/slides/209/407.html', 1),
(408, 'Lesson 2', 209, '', '../resources/slides/209/408.html', 1),
(409, 'Lesson 2', 209, '', '../resources/slides/209/409.html', 0),
(410, 'Lesson 3', 209, '', '../resources/slides/209/410.html', 1),
(411, 'Lesson 1', 209, '', '../resources/slides/209/411.html', 0),
(412, 'Lesson 1', 209, '', '../resources/slides/209/412.html', 0),
(413, 'Lesson 1', 210, '', '../resources/slides/210/413.html', 1),
(414, 'Lesson 1', 210, '', '../resources/slides/210/414.html', 0),
(415, 'Lesson 1', 210, '', '../resources/slides/210/415.html', 0),
(416, 'Lesson 1', 210, '', '../resources/slides/210/416.html', 0),
(417, 'Lesson 2', 210, '', '../resources/slides/210/417.html', 1),
(418, 'Lesson 3', 210, '', '../resources/slides/210/418.html', 1),
(419, 'Lesson 1', 211, '', '../resources/slides/211/419.html', 1),
(420, 'Lesson 2', 211, '', '../resources/slides/211/420.html', 1),
(421, 'Lesson 3', 211, '', '../resources/slides/211/421.html', 1),
(422, 'Lesson 1', 212, '', '../resources/slides/212/422.html', 1),
(423, 'Lesson 2', 212, '', '../resources/slides/212/423.html', 1),
(424, 'Lesson 3', 212, '', '../resources/slides/212/424.html', 0),
(425, 'Lesson 1', 213, '', '../resources/slides/213/425.html', 1),
(426, 'Lesson 2', 213, '', '../resources/slides/213/426.html', 1),
(427, 'Lesson 3', 213, '', '../resources/slides/213/427.html', 1),
(428, 'Lesson 4', 213, '', '../resources/slides/213/428.html', 1),
(429, 'Lesson 5', 213, '', '../resources/slides/213/429.html', 1),
(430, 'Lesson 5', 213, '', '../resources/slides/213/430.html', 0),
(431, 'Lesson 6', 213, '', '../resources/slides/213/431.html', 1),
(432, 'Lesson 7', 213, '', '../resources/slides/213/432.html', 0),
(433, 'Lesson 8', 213, '', '../resources/slides/213/433.html', 0),
(434, 'Lesson 9', 213, '', '../resources/slides/213/434.html', 0),
(435, 'Lesson 1', 214, '', '../resources/slides/214/435.html', 1),
(436, 'Lesson 2', 214, '', '../resources/slides/214/436.html', 1),
(437, 'Lesson 3', 214, '', '../resources/slides/214/437.html', 1),
(438, 'Lesson 4', 214, '', '../resources/slides/214/438.html', 1),
(439, 'Lesson 5', 214, '', '../resources/slides/214/439.html', 1),
(440, 'Lesson 6', 214, '', '../resources/slides/214/440.html', 0),
(441, 'lesson 7', 214, '', '../resources/slides/214/441.html', 0),
(442, 'lesson 7', 214, '', '../resources/slides/214/442.html', 0),
(443, 'lesson 7', 214, '', '../resources/slides/214/443.html', 0),
(444, 'lesson 7', 214, '', '../resources/slides/214/444.html', 0),
(445, 'lesson 7', 214, '', '../resources/slides/214/445.html', 0),
(446, 'Lesson 1', 215, '', '../resources/slides/215/446.html', 1),
(447, 'Lesson 2', 215, '', '../resources/slides/215/447.html', 1),
(448, 'Lesson 3', 215, '', '../resources/slides/215/448.html', 1),
(449, 'Lesson 4', 215, '', '../resources/slides/215/449.html', 1),
(450, 'Lesson 5', 215, '', '../resources/slides/215/450.html', 1),
(451, 'Lesson 1', 216, '', '../resources/slides/216/451.html', 1),
(452, 'Lesson 2', 216, '', '../resources/slides/216/452.html', 1),
(453, 'Lesson 3', 216, '', '../resources/slides/216/453.html', 1),
(454, 'Lesson 4', 216, '', '../resources/slides/216/454.html', 1),
(455, 'Lesson 5', 216, '', '../resources/slides/216/455.html', 1),
(456, 'Lesson 5', 216, '', '../resources/slides/216/456.html', 0),
(457, 'Lesson 1', 217, '', '../resources/slides/217/457.html', 1),
(458, 'Lesson 2', 217, '', '../resources/slides/217/458.html', 1),
(459, 'Lesson 2', 217, '', '../resources/slides/217/459.html', 0),
(460, 'Lesson 2', 217, '', '../resources/slides/217/460.html', 0),
(461, 'Lesson 3', 217, '', '../resources/slides/217/461.html', 1),
(462, 'Lesson 4', 217, '', '../resources/slides/217/462.html', 1),
(463, 'Lesson 5', 217, '', '../resources/slides/217/463.html', 0),
(464, 'Lesson 5', 217, '', '../resources/slides/217/464.html', 0),
(465, 'Lesson 5', 217, '', '../resources/slides/217/465.html', 1),
(466, 'Lesson 6', 217, '', '../resources/slides/217/466.html', 0),
(467, 'Lesson 1', 218, '', '../resources/slides/218/467.html', 1),
(468, 'Lesson 2', 218, '', '../resources/slides/218/468.html', 1),
(469, 'Lesson 2', 218, '', '../resources/slides/218/469.html', 0),
(470, 'Lesson 2', 218, '', '../resources/slides/218/470.html', 0),
(471, 'Lesson 3', 218, '', '../resources/slides/218/471.html', 1),
(472, 'Lesson 4', 218, '', '../resources/slides/218/472.html', 1),
(473, 'Lesson 5', 218, '', '../resources/slides/218/473.html', 1),
(474, 'Lesson 6', 218, '', '../resources/slides/218/474.html', 1),
(475, 'Lesson 1', 219, '', '../resources/slides/219/475.html', 1),
(476, 'Lesson 5', 219, '', '../resources/slides/219/476.html', 0),
(477, 'Lesson 3', 219, '', '../resources/slides/219/477.html', 1),
(478, 'Lesson 5', 219, '', '../resources/slides/219/478.html', 1),
(479, 'Lesson 4', 219, '', '../resources/slides/219/479.html', 0),
(480, 'Lesson 5', 219, '', '../resources/slides/219/480.html', 1),
(481, 'Lesson 6', 219, '', '../resources/slides/219/481.html', 1),
(482, 'Lesson 7', 219, '', '../resources/slides/219/482.html', 1),
(483, 'Lesson 8', 219, '', '../resources/slides/219/483.html', 1),
(484, 'Lesson 9', 219, '', '../resources/slides/219/484.html', 1),
(485, 'Lesson 10', 219, '', '../resources/slides/219/485.html', 1),
(486, 'Lesson 11', 219, '', '../resources/slides/219/486.html', 1),
(487, 'Lesson 1', 220, '', '../resources/slides/220/487.html', 0),
(488, 'Lesson 1', 220, '', '../resources/slides/220/488.html', 0),
(489, 'Lesson 1', 220, '', '../resources/slides/220/489.html', 0),
(490, 'Lesson 1', 220, '', '../resources/slides/220/490.html', 0),
(491, 'Lesson 1', 220, '', '../resources/slides/220/491.html', 0),
(492, 'Lesson 1', 220, '', '../resources/slides/220/492.html', 0),
(493, 'Lesson 1', 220, '', '../resources/slides/220/493.html', 0),
(494, 'Lesson 1', 220, '', '../resources/slides/220/494.html', 0),
(495, 'Lesson 1', 220, '', '../resources/slides/220/495.html', 0),
(496, 'Lesson 1', 220, '', '../resources/slides/220/496.html', 0),
(497, 'Lesson 1', 220, '', '../resources/slides/220/497.html', 1),
(498, 'Lesson 2', 220, '', '../resources/slides/220/498.html', 1),
(499, 'Lesson 3', 220, '', '../resources/slides/220/499.html', 1),
(500, 'Lesson 5', 220, '', '../resources/slides/220/500.html', 1),
(501, 'Lesson 5', 220, '', '../resources/slides/220/501.html', 1),
(502, 'Lesson 1', 221, '', '../resources/slides/221/502.html', 1),
(503, 'Lesson 2', 221, '', '../resources/slides/221/503.html', 1),
(504, 'Lesson 3', 221, '', '../resources/slides/221/504.html', 1),
(505, 'Lesson 4', 221, '', '../resources/slides/221/505.html', 1),
(506, 'Lesson  5', 221, '', '../resources/slides/221/506.html', 1),
(507, 'Lesson 6', 221, '', '../resources/slides/221/507.html', 1),
(508, 'Lesson 7', 221, '', '../resources/slides/221/508.html', 1),
(509, 'Lesson 8', 221, '', '../resources/slides/221/509.html', 1),
(510, 'Lesson 6', 220, '', '../resources/slides/220/510.html', 1),
(511, 'Lesson 6', 220, '', '../resources/slides/220/511.html', 0),
(512, 'Lesson 1', 222, '', '../resources/slides/222/512.html', 1),
(513, 'Lesson 1', 222, '', '../resources/slides/222/513.html', 0),
(514, 'Lesson 1', 223, '', '../resources/slides/223/514.html', 1),
(515, 'Lesson 7', 218, '', '../resources/slides/218/515.html', 1),
(516, 'Lesson 8', 218, '', '../resources/slides/218/516.html', 1),
(517, 'Lesson 9', 218, '', '../resources/slides/218/517.html', 1),
(518, 'Lesson 10', 218, '', '../resources/slides/218/518.html', 1),
(519, 'Lesson 11', 218, '', '../resources/slides/218/519.html', 1),
(520, 'Lesson 12', 218, '', '../resources/slides/218/520.html', 1),
(521, 'Lesson 4', 220, '', '../resources/slides/220/521.html', 1),
(522, 'Slide xxcxcccx', 224, '', '../resources/slides/224/522.html', 1),
(523, 'Slide 0000', 224, '', '../resources/slides/224/523.html', 0),
(524, 'Slide xxcxcccx', 224, '', '../resources/slides/224/524.html', 1),
(525, 'New', 224, '', '../resources/slides/224/525.html', 0),
(526, 'slide 5', 224, '', '../resources/slides/224/526.html', 0),
(527, 'slide new', 224, '', '../resources/slides/224/527.html', 0),
(528, 'Lesson 1', 225, '', '../resources/slides/225/528.html', 1),
(529, 'Lesson 1', 225, '', '../resources/slides/225/529.html', 0),
(530, 'Lesson 2', 225, '', '../resources/slides/225/530.html', 1),
(531, 'Lesson 3', 225, '', '../resources/slides/225/531.html', 1),
(532, 'Lesson 4', 225, '', '../resources/slides/225/532.html', 1),
(533, 'Lesson 5', 225, '', '../resources/slides/225/533.html', 1),
(534, 'Lesson 6', 225, '', '../resources/slides/225/534.html', 0),
(535, 'Lesson 1', 226, '', '../resources/slides/226/535.html', 1),
(536, 'Lesson 1', 226, '', '../resources/slides/226/536.html', 0),
(537, 'Lesson 2', 226, '', '../resources/slides/226/537.html', 1),
(538, 'Lesson 3', 226, '', '../resources/slides/226/538.html', 1),
(539, 'Lesson 3', 226, '', '../resources/slides/226/539.html', 0),
(540, 'Lesson 4', 226, '', '../resources/slides/226/540.html', 1),
(541, 'Lesson 1', 227, '', '../resources/slides/227/541.html', 1),
(542, 'Lesson 2', 227, '', '../resources/slides/227/542.html', 1),
(543, 'Lesson 3', 227, '', '../resources/slides/227/543.html', 1),
(544, 'Lesson 4', 227, '', '../resources/slides/227/544.html', 1),
(545, 'Lesson 5', 227, '', '../resources/slides/227/545.html', 0),
(546, 'Lesson 5', 227, '', '../resources/slides/227/546.html', 1),
(547, 'Lesson 5', 227, '', '../resources/slides/227/547.html', 0),
(548, 'Lesson 6', 227, '', '../resources/slides/227/548.html', 1),
(549, 'Lesson 1', 228, '', '../resources/slides/228/549.html', 1),
(550, 'Lesson 2', 228, '', '../resources/slides/228/550.html', 1),
(551, 'Lesson 1', 229, '', '../resources/slides/229/551.html', 1),
(552, 'Lesson2', 229, '', '../resources/slides/229/552.html', 1),
(553, 'Lesson 3', 229, '', '../resources/slides/229/553.html', 1),
(554, 'Lesson 4', 229, '', '../resources/slides/229/554.html', 1),
(555, 'Lesson 5', 229, '', '../resources/slides/229/555.html', 1),
(556, 'Lesson 6', 229, '', '../resources/slides/229/556.html', 1),
(557, 'Lesson 7', 229, '', '../resources/slides/229/557.html', 1),
(558, 'Lesson 8', 229, '', '../resources/slides/229/558.html', 1),
(559, 'Lesson 1', 230, '', '../resources/slides/230/559.html', 1),
(560, 'Lesson 2', 230, '', '../resources/slides/230/560.html', 1),
(561, 'Lesson 3', 230, '', '../resources/slides/230/561.html', 1),
(562, 'Lesson 4', 230, '', '../resources/slides/230/562.html', 1),
(563, 'Lesson 5', 230, '', '../resources/slides/230/563.html', 1),
(564, 'Lesson 1', 231, '', '../resources/slides/231/564.html', 1),
(565, 'Lesson 2', 231, '', '../resources/slides/231/565.html', 1),
(566, 'Lesson3', 231, '', '../resources/slides/231/566.html', 1),
(567, 'Lesson 4', 231, '', '../resources/slides/231/567.html', 1),
(568, 'Lesson 5', 231, '', '../resources/slides/231/568.html', 1),
(569, 'Lesson 6', 231, '', '../resources/slides/231/569.html', 1),
(570, 'Lesson 1', 232, '', '../resources/slides/232/570.html', 1),
(571, 'Lesson 2', 232, '', '../resources/slides/232/571.html', 1),
(572, 'Lesson 1', 233, '', '../resources/slides/233/572.html', 1),
(573, 'Lesson 2', 233, '', '../resources/slides/233/573.html', 1),
(574, 'Lesson 3', 233, '', '../resources/slides/233/574.html', 0),
(575, 'Lesson 3', 233, '', '../resources/slides/233/575.html', 0),
(576, 'Lesson 3', 233, '', '../resources/slides/233/576.html', 1),
(577, 'Lesson 4', 233, '', '../resources/slides/233/577.html', 1),
(578, 'Lesson 5', 233, '', '../resources/slides/233/578.html', 1),
(579, 'Lesson 5', 233, '', '../resources/slides/233/579.html', 0),
(580, 'Lesson 6', 233, '', '../resources/slides/233/580.html', 1),
(581, 'Lesson 7', 233, '', '../resources/slides/233/581.html', 1),
(582, 'Lesson 8', 233, '', '../resources/slides/233/582.html', 1),
(583, 'Lesson 9', 233, '', '../resources/slides/233/583.html', 1),
(584, 'sds', 192, '', '../resources/slides/192/584.html', 1),
(585, 'sdsdsd', 192, '', '../resources/slides/192/585.html', 1),
(586, 'sdsdsd', 192, '', '../resources/slides/192/586.html', 1),
(587, 'sdsd', 192, '', '../resources/slides/192/587.html', 1),
(588, 'sdsd', 192, '', '../resources/slides/192/588.html', 1),
(589, 'dgfgfgfgddfdf', 192, '', '../resources/slides/192/589.html', 0),
(590, 'dgfgfgfgddfdf', 192, '', '../resources/slides/192/590.html', 1),
(591, 'dfdfdffsdsdsds', 192, '', '../resources/slides/192/591.html', 1),
(592, 'dfdfdffsdsdsds', 192, '', '../resources/slides/192/592.html', 1),
(593, 'ddfdfdfd', 192, '', '../resources/slides/192/593.html', 1),
(594, 'ddfdfdfd', 192, '', '../resources/slides/192/594.html', 1),
(595, 'xxcfc', 192, '', '../resources/slides/192/595.html', 1),
(596, 'xxcfc', 192, '', '../resources/slides/192/596.html', 1),
(597, 'Lesson 10', 233, '', '../resources/slides/233/597.html', 1),
(598, 'Lesson 11', 233, '', '../resources/slides/233/598.html', 1),
(599, 'Lesson 12', 233, '', '../resources/slides/233/599.html', 1),
(600, 'Lesson 13', 233, '', '../resources/slides/233/600.html', 1),
(601, 'Lesson 1', 234, '', '../resources/slides/234/601.html', 1),
(602, 'Lesson 1', 235, '', '../resources/slides/235/602.html', 1),
(603, 'Lesson 1', 235, '', '../resources/slides/235/603.html', 0),
(604, 'Lesson 2', 235, '', '../resources/slides/235/604.html', 1),
(605, 'Lesson 3', 235, '', '../resources/slides/235/605.html', 1),
(606, 'Lesson 4', 235, '', '../resources/slides/235/606.html', 1),
(607, 'Lesson 5', 235, '', '../resources/slides/235/607.html', 1),
(608, 'Lesson 6', 235, '', '../resources/slides/235/608.html', 1),
(609, 'Lesson 6', 235, '', '../resources/slides/235/609.html', 0),
(610, 'Sliderrrer', 224, '', '../resources/slides/224/610.html', 1),
(611, 'Slider23', 224, '', '../resources/slides/224/611.html', 1),
(612, 'hdgshdg', 224, '', '../resources/slides/224/612.html', 1),
(613, 'ddsds', 224, '', '../resources/slides/224/613.html', 1),
(614, 'sdsd Outside', 224, '', '../resources/slides/224/614.html', 1),
(615, 'Lesson 7', 235, '', '../resources/slides/235/615.html', 1),
(616, 'Lesson 8', 235, '', '../resources/slides/235/616.html', 1),
(617, 'Lesson 9', 235, '', '../resources/slides/235/617.html', 1),
(618, 'Lesson 10', 235, '', '../resources/slides/235/618.html', 1),
(619, 'Lesson 11', 235, '', '../resources/slides/235/619.html', 1),
(620, 'Lesson 1', 236, '', '../resources/slides/236/620.html', 1),
(621, 'Lesson 2', 236, '', '../resources/slides/236/621.html', 1),
(622, 'Lesson 3', 236, '', '../resources/slides/236/622.html', 1),
(623, 'Lesson 4', 236, '', '../resources/slides/236/623.html', 1),
(624, 'Lesson 5', 236, '', '../resources/slides/236/624.html', 1),
(625, 'Lesson 6', 236, '', '../resources/slides/236/625.html', 1),
(626, 'Lesson 7', 236, '', '../resources/slides/236/626.html', 1),
(627, 'Lesson 8', 236, '', '../resources/slides/236/627.html', 1),
(628, 'Lesson 9', 236, '', '../resources/slides/236/628.html', 1),
(629, 'Lesson 10', 236, '', '../resources/slides/236/629.html', 1),
(630, 'Lesson 11', 236, '', '../resources/slides/236/630.html', 1),
(631, 'Lesson 12', 236, '', '../resources/slides/236/631.html', 1),
(632, 'Lesson 13', 236, '', '../resources/slides/236/632.html', 1),
(633, 'Lesson 14', 236, '', '../resources/slides/236/633.html', 1),
(634, 'Lesson 14', 236, '', '../resources/slides/236/634.html', 1),
(635, 'Lesson 15', 236, '', '../resources/slides/236/635.html', 1),
(636, 'Lesson 16', 236, '', '../resources/slides/236/636.html', 1),
(637, 'Lesson 17', 236, '', '../resources/slides/236/637.html', 1),
(638, 'Slide 18', 236, '', '../resources/slides/236/638.html', 1),
(639, 'Lesson 19', 236, '', '../resources/slides/236/639.html', 1),
(640, 'Lesson1', 237, '', '../resources/slides/237/640.html', 1),
(641, 'Lesson1', 237, '', '../resources/slides/237/641.html', 0),
(642, 'Lesson1', 237, '', '../resources/slides/237/642.html', 0),
(643, 'Lesson 2', 237, '', '../resources/slides/237/643.html', 1),
(644, 'Lesson 1', 238, '', '../resources/slides/238/644.html', 1),
(645, 'Lesson 2', 238, '', '../resources/slides/238/645.html', 1),
(646, 'Lesson 3', 238, '', '../resources/slides/238/646.html', 1),
(647, 'Lesson 4', 238, '', '../resources/slides/238/647.html', 1),
(648, 'Lesson 5', 238, '', '../resources/slides/238/648.html', 1),
(649, 'Lesson 6', 238, '', '../resources/slides/238/649.html', 1),
(650, 'Lesson 1', 239, '', '../resources/slides/239/650.html', 1),
(651, 'Lesson 2', 239, '', '../resources/slides/239/651.html', 1),
(652, 'Lesson 3', 239, '', '../resources/slides/239/652.html', 1),
(653, 'Lesson 4', 239, '', '../resources/slides/239/653.html', 1),
(654, 'Lesson 5', 239, '', '../resources/slides/239/654.html', 1),
(655, 'Lesson 6', 239, '', '../resources/slides/239/655.html', 1),
(656, 'Lesson 6', 239, '', '../resources/slides/239/656.html', 0),
(657, 'Lesson 7', 239, '', '../resources/slides/239/657.html', 1),
(658, 'Lesson 7', 239, '', '../resources/slides/239/658.html', 0),
(659, 'Lesson 8', 239, '', '../resources/slides/239/659.html', 1),
(660, 'Lesson 9', 239, '', '../resources/slides/239/660.html', 1),
(661, 'Lesson 10', 239, '', '../resources/slides/239/661.html', 1),
(662, 'Lesson 1', 240, '', '../resources/slides/240/662.html', 1),
(663, 'Lesson 2', 240, '', '../resources/slides/240/663.html', 1),
(664, 'Lesson 3', 240, '', '../resources/slides/240/664.html', 1),
(665, 'Lesson 4', 240, '', '../resources/slides/240/665.html', 1),
(666, 'Lesson 9', 229, '', '../resources/slides/229/666.html', 0),
(667, 'Lesson 1', 241, '', '../resources/slides/241/667.html', 1),
(668, 'Lesson 2', 241, '', '../resources/slides/241/668.html', 1),
(669, 'Lesson 3', 241, '', '../resources/slides/241/669.html', 0),
(670, 'Lesson 1', 242, '', '../resources/slides/242/670.html', 1),
(671, 'Lesson 2', 242, '', '../resources/slides/242/671.html', 1),
(672, 'Lesson 3', 242, '', '../resources/slides/242/672.html', 1),
(673, 'Lesson 4', 242, '', '../resources/slides/242/673.html', 1),
(674, 'Lesson 5', 242, '', '../resources/slides/242/674.html', 1),
(675, 'Lesson 6', 242, '', '../resources/slides/242/675.html', 1),
(676, 'Lesson7', 242, '', '../resources/slides/242/676.html', 1),
(677, 'Lesson 8', 242, '', '../resources/slides/242/677.html', 1),
(678, 'Lesson 9', 242, '', '../resources/slides/242/678.html', 1),
(679, 'Lesson 10', 242, '', '../resources/slides/242/679.html', 1),
(680, 'Lesson 11', 242, '', '../resources/slides/242/680.html', 1),
(681, 'Lesson 12', 242, '', '../resources/slides/242/681.html', 1),
(682, 'Lesson 13', 242, '', '../resources/slides/242/682.html', 1),
(683, 'Lesson 16', 242, '', '../resources/slides/242/683.html', 1),
(684, 'Lesson 1', 243, '', '../resources/slides/243/684.html', 1),
(685, 'Lesson 2', 243, '', '../resources/slides/243/685.html', 1),
(686, 'Lesson 3', 243, '', '../resources/slides/243/686.html', 1),
(687, 'Lesson 4', 243, '', '../resources/slides/243/687.html', 1),
(688, 'Lesson 3', 198, '', '../resources/slides/198/688.html', 1),
(699, 'lesson 3', 232, '', '../resources/slides/232/699.html', 1),
(700, 'Lesson: 1', 245, '', '../resources/slides/245/700.html', 1),
(701, 'LESSON PRAC', 246, '', '../resources/slides/246/701.html', 1),
(702, 'Lesson: 2', 247, '', '../resources/slides/247/702.html', 1),
(703, 'Lesson: 3', 248, '', '../resources/slides/248/703.html', 1),
(704, '122', 255, '', '../resources/slides/255/704.html', 0),
(705, '122', 255, '', '../resources/slides/255/705.html', 0),
(706, 'test 2', 255, '', '../resources/slides/255/706.html', 1),
(707, 'Lesson: 2', 257, '', '../resources/slides/257/707.html', 0),
(708, 'Lesson: 2', 257, '', '../resources/slides/257/708.html', 0),
(709, 'Lesson: 1', 257, '', '../resources/slides/257/709.html', 1),
(710, 'Lesson: 2', 257, '', '../resources/slides/257/710.html', 1),
(711, 'Lesson: 3', 257, '', '../resources/slides/257/711.html', 1),
(712, 'Lesson: 4', 257, '', '../resources/slides/257/712.html', 1),
(713, 'Lesson: 5', 257, '', '../resources/slides/257/713.html', 1),
(714, 'Lesson: 6', 257, '', '../resources/slides/257/714.html', 1),
(715, 'Lesson: 7', 257, '', '../resources/slides/257/715.html', 1),
(716, 'Lesson: 8', 257, '', '../resources/slides/257/716.html', 1),
(717, 'Lesson: 9', 257, '', '../resources/slides/257/717.html', 1),
(718, 'Lesson: 10', 257, '', '../resources/slides/257/718.html', 0),
(719, 'Lesson: 11', 257, '', '../resources/slides/257/719.html', 0),
(720, 'Lesson: 12', 257, '', '../resources/slides/257/720.html', 0),
(721, 'Lesson: 13', 257, '', '../resources/slides/257/721.html', 0),
(722, 'Lesson 5', 243, '', '../resources/slides/243/722.html', 1),
(723, 'Lesson 6', 243, '', '../resources/slides/243/723.html', 1),
(724, 'Lesson 6', 243, '', '../resources/slides/243/724.html', 0),
(725, 'Lesson 7', 243, '', '../resources/slides/243/725.html', 1),
(726, 'Lesson 7', 243, '', '../resources/slides/243/726.html', 0),
(727, 'Lesson: 1', 258, '', '../resources/slides/258/727.html', 1),
(728, 'Lesson: 2', 258, '', '../resources/slides/258/728.html', 1),
(729, 'Lesson: 3', 258, '', '../resources/slides/258/729.html', 1),
(730, 'Lesson: 4', 258, '', '../resources/slides/258/730.html', 1),
(731, 'Lesson: 5', 258, '', '../resources/slides/258/731.html', 1),
(732, 'Lesson: 6', 258, '', '../resources/slides/258/732.html', 1),
(733, 'Lesson: 7', 258, '', '../resources/slides/258/733.html', 1),
(734, 'Lesson: 8', 258, '', '../resources/slides/258/734.html', 1),
(735, 'Lesson: 9', 258, '', '../resources/slides/258/735.html', 1),
(736, 'Lesson: 10', 258, '', '../resources/slides/258/736.html', 1),
(737, 'Lesson: 1', 260, '', '../resources/slides/260/737.html', 1),
(738, 'Lesson: 2', 260, '', '../resources/slides/260/738.html', 1),
(739, 'Lesson: 3', 260, '', '../resources/slides/260/739.html', 1),
(740, 'Lesson: 4', 260, '', '../resources/slides/260/740.html', 1),
(741, 'Lesson: 5', 260, '', '../resources/slides/260/741.html', 1),
(742, 'Lesson: 6', 260, '', '../resources/slides/260/742.html', 1),
(743, 'Lesson: 7', 260, '', '../resources/slides/260/743.html', 1),
(744, 'Lesson: 8', 260, '', '../resources/slides/260/744.html', 1),
(745, 'Lesson: 9', 260, '', '../resources/slides/260/745.html', 1),
(746, 'Lesson 1', 261, '', '../resources/slides/261/746.html', 1),
(747, 'Lesson 2', 261, '', '../resources/slides/261/747.html', 1),
(748, 'Lesson 3', 261, '', '../resources/slides/261/748.html', 1),
(749, 'Lesson 4', 261, '', '../resources/slides/261/749.html', 1),
(750, 'Lesson: 1', 262, '', '../resources/slides/262/750.html', 1),
(751, 'Lesson: 2', 262, '', '../resources/slides/262/751.html', 1),
(752, 'Lesson: 3', 262, '', '../resources/slides/262/752.html', 1),
(753, 'Lesson: 4', 262, '', '../resources/slides/262/753.html', 1),
(754, 'Lesson: 5', 262, '', '../resources/slides/262/754.html', 1),
(755, 'Lesson: 6', 262, '', '../resources/slides/262/755.html', 1),
(756, 'Lesson: 7', 262, '', '../resources/slides/262/756.html', 1),
(757, 'Lesson: 8', 262, '', '../resources/slides/262/757.html', 0),
(758, 'Lesson: 9', 262, '', '../resources/slides/262/758.html', 0),
(759, 'Lesson: 10', 262, '', '../resources/slides/262/759.html', 0),
(760, 'Lesson: 11', 262, '', '../resources/slides/262/760.html', 0),
(761, 'Lesson: 12', 262, '', '../resources/slides/262/761.html', 0),
(762, 'Lesson: 13', 262, '', '../resources/slides/262/762.html', 0),
(763, 'Lesson: 14', 262, '', '../resources/slides/262/763.html', 0),
(764, 'Lesson: 15', 262, '', '../resources/slides/262/764.html', 0),
(765, 'Lesson: 16', 262, '', '../resources/slides/262/765.html', 0),
(766, 'Lesson: 16', 262, '', '../resources/slides/262/766.html', 0),
(767, 'Lesson: 17', 262, '', '../resources/slides/262/767.html', 0),
(768, 'Lesson: 18', 262, '', '../resources/slides/262/768.html', 0),
(769, 'Lesson: 19', 262, '', '../resources/slides/262/769.html', 0),
(770, 'Lesson: 20', 262, '', '../resources/slides/262/770.html', 0),
(771, 'Lesson: 1', 263, '', '../resources/slides/263/771.html', 1),
(772, 'Lesson: 2', 263, '', '../resources/slides/263/772.html', 1),
(773, 'Lesson: 3', 263, '', '../resources/slides/263/773.html', 1),
(774, 'Lesson: 4', 263, '', '../resources/slides/263/774.html', 1),
(775, 'Lesson: 5', 263, '', '../resources/slides/263/775.html', 1),
(776, 'Lesson: 6', 263, '', '../resources/slides/263/776.html', 1),
(777, 'Lesson: 7', 263, '', '../resources/slides/263/777.html', 1),
(778, 'Lesson: 8', 263, '', '../resources/slides/263/778.html', 1),
(779, 'Lesson: 9', 263, '', '../resources/slides/263/779.html', 1),
(780, 'Lesson: 10', 263, '', '../resources/slides/263/780.html', 1),
(781, 'Lesson: 11', 263, '', '../resources/slides/263/781.html', 1),
(782, 'Lesson: 12', 263, '', '../resources/slides/263/782.html', 1),
(783, 'Lesson: 13', 263, '', '../resources/slides/263/783.html', 1),
(784, 'Lesson: 1', 264, '', '../resources/slides/264/784.html', 1),
(785, 'Lesson: 2', 264, '', '../resources/slides/264/785.html', 1),
(786, 'Lesson: 3', 264, '', '../resources/slides/264/786.html', 1),
(787, 'Lesson: 4', 264, '', '../resources/slides/264/787.html', 1),
(788, 'Lesson: 5', 264, '', '../resources/slides/264/788.html', 1),
(789, 'Lesson: 6', 264, '', '../resources/slides/264/789.html', 1),
(790, 'Lesson: 7', 264, '', '../resources/slides/264/790.html', 1),
(791, 'Lesson: 8', 264, '', '../resources/slides/264/791.html', 1),
(792, 'Lesson: 9', 264, '', '../resources/slides/264/792.html', 1),
(793, 'Lesson: 10', 264, '', '../resources/slides/264/793.html', 1),
(794, 'Lesson: 11', 264, '', '../resources/slides/264/794.html', 1),
(795, 'Lesson: 12', 264, '', '../resources/slides/264/795.html', 1),
(796, 'Lesson: 13', 264, '', '../resources/slides/264/796.html', 1),
(797, 'Lesson: 14', 264, '', '../resources/slides/264/797.html', 1),
(798, 'Lesson: 15', 264, '', '../resources/slides/264/798.html', 1),
(799, 'Lesson: 16', 264, '', '../resources/slides/264/799.html', 1),
(800, 'Lesson: 17', 264, '', '../resources/slides/264/800.html', 1),
(801, 'Lesson: 18', 264, '', '../resources/slides/264/801.html', 1),
(802, 'Lesson: 19', 264, '', '../resources/slides/264/802.html', 1),
(803, 'Lesson: 20', 264, '', '../resources/slides/264/803.html', 0),
(804, 'Lesson: 21', 264, '', '../resources/slides/264/804.html', 0),
(805, 'Lesson: 1', 267, '', '../resources/slides/267/805.html', 1),
(806, 'Lesson: 2', 267, '', '../resources/slides/267/806.html', 1);
INSERT INTO `slide` (`slide_id`, `slide_name`, `lesson`, `slide_details`, `url`, `status`) VALUES
(807, 'Lesson: 3', 267, '', '../resources/slides/267/807.html', 1),
(808, 'Lesson: 4', 267, '', '../resources/slides/267/808.html', 1),
(809, 'Lesson: 5', 267, '', '../resources/slides/267/809.html', 1),
(810, 'Lesson: 6', 267, '', '../resources/slides/267/810.html', 1),
(811, 'Lesson: 7', 267, '', '../resources/slides/267/811.html', 1),
(812, 'Lesson: 8', 267, '', '../resources/slides/267/812.html', 1),
(813, 'Lesson: 9', 267, '', '../resources/slides/267/813.html', 1),
(814, 'Lesson: 10', 267, '', '../resources/slides/267/814.html', 1),
(815, 'Lesson: 11', 267, '', '../resources/slides/267/815.html', 1),
(816, 'Lesson: 12', 267, '', '../resources/slides/267/816.html', 1),
(817, 'Lesson: 13', 267, '', '../resources/slides/267/817.html', 1),
(818, 'Lesson: 14', 267, '', '../resources/slides/267/818.html', 0),
(819, 'Lesson 5', 261, '', '../resources/slides/261/819.html', 1),
(820, 'Lesson 6', 261, '', '../resources/slides/261/820.html', 1),
(821, 'Lesson 7', 261, '', '../resources/slides/261/821.html', 1),
(822, 'Lesson: 1', 266, '', '../resources/slides/266/822.html', 1),
(823, 'Lesson: 2', 266, '', '../resources/slides/266/823.html', 1),
(824, 'Lesson: 3', 266, '', '../resources/slides/266/824.html', 1),
(825, 'Lesson: 4', 266, '', '../resources/slides/266/825.html', 1),
(826, 'Lesson: 5', 266, '', '../resources/slides/266/826.html', 1),
(827, 'Lesson: 6', 266, '', '../resources/slides/266/827.html', 1),
(828, 'Lesson: 7', 266, '', '../resources/slides/266/828.html', 1),
(829, 'Lesson: 8', 266, '', '../resources/slides/266/829.html', 1),
(830, 'Lesson: 9', 266, '', '../resources/slides/266/830.html', 1),
(831, 'Lesson: 10', 266, '', '../resources/slides/266/831.html', 1),
(832, 'Lesson: 11', 266, '', '../resources/slides/266/832.html', 1),
(833, 'Lesson: 12', 266, '', '../resources/slides/266/833.html', 1),
(834, 'Lesson: 13', 266, '', '../resources/slides/266/834.html', 1),
(835, 'TOPICAL QUESTIONS.', 266, '', '../resources/slides/266/835.html', 1),
(836, 'Lesson 8', 261, '', '../resources/slides/261/836.html', 1),
(837, 'Lesson 9', 261, '', '../resources/slides/261/837.html', 1),
(838, 'Lesson 10', 261, '', '../resources/slides/261/838.html', 1),
(839, 'Lesson: 1', 265, '', '../resources/slides/265/839.html', 1),
(840, 'Lesson: 2', 265, '', '../resources/slides/265/840.html', 1),
(841, 'Lesson: 3', 265, '', '../resources/slides/265/841.html', 1),
(842, 'Lesson: 4', 265, '', '../resources/slides/265/842.html', 1),
(843, 'Lesson: 5', 265, '', '../resources/slides/265/843.html', 1),
(844, 'Lesson: 6', 265, '', '../resources/slides/265/844.html', 1),
(845, 'Lesson: 7', 265, '', '../resources/slides/265/845.html', 1),
(846, 'Lesson: 8', 265, '', '../resources/slides/265/846.html', 0),
(847, 'Lesson: 8', 265, '', '../resources/slides/265/847.html', 1),
(848, 'Lesson: 9', 265, '', '../resources/slides/265/848.html', 1),
(849, 'Lesson: 10', 265, '', '../resources/slides/265/849.html', 1),
(850, 'Lesson: 11', 265, '', '../resources/slides/265/850.html', 1),
(851, 'Lesson: 12', 265, '', '../resources/slides/265/851.html', 1),
(852, 'Lesson: 13', 265, '', '../resources/slides/265/852.html', 1),
(853, 'Lesson: 14', 265, '', '../resources/slides/265/853.html', 1),
(854, 'Lesson: 15', 265, '', '../resources/slides/265/854.html', 1),
(855, 'Lesson: 16', 265, '', '../resources/slides/265/855.html', 1),
(856, 'Lesson: 17', 265, '', '../resources/slides/265/856.html', 1),
(857, 'Lesson: 18', 265, '', '../resources/slides/265/857.html', 1),
(858, 'Lesson: 19', 265, '', '../resources/slides/265/858.html', 1),
(859, 'Lesson: 20', 265, '', '../resources/slides/265/859.html', 1),
(860, 'Lesson: 21', 265, '', '../resources/slides/265/860.html', 1),
(861, 'TOPICAL QUESTIONS', 265, '', '../resources/slides/265/861.html', 1),
(862, 'Lesson: 1', 269, '', '../resources/slides/269/862.html', 1),
(863, 'Lesson: 2', 269, '', '../resources/slides/269/863.html', 1),
(864, 'Lesson: 3', 269, '', '../resources/slides/269/864.html', 1),
(865, 'Lesson: 4', 269, '', '../resources/slides/269/865.html', 1),
(866, 'Lesson: 5', 269, '', '../resources/slides/269/866.html', 1),
(867, 'Lesson: 5', 269, '', '../resources/slides/269/867.html', 1),
(868, 'Lesson: 6', 269, '', '../resources/slides/269/868.html', 1),
(869, 'Lesson: 7', 269, '', '../resources/slides/269/869.html', 1),
(870, 'Lesson: 8', 269, '', '../resources/slides/269/870.html', 1),
(871, 'Lesson: 9', 269, '', '../resources/slides/269/871.html', 1),
(872, 'Lesson: 10', 269, '', '../resources/slides/269/872.html', 1),
(873, 'Lesson: 11', 269, '', '../resources/slides/269/873.html', 1),
(874, 'Lesson: 1', 270, '', '../resources/slides/270/874.html', 1),
(875, 'Lesson: 2', 270, '', '../resources/slides/270/875.html', 1),
(876, 'Lesson: 3', 270, '', '../resources/slides/270/876.html', 0),
(877, 'TOPICAL QUESTIONS', 270, '', '../resources/slides/270/877.html', 1),
(878, 'Lesson:1', 273, '', '../resources/slides/273/878.html', 1),
(879, 'Lesson: 1', 271, '', '../resources/slides/271/879.html', 1),
(880, 'Lesson: 2', 271, '', '../resources/slides/271/880.html', 1),
(881, 'Lesson:2', 273, '', '../resources/slides/273/881.html', 1),
(882, 'Lesson:3', 273, '', '../resources/slides/273/882.html', 1),
(883, 'Lesson:4', 273, '', '../resources/slides/273/883.html', 1),
(884, 'Lesson:5', 273, '', '../resources/slides/273/884.html', 1),
(885, 'Lesson:1', 274, '', '../resources/slides/274/885.html', 1),
(886, 'Lesson:2', 274, '', '../resources/slides/274/886.html', 1),
(887, 'Lesson:3', 274, '', '../resources/slides/274/887.html', 0),
(888, 'Lesson', 274, '', '../resources/slides/274/888.html', 0),
(889, 'Lesson', 274, '', '../resources/slides/274/889.html', 0),
(890, 'Lesson:3', 274, '', '../resources/slides/274/890.html', 0),
(891, 'Lesson:3', 274, '', '../resources/slides/274/891.html', 0),
(892, 'Lesson:3', 274, '', '../resources/slides/274/892.html', 1),
(893, 'Lesson:4', 274, '', '../resources/slides/274/893.html', 1),
(894, 'Lesson:5', 274, '', '../resources/slides/274/894.html', 1),
(895, 'Lesson:6', 274, '', '../resources/slides/274/895.html', 1),
(896, 'Lesson:7', 274, '', '../resources/slides/274/896.html', 1),
(897, 'Lesson:8', 274, '', '../resources/slides/274/897.html', 1),
(898, 'Lesson:9', 274, '', '../resources/slides/274/898.html', 1),
(899, 'Lesson:10', 274, '', '../resources/slides/274/899.html', 1),
(900, 'Lesson:11', 274, '', '../resources/slides/274/900.html', 1),
(901, 'Lesson:1', 275, '', '../resources/slides/275/901.html', 1),
(902, 'Lesson:2', 275, '', '../resources/slides/275/902.html', 1),
(903, 'Lesson:3', 275, '', '../resources/slides/275/903.html', 1),
(904, 'Lesson:4', 275, '', '../resources/slides/275/904.html', 1),
(905, 'Lesson:5', 275, '', '../resources/slides/275/905.html', 1),
(906, 'Lesson:6', 275, '', '../resources/slides/275/906.html', 1),
(907, 'Lesson:7', 275, '', '../resources/slides/275/907.html', 1),
(908, 'Lesson: 3', 271, '', '../resources/slides/271/908.html', 1),
(909, 'Lesson: 4', 271, '', '../resources/slides/271/909.html', 1),
(910, 'Lesson: 4', 271, '', '../resources/slides/271/910.html', 0),
(911, 'Lesson: 5', 271, '', '../resources/slides/271/911.html', 1),
(912, 'Lesson: 6', 271, '', '../resources/slides/271/912.html', 1),
(913, 'Lesson: 7', 271, '', '../resources/slides/271/913.html', 1),
(914, 'Lesson: 8', 271, '', '../resources/slides/271/914.html', 1),
(915, 'Lesson: 9', 271, '', '../resources/slides/271/915.html', 1),
(916, 'Lesson: 10', 271, '', '../resources/slides/271/916.html', 1),
(917, 'Lesson: 11', 271, '', '../resources/slides/271/917.html', 1),
(918, 'Lesson: 12', 271, '', '../resources/slides/271/918.html', 1),
(919, 'Lesson: 13', 271, '', '../resources/slides/271/919.html', 1),
(920, 'Lesson: 14', 271, '', '../resources/slides/271/920.html', 1),
(921, 'Lesson: 15', 271, '', '../resources/slides/271/921.html', 1),
(922, 'Lesson:8', 275, '', '../resources/slides/275/922.html', 1),
(923, 'Lesson: 1', 272, '', '../resources/slides/272/923.html', 1),
(924, 'Lesson: 2', 272, '', '../resources/slides/272/924.html', 1),
(925, 'Lesson: 3', 272, '', '../resources/slides/272/925.html', 1),
(926, 'Lesson: 4', 272, '', '../resources/slides/272/926.html', 1),
(927, 'Lesson: 5', 272, '', '../resources/slides/272/927.html', 1),
(928, 'Lesson: 1', 276, '', '../resources/slides/276/928.html', 1),
(929, 'Lesson: 2', 276, '', '../resources/slides/276/929.html', 1),
(930, 'Lesson: 4', 276, '', '../resources/slides/276/930.html', 0),
(931, 'Lesson: 3', 276, '', '../resources/slides/276/931.html', 1),
(932, 'Lesson: 4', 276, '', '../resources/slides/276/932.html', 1),
(933, 'Lesson: 5', 276, '', '../resources/slides/276/933.html', 1),
(934, 'Lesson: 6', 276, '', '../resources/slides/276/934.html', 1),
(935, 'Lesson: 7', 276, '', '../resources/slides/276/935.html', 1),
(936, 'Lesson: 8', 276, '', '../resources/slides/276/936.html', 1),
(937, 'Lesson: 9', 276, '', '../resources/slides/276/937.html', 1),
(938, 'Lesson: 10', 276, '', '../resources/slides/276/938.html', 1),
(939, 'Lesson: 11', 276, '', '../resources/slides/276/939.html', 1),
(940, 'Lesson: 12', 276, '', '../resources/slides/276/940.html', 0),
(941, 'Lesson: 1', 278, '', '../resources/slides/278/941.html', 1),
(942, 'Lesson: 2', 278, '', '../resources/slides/278/942.html', 1),
(943, 'Lesson: 3', 278, '', '../resources/slides/278/943.html', 1),
(944, 'Lesson:9', 275, '', '../resources/slides/275/944.html', 1),
(945, 'Lesson: 4', 278, '', '../resources/slides/278/945.html', 1),
(946, 'Lesson: 5', 278, '', '../resources/slides/278/946.html', 1),
(947, 'Lesson: 6', 278, '', '../resources/slides/278/947.html', 1),
(948, 'Lesson: 7', 278, '', '../resources/slides/278/948.html', 1),
(949, 'Lesson: 8', 278, '', '../resources/slides/278/949.html', 0),
(950, 'Lesson: 9', 278, '', '../resources/slides/278/950.html', 0),
(951, 'Lesson: 10', 278, '', '../resources/slides/278/951.html', 0),
(952, 'Lesson:10', 275, '', '../resources/slides/275/952.html', 1),
(953, 'Lesson:11', 275, '', '../resources/slides/275/953.html', 0),
(954, 'Lesson: 1', 277, '', '../resources/slides/277/954.html', 1),
(955, 'Lesson: 2', 277, '', '../resources/slides/277/955.html', 1),
(956, 'Lesson: 3', 277, '', '../resources/slides/277/956.html', 1),
(957, 'Lesson: 4', 277, '', '../resources/slides/277/957.html', 1),
(958, 'Lesson: 5', 277, '', '../resources/slides/277/958.html', 1),
(959, 'Lesson: 6', 277, '', '../resources/slides/277/959.html', 1),
(960, 'Lesson: 7', 277, '', '../resources/slides/277/960.html', 1),
(961, 'Lesson: 8', 277, '', '../resources/slides/277/961.html', 1),
(962, 'Lesson: 9', 277, '', '../resources/slides/277/962.html', 1),
(963, 'Lesson:1', 279, '', '../resources/slides/279/963.html', 1),
(964, 'Lesson:2', 279, '', '../resources/slides/279/964.html', 1),
(965, 'Lesson:3', 279, '', '../resources/slides/279/965.html', 1),
(966, 'Lesson:4', 279, '', '../resources/slides/279/966.html', 1),
(967, 'Lesson:5', 279, '', '../resources/slides/279/967.html', 1),
(968, 'Lesson:6', 279, '', '../resources/slides/279/968.html', 1),
(969, 'Lesson:7', 279, '', '../resources/slides/279/969.html', 1),
(970, 'Lesson:8', 279, '', '../resources/slides/279/970.html', 1),
(971, 'Lesson:9', 279, '', '../resources/slides/279/971.html', 1),
(972, 'Lesson:10', 279, '', '../resources/slides/279/972.html', 1),
(973, 'Lesson:11', 279, '', '../resources/slides/279/973.html', 1),
(974, 'Lesson:12', 279, '', '../resources/slides/279/974.html', 1),
(975, 'Lesson: 1', 280, '', '../resources/slides/280/975.html', 1),
(976, 'Lesson: 2', 280, '', '../resources/slides/280/976.html', 1),
(977, 'Lesson: 3', 280, '', '../resources/slides/280/977.html', 1),
(978, 'Lesson: 4', 280, '', '../resources/slides/280/978.html', 1),
(979, 'Lesson: 5', 280, '', '../resources/slides/280/979.html', 1),
(980, 'Lesson: 6', 280, '', '../resources/slides/280/980.html', 1),
(981, 'Lesson: 7', 280, '', '../resources/slides/280/981.html', 1),
(982, 'Lesson: 8', 280, '', '../resources/slides/280/982.html', 1),
(983, 'Lesson: 9', 280, '', '../resources/slides/280/983.html', 1),
(984, 'Lesson: 10', 280, '', '../resources/slides/280/984.html', 1),
(985, 'Lesson: 11', 280, '', '../resources/slides/280/985.html', 1),
(986, 'Lesson: 12', 280, '', '../resources/slides/280/986.html', 0),
(987, 'Lesson:1', 281, '', '../resources/slides/281/987.html', 1),
(988, 'Lesson:2', 281, '', '../resources/slides/281/988.html', 1),
(989, 'Lesson:3', 281, '', '../resources/slides/281/989.html', 1),
(990, 'Lesson:4', 281, '', '../resources/slides/281/990.html', 1),
(991, 'Lesson:5', 281, '', '../resources/slides/281/991.html', 1),
(992, 'Lesson:6', 281, '', '../resources/slides/281/992.html', 1),
(993, 'Lesson:7', 281, '', '../resources/slides/281/993.html', 1),
(994, 'Lesson:8', 281, '', '../resources/slides/281/994.html', 1),
(995, 'Lesson:9', 281, '', '../resources/slides/281/995.html', 1),
(996, 'Lesson:10', 281, '', '../resources/slides/281/996.html', 1),
(997, 'Lesson:1', 282, '', '../resources/slides/282/997.html', 1),
(998, 'Lesson:2', 282, '', '../resources/slides/282/998.html', 1),
(999, 'Lesson:3', 282, '', '../resources/slides/282/999.html', 1),
(1000, 'Lesson:4', 282, '', '../resources/slides/282/1000.html', 1),
(1001, 'Lesson: 6', 282, '', '../resources/slides/282/1001.html', 1),
(1002, 'Lesson: 6', 282, '', '../resources/slides/282/1002.html', 1),
(1003, 'Lesson: 7', 282, '', '../resources/slides/282/1003.html', 1),
(1004, 'Lesson:8', 282, '', '../resources/slides/282/1004.html', 1),
(1005, 'Lesson:9', 282, '', '../resources/slides/282/1005.html', 1),
(1006, 'Lesson:10', 282, '', '../resources/slides/282/1006.html', 1),
(1007, 'Lesson:10', 282, '', '../resources/slides/282/1007.html', 0),
(1008, 'Lesson:11', 282, '', '../resources/slides/282/1008.html', 1),
(1009, 'Lesson:12', 282, '', '../resources/slides/282/1009.html', 1),
(1010, 'Lesson:13', 282, '', '../resources/slides/282/1010.html', 1),
(1011, 'Lesson:14', 282, '', '../resources/slides/282/1011.html', 1),
(1012, 'Lesson: 1', 283, '', '../resources/slides/283/1012.html', 1),
(1013, 'Lesson: 3', 283, '', '../resources/slides/283/1013.html', 1),
(1014, 'Lesson: 3', 283, '', '../resources/slides/283/1014.html', 1),
(1015, 'Lesson: 4', 283, '', '../resources/slides/283/1015.html', 1),
(1016, 'Lesson: 5', 283, '', '../resources/slides/283/1016.html', 1),
(1017, 'Lesson: 6', 283, '', '../resources/slides/283/1017.html', 1),
(1018, 'Lesson: 7', 283, '', '../resources/slides/283/1018.html', 1),
(1019, 'Lesson: 8', 283, '', '../resources/slides/283/1019.html', 1),
(1020, 'Lesson: 9', 283, '', '../resources/slides/283/1020.html', 1),
(1021, 'Lesson: 10', 283, '', '../resources/slides/283/1021.html', 1),
(1022, 'Lesson: 11', 283, '', '../resources/slides/283/1022.html', 1),
(1023, 'Lesson:15', 282, '', '../resources/slides/282/1023.html', 1),
(1024, 'Lesson:16', 282, '', '../resources/slides/282/1024.html', 1),
(1025, 'Lesson:17', 282, '', '../resources/slides/282/1025.html', 1),
(1026, 'Lesson:18', 282, '', '../resources/slides/282/1026.html', 1),
(1027, 'Lesson:19', 282, '', '../resources/slides/282/1027.html', 1),
(1028, 'Lesson:20', 282, '', '../resources/slides/282/1028.html', 1),
(1029, 'Lesson:21', 282, '', '../resources/slides/282/1029.html', 1),
(1030, 'Lesson:22', 282, '', '../resources/slides/282/1030.html', 1),
(1031, 'Lesson:23', 282, '', '../resources/slides/282/1031.html', 1),
(1032, 'Lesson:1', 284, '', '../resources/slides/284/1032.html', 1),
(1033, 'Lesson:2', 284, '', '../resources/slides/284/1033.html', 1),
(1034, 'Lesson:3', 284, '', '../resources/slides/284/1034.html', 1),
(1035, 'Lesson:4', 284, '', '../resources/slides/284/1035.html', 1),
(1036, 'Lesson:5', 284, '', '../resources/slides/284/1036.html', 1),
(1037, 'Lesson:6', 284, '', '../resources/slides/284/1037.html', 1),
(1038, 'Lesson:7', 284, '', '../resources/slides/284/1038.html', 1),
(1039, 'Lesson:8', 284, '', '../resources/slides/284/1039.html', 1),
(1040, 'Lesson:9', 284, '', '../resources/slides/284/1040.html', 1),
(1041, 'Lesson:10', 284, '', '../resources/slides/284/1041.html', 1),
(1042, 'Lesson:11', 284, '', '../resources/slides/284/1042.html', 1),
(1043, 'Lesson:12', 284, '', '../resources/slides/284/1043.html', 1),
(1044, 'Lesson:13', 284, '', '../resources/slides/284/1044.html', 1),
(1045, 'Lesson:14', 284, '', '../resources/slides/284/1045.html', 1),
(1046, 'Lesson:14', 284, '', '../resources/slides/284/1046.html', 0),
(1047, 'Lesson:15', 284, '', '../resources/slides/284/1047.html', 1),
(1048, 'Lesson:16', 284, '', '../resources/slides/284/1048.html', 1),
(1049, 'Lesson:17', 284, '', '../resources/slides/284/1049.html', 1),
(1050, 'Lesson:18', 284, '', '../resources/slides/284/1050.html', 1),
(1051, 'Lesson:19', 284, '', '../resources/slides/284/1051.html', 0),
(1052, 'lol', 273, '', '../resources/slides/273/1052.html', 0),
(1053, 'Lesson: 1', 285, '', '../resources/slides/285/1053.html', 1),
(1054, 'Lesson:2', 285, '', '../resources/slides/285/1054.html', 1),
(1055, 'Lesson:3', 285, '', '../resources/slides/285/1055.html', 1),
(1056, 'Lesson:4', 285, '', '../resources/slides/285/1056.html', 1),
(1057, 'Lesson:5', 285, '', '../resources/slides/285/1057.html', 1),
(1058, 'Lesson:6', 285, '', '../resources/slides/285/1058.html', 1),
(1059, 'Lesson:7', 285, '', '../resources/slides/285/1059.html', 1),
(1060, 'Lesson:8', 285, '', '../resources/slides/285/1060.html', 1),
(1061, 'Lesson:9', 285, '', '../resources/slides/285/1061.html', 1),
(1062, 'Lesson:10', 285, '', '../resources/slides/285/1062.html', 1),
(1063, 'Lesson: 1', 286, '', '../resources/slides/286/1063.html', 1),
(1064, 'Lesson: 2', 286, '', '../resources/slides/286/1064.html', 1),
(1065, 'Lesson: 3', 286, '', '../resources/slides/286/1065.html', 1),
(1066, 'Lesson: 4', 286, '', '../resources/slides/286/1066.html', 1),
(1067, 'Lesson: 5', 286, '', '../resources/slides/286/1067.html', 1),
(1068, 'Lesson: 6', 286, '', '../resources/slides/286/1068.html', 1),
(1069, 'Lesson: 7', 286, '', '../resources/slides/286/1069.html', 1),
(1070, 'Lesson:11', 285, '', '../resources/slides/285/1070.html', 1),
(1071, 'Lesson:12', 285, '', '../resources/slides/285/1071.html', 1),
(1072, 'Lesson:13', 285, '', '../resources/slides/285/1072.html', 1),
(1073, 'Lesson:14', 285, '', '../resources/slides/285/1073.html', 1),
(1074, 'Lesson:15', 285, '', '../resources/slides/285/1074.html', 1),
(1075, 'Lesson:16', 285, '', '../resources/slides/285/1075.html', 1),
(1076, 'Lesson:17', 285, '', '../resources/slides/285/1076.html', 1),
(1077, 'Lesson:18', 285, '', '../resources/slides/285/1077.html', 1),
(1078, 'Lesson:19', 285, '', '../resources/slides/285/1078.html', 1),
(1079, 'Lesson:20', 285, '', '../resources/slides/285/1079.html', 1),
(1080, 'Lesson:21', 285, '', '../resources/slides/285/1080.html', 1),
(1081, 'Lesson:22', 285, '', '../resources/slides/285/1081.html', 1),
(1082, 'Lesson:23', 285, '', '../resources/slides/285/1082.html', 1),
(1083, 'Lesson:24', 285, '', '../resources/slides/285/1083.html', 1),
(1084, 'Lesson: 1', 287, '', '../resources/slides/287/1084.html', 1),
(1085, 'Lesson: 2', 287, '', '../resources/slides/287/1085.html', 1),
(1086, 'Lesson: 3', 287, '', '../resources/slides/287/1086.html', 1),
(1087, 'Lesson: 4', 287, '', '../resources/slides/287/1087.html', 1),
(1088, 'Lesson: 5', 287, '', '../resources/slides/287/1088.html', 1),
(1089, 'Lesson: 6', 287, '', '../resources/slides/287/1089.html', 1),
(1090, 'Lesson: 7', 287, '', '../resources/slides/287/1090.html', 1),
(1091, 'Lesson: 8', 287, '', '../resources/slides/287/1091.html', 1),
(1092, 'Lesson: 9', 287, '', '../resources/slides/287/1092.html', 1),
(1093, 'Lesson: 10', 287, '', '../resources/slides/287/1093.html', 1),
(1094, 'Lesson: 11', 287, '', '../resources/slides/287/1094.html', 1),
(1095, 'Lesson: 12', 287, '', '../resources/slides/287/1095.html', 1),
(1096, 'Lesson: 13', 287, '', '../resources/slides/287/1096.html', 1),
(1097, 'Lesson: 14', 287, '', '../resources/slides/287/1097.html', 0),
(1098, 'Lesson: 15', 287, '', '../resources/slides/287/1098.html', 0),
(1099, 'Lesson: 1', 288, '', '../resources/slides/288/1099.html', 1),
(1100, 'Lesson: 2', 288, '', '../resources/slides/288/1100.html', 1),
(1101, 'Lesson: 3', 288, '', '../resources/slides/288/1101.html', 1),
(1102, 'Lesson: 4', 288, '', '../resources/slides/288/1102.html', 1),
(1103, 'Lesson: 5', 288, '', '../resources/slides/288/1103.html', 1),
(1104, 'Lesson: 6', 288, '', '../resources/slides/288/1104.html', 1),
(1105, 'Lesson: 7', 288, '', '../resources/slides/288/1105.html', 1),
(1106, 'Lesson: 8', 288, '', '../resources/slides/288/1106.html', 1),
(1107, 'Lesson: 9', 288, '', '../resources/slides/288/1107.html', 1),
(1108, 'Lesson: 10', 288, '', '../resources/slides/288/1108.html', 1),
(1109, 'Lesson: 11', 288, '', '../resources/slides/288/1109.html', 1),
(1110, 'Lesson: 1', 289, '', '../resources/slides/289/1110.html', 1),
(1111, 'Lesson: 2', 289, '', '../resources/slides/289/1111.html', 1),
(1112, 'Lesson: 3', 289, '', '../resources/slides/289/1112.html', 1),
(1113, 'Lesson: 4', 289, '', '../resources/slides/289/1113.html', 1),
(1114, 'Lesson: 5', 289, '', '../resources/slides/289/1114.html', 1),
(1115, 'Lesson: 6', 289, '', '../resources/slides/289/1115.html', 1),
(1116, 'Lesson: 7', 289, '', '../resources/slides/289/1116.html', 1),
(1117, 'Lesson: 8', 289, '', '../resources/slides/289/1117.html', 1),
(1118, 'Lesson: 9', 289, '', '../resources/slides/289/1118.html', 1),
(1119, 'Lesson: 9', 289, '', '../resources/slides/289/1119.html', 1),
(1120, 'Lesson: 10', 289, '', '../resources/slides/289/1120.html', 1),
(1121, 'Lesson: 11', 289, '', '../resources/slides/289/1121.html', 1),
(1122, 'Lesson:1', 290, '', '../resources/slides/290/1122.html', 1),
(1123, 'Lesson: 12', 289, '', '../resources/slides/289/1123.html', 1),
(1124, 'Lesson: 13', 289, '', '../resources/slides/289/1124.html', 1),
(1125, 'Lesson:2', 290, '', '../resources/slides/290/1125.html', 1),
(1126, 'Lesson: 14', 289, '', '../resources/slides/289/1126.html', 1),
(1127, 'Lesson:3', 290, '', '../resources/slides/290/1127.html', 1),
(1128, 'Lesson:4', 290, '', '../resources/slides/290/1128.html', 1),
(1129, 'Lesson:5', 290, '', '../resources/slides/290/1129.html', 1),
(1130, 'Lesson:6', 290, '', '../resources/slides/290/1130.html', 1),
(1131, 'Lesson: 7', 290, '', '../resources/slides/290/1131.html', 1),
(1132, 'Lesson:8', 290, '', '../resources/slides/290/1132.html', 1),
(1133, 'Lesson: 1', 290, '', '../resources/slides/290/1133.html', 0),
(1134, 'Lesson:9', 290, '', '../resources/slides/290/1134.html', 1),
(1135, 'Lesson:10', 290, '', '../resources/slides/290/1135.html', 1),
(1136, 'Lesson:11', 290, '', '../resources/slides/290/1136.html', 1),
(1137, 'Lesson:12', 290, '', '../resources/slides/290/1137.html', 1),
(1138, 'Lesson:13', 290, '', '../resources/slides/290/1138.html', 1),
(1139, 'Lesson:14', 290, '', '../resources/slides/290/1139.html', 1),
(1140, 'Lesson:15', 290, '', '../resources/slides/290/1140.html', 1),
(1141, 'Lesson:16', 290, '', '../resources/slides/290/1141.html', 1),
(1142, 'Lesson:17', 290, '', '../resources/slides/290/1142.html', 1),
(1143, 'Lesson: 15', 289, '', '../resources/slides/289/1143.html', 1),
(1144, 'Lesson: 15', 289, '', '../resources/slides/289/1144.html', 0),
(1145, 'Lesson: 15', 289, '', '../resources/slides/289/1145.html', 0),
(1146, 'Lesson:18', 290, '', '../resources/slides/290/1146.html', 1),
(1147, 'Lesson:19', 290, '', '../resources/slides/290/1147.html', 1),
(1148, 'Lesson:20', 290, '', '../resources/slides/290/1148.html', 1),
(1149, 'Lesson:21', 290, '', '../resources/slides/290/1149.html', 1),
(1150, 'Lesson:22', 290, '', '../resources/slides/290/1150.html', 1),
(1151, 'Lesson: 1', 291, '', '../resources/slides/291/1151.html', 1),
(1152, 'Lesson: 2', 291, '', '../resources/slides/291/1152.html', 1),
(1153, 'Lesson: 3', 291, '', '../resources/slides/291/1153.html', 1),
(1154, 'Lesson: 4', 291, '', '../resources/slides/291/1154.html', 1),
(1155, 'Lesson: 5', 291, '', '../resources/slides/291/1155.html', 1),
(1156, 'Lesson: 1', 292, '', '../resources/slides/292/1156.html', 1),
(1157, 'Lesson: 2', 292, '', '../resources/slides/292/1157.html', 1),
(1158, 'Lesson: 3', 292, '', '../resources/slides/292/1158.html', 1),
(1159, 'Lesson: 4', 292, '', '../resources/slides/292/1159.html', 1),
(1160, 'Lesson: 5', 292, '', '../resources/slides/292/1160.html', 1),
(1161, 'Lesson: 6', 292, '', '../resources/slides/292/1161.html', 1),
(1162, 'Lesson: 7', 292, '', '../resources/slides/292/1162.html', 1),
(1163, 'Lesson: 8', 292, '', '../resources/slides/292/1163.html', 1),
(1164, 'Lesson: 9', 292, '', '../resources/slides/292/1164.html', 1),
(1165, 'Lesson: 10', 292, '', '../resources/slides/292/1165.html', 1),
(1166, 'Lesson: 11', 292, '', '../resources/slides/292/1166.html', 1),
(1167, 'Lesson:23', 290, '', '../resources/slides/290/1167.html', 1),
(1168, 'Lesson:24', 290, '', '../resources/slides/290/1168.html', 1),
(1169, 'Lesson:25', 290, '', '../resources/slides/290/1169.html', 1),
(1170, 'Lesson: 1', 293, '', '../resources/slides/293/1170.html', 1),
(1171, 'Lesson: 2', 293, '', '../resources/slides/293/1171.html', 1),
(1172, 'Lesson: 3', 293, '', '../resources/slides/293/1172.html', 1),
(1173, 'Lesson: 4', 293, '', '../resources/slides/293/1173.html', 1),
(1174, 'Lesson: 5', 293, '', '../resources/slides/293/1174.html', 1),
(1175, 'Lesson: 6', 293, '', '../resources/slides/293/1175.html', 1),
(1176, 'Lesson: 7', 293, '', '../resources/slides/293/1176.html', 1),
(1177, 'Lesson: 8', 293, '', '../resources/slides/293/1177.html', 1),
(1178, 'Lesson: 9', 293, '', '../resources/slides/293/1178.html', 0),
(1179, 'Lesson: 1', 294, '', '../resources/slides/294/1179.html', 1),
(1180, 'Lesson: 2', 294, '', '../resources/slides/294/1180.html', 1),
(1181, 'Lesson: 3', 294, '', '../resources/slides/294/1181.html', 1),
(1182, 'Lesson: 4', 294, '', '../resources/slides/294/1182.html', 1),
(1183, 'Lesson: 5', 294, '', '../resources/slides/294/1183.html', 1),
(1184, 'Lesson: 6', 294, '', '../resources/slides/294/1184.html', 1),
(1185, 'Lesson: 1', 295, '', '../resources/slides/295/1185.html', 1),
(1186, 'Lesson: 2', 295, '', '../resources/slides/295/1186.html', 1),
(1187, 'Lesson: 3', 295, '', '../resources/slides/295/1187.html', 1),
(1188, 'Lesson: 4', 295, '', '../resources/slides/295/1188.html', 1),
(1189, 'Lesson: 5', 295, '', '../resources/slides/295/1189.html', 1),
(1190, 'Lesson: 6', 295, '', '../resources/slides/295/1190.html', 1),
(1191, 'Lesson: 7', 295, '', '../resources/slides/295/1191.html', 1),
(1192, 'Lesson: 8', 295, '', '../resources/slides/295/1192.html', 1),
(1193, 'Lesson: 9', 295, '', '../resources/slides/295/1193.html', 1),
(1194, 'Lesson: 10', 295, '', '../resources/slides/295/1194.html', 1),
(1195, 'Lesson: 11', 295, '', '../resources/slides/295/1195.html', 1),
(1196, 'Lesson:26', 290, '', '../resources/slides/290/1196.html', 1),
(1197, 'Lesson:27', 290, '', '../resources/slides/290/1197.html', 1),
(1198, 'Lesson:28', 290, '', '../resources/slides/290/1198.html', 1),
(1199, 'Lesson:29', 290, '', '../resources/slides/290/1199.html', 1),
(1200, 'Lesson:30', 290, '', '../resources/slides/290/1200.html', 1),
(1201, 'Lesson:31', 290, '', '../resources/slides/290/1201.html', 1),
(1202, 'Lesson:32', 290, '', '../resources/slides/290/1202.html', 1),
(1203, 'Lesson:1', 296, '', '../resources/slides/296/1203.html', 1),
(1204, 'Lesson:2', 296, '', '../resources/slides/296/1204.html', 1),
(1205, 'Lesson:3', 296, '', '../resources/slides/296/1205.html', 1),
(1206, 'Lesson:4', 296, '', '../resources/slides/296/1206.html', 1),
(1207, 'Lesson:5', 296, '', '../resources/slides/296/1207.html', 1),
(1208, 'Lesson:6', 296, '', '../resources/slides/296/1208.html', 1),
(1209, 'Lesson:7', 296, '', '../resources/slides/296/1209.html', 1),
(1210, 'Lesson:8', 296, '', '../resources/slides/296/1210.html', 1),
(1211, 'Lesson:9', 296, '', '../resources/slides/296/1211.html', 1),
(1212, 'Lesson:10', 296, '', '../resources/slides/296/1212.html', 1),
(1213, 'Lesson: 1', 297, '', '../resources/slides/297/1213.html', 1),
(1214, 'Lesson: 2', 297, '', '../resources/slides/297/1214.html', 1),
(1215, 'Lesson: 3', 297, '', '../resources/slides/297/1215.html', 1),
(1216, 'Lesson: 4', 297, '', '../resources/slides/297/1216.html', 1),
(1217, 'Lesson: 5', 297, '', '../resources/slides/297/1217.html', 1),
(1218, 'Lesson: 6', 297, '', '../resources/slides/297/1218.html', 1),
(1219, 'Lesson:11', 296, '', '../resources/slides/296/1219.html', 1),
(1220, 'Lesson:12', 296, '', '../resources/slides/296/1220.html', 1),
(1221, 'Lesson:13', 296, '', '../resources/slides/296/1221.html', 1),
(1222, 'Lesson:14', 296, '', '../resources/slides/296/1222.html', 1),
(1223, 'Lesson:15', 296, '', '../resources/slides/296/1223.html', 1),
(1224, 'Lesson:16', 296, '', '../resources/slides/296/1224.html', 1),
(1225, 'Lesson:17', 296, '', '../resources/slides/296/1225.html', 1),
(1226, 'Lesson:18', 296, '', '../resources/slides/296/1226.html', 1),
(1227, 'Lesson:19', 296, '', '../resources/slides/296/1227.html', 1),
(1228, 'Lesson:20', 296, '', '../resources/slides/296/1228.html', 1),
(1229, 'Lesson:1', 298, '', '../resources/slides/298/1229.html', 1),
(1230, 'Lesson:2', 298, '', '../resources/slides/298/1230.html', 1),
(1231, 'Lesson:3', 298, '', '../resources/slides/298/1231.html', 1),
(1232, 'Lesson:4', 298, '', '../resources/slides/298/1232.html', 1),
(1233, 'Lesson:5', 298, '', '../resources/slides/298/1233.html', 1),
(1234, 'Lesson:6', 298, '', '../resources/slides/298/1234.html', 1),
(1235, 'Lesson:6', 298, '', '../resources/slides/298/1235.html', 0),
(1236, 'Lesson:1', 299, '', '../resources/slides/299/1236.html', 1),
(1237, 'Lesson:2', 299, '', '../resources/slides/299/1237.html', 1),
(1238, 'Lesson:3', 299, '', '../resources/slides/299/1238.html', 1),
(1239, 'Lesson:4', 299, '', '../resources/slides/299/1239.html', 1),
(1240, 'Lesson: 1', 300, '', '../resources/slides/300/1240.html', 1),
(1241, 'Lesson: 2', 300, '', '../resources/slides/300/1241.html', 1),
(1242, 'Lesson: 3', 300, '', '../resources/slides/300/1242.html', 1),
(1243, 'Lesson: 4', 300, '', '../resources/slides/300/1243.html', 1),
(1244, 'Lesson: 5', 300, '', '../resources/slides/300/1244.html', 1),
(1245, 'Lesson: 6', 300, '', '../resources/slides/300/1245.html', 1),
(1246, 'Lesson: 7', 300, '', '../resources/slides/300/1246.html', 1),
(1247, 'Lesson: 8', 300, '', '../resources/slides/300/1247.html', 1),
(1248, 'Lesson: 9', 300, '', '../resources/slides/300/1248.html', 1),
(1249, 'Lesson: 10', 300, '', '../resources/slides/300/1249.html', 1),
(1250, 'Topical Questions', 300, '', '../resources/slides/300/1250.html', 1),
(1251, 'Lesson: 1', 302, '', '../resources/slides/302/1251.html', 1),
(1252, 'Lesson: 2', 302, '', '../resources/slides/302/1252.html', 1),
(1253, 'Lesson: 3', 302, '', '../resources/slides/302/1253.html', 1),
(1254, 'Lesson: 4', 302, '', '../resources/slides/302/1254.html', 1),
(1255, 'Lesson: 5', 302, '', '../resources/slides/302/1255.html', 1),
(1256, 'Lesson: 6', 302, '', '../resources/slides/302/1256.html', 1),
(1257, 'Lesson: 7', 302, '', '../resources/slides/302/1257.html', 1),
(1258, 'Lesson: 1', 301, '', '../resources/slides/301/1258.html', 1),
(1259, 'Lesson: 2', 301, '', '../resources/slides/301/1259.html', 1),
(1260, 'Lesson: 3', 301, '', '../resources/slides/301/1260.html', 1),
(1261, 'Lesson: 4', 301, '', '../resources/slides/301/1261.html', 1),
(1262, 'Lesson: 5', 301, '', '../resources/slides/301/1262.html', 1),
(1263, 'Lesson: 6', 301, '', '../resources/slides/301/1263.html', 1),
(1264, 'Lesson: 7', 301, '', '../resources/slides/301/1264.html', 1),
(1265, 'Lesson: 8', 301, '', '../resources/slides/301/1265.html', 1),
(1266, 'Lesson: 9', 301, '', '../resources/slides/301/1266.html', 1),
(1267, 'Lesson: 10', 301, '', '../resources/slides/301/1267.html', 1),
(1268, 'Lesson: 11', 301, '', '../resources/slides/301/1268.html', 1),
(1269, 'Lesson: 12', 301, '', '../resources/slides/301/1269.html', 1),
(1270, 'Lesson: 13', 301, '', '../resources/slides/301/1270.html', 1),
(1271, 'Lesson: 14', 301, '', '../resources/slides/301/1271.html', 1),
(1272, 'Lesson: 1', 303, '', '../resources/slides/303/1272.html', 1),
(1273, 'Lesson: 2', 303, '', '../resources/slides/303/1273.html', 1),
(1274, 'Lesson: 3', 303, '', '../resources/slides/303/1274.html', 1),
(1275, 'Lesson: 4', 303, '', '../resources/slides/303/1275.html', 1),
(1276, 'Lesson: 5', 303, '', '../resources/slides/303/1276.html', 1),
(1277, 'Lesson: 6', 303, '', '../resources/slides/303/1277.html', 1),
(1278, 'Lesson: 7', 303, '', '../resources/slides/303/1278.html', 1),
(1279, 'Lesson: 8', 303, '', '../resources/slides/303/1279.html', 1),
(1280, 'Lesson: 9', 303, '', '../resources/slides/303/1280.html', 1),
(1281, 'Lesson: 10', 303, '', '../resources/slides/303/1281.html', 1),
(1282, 'Lesson: 11', 303, '', '../resources/slides/303/1282.html', 1),
(1283, 'Lesson: 12', 303, '', '../resources/slides/303/1283.html', 1),
(1284, 'Lesson: 13', 303, '', '../resources/slides/303/1284.html', 1),
(1285, 'Lesson: 14', 303, '', '../resources/slides/303/1285.html', 1),
(1286, 'Lesson: 15', 303, '', '../resources/slides/303/1286.html', 1),
(1287, 'Lesson: 16', 303, '', '../resources/slides/303/1287.html', 1),
(1288, 'Lesson: 17', 303, '', '../resources/slides/303/1288.html', 0),
(1289, 'Lesson:1', 304, '', '../resources/slides/304/1289.html', 1),
(1290, 'Lesson:2', 304, '', '../resources/slides/304/1290.html', 1),
(1291, 'Lesson:3', 304, '', '../resources/slides/304/1291.html', 1),
(1292, 'Lesson:4', 304, '', '../resources/slides/304/1292.html', 1),
(1293, 'Lesson:5', 304, '', '../resources/slides/304/1293.html', 1),
(1294, 'Lesson:6', 304, '', '../resources/slides/304/1294.html', 1),
(1295, 'Lesson:7', 304, '', '../resources/slides/304/1295.html', 1),
(1296, 'Lesson:8', 304, '', '../resources/slides/304/1296.html', 1),
(1297, 'Lesson:9', 304, '', '../resources/slides/304/1297.html', 1),
(1298, 'Lesson:10', 304, '', '../resources/slides/304/1298.html', 1),
(1299, 'Lesson:11', 304, '', '../resources/slides/304/1299.html', 1),
(1300, 'Lesson:12', 304, '', '../resources/slides/304/1300.html', 1),
(1301, 'Lesson:13', 304, '', '../resources/slides/304/1301.html', 1),
(1302, 'Lesson:1', 305, '', '../resources/slides/305/1302.html', 1),
(1303, 'Lesson:2', 305, '', '../resources/slides/305/1303.html', 1),
(1304, 'Lesson:3', 305, '', '../resources/slides/305/1304.html', 1),
(1305, 'Lesson:4', 305, '', '../resources/slides/305/1305.html', 1),
(1306, 'Lesson:5', 305, '', '../resources/slides/305/1306.html', 1),
(1307, 'Lesson:6', 305, '', '../resources/slides/305/1307.html', 1),
(1308, 'Lesson:7', 305, '', '../resources/slides/305/1308.html', 1),
(1309, 'Lesson:8', 305, '', '../resources/slides/305/1309.html', 1),
(1310, 'Lesson:9', 305, '', '../resources/slides/305/1310.html', 1),
(1311, 'Lesson:10', 305, '', '../resources/slides/305/1311.html', 1),
(1312, 'Lesson:11', 305, '', '../resources/slides/305/1312.html', 1),
(1313, 'Lesson:12', 305, '', '../resources/slides/305/1313.html', 1),
(1314, 'Lesson:13', 305, '', '../resources/slides/305/1314.html', 1),
(1315, 'Lesson:14', 305, '', '../resources/slides/305/1315.html', 1),
(1316, 'Lesson:15', 305, '', '../resources/slides/305/1316.html', 1),
(1317, 'Lesson:16', 305, '', '../resources/slides/305/1317.html', 1),
(1318, 'Lesson:17', 305, '', '../resources/slides/305/1318.html', 1),
(1319, 'Lesson:18', 305, '', '../resources/slides/305/1319.html', 1),
(1320, 'Lesson:19', 305, '', '../resources/slides/305/1320.html', 1),
(1321, 'Lesson:20', 305, '', '../resources/slides/305/1321.html', 1),
(1322, 'Lesson:21', 305, '', '../resources/slides/305/1322.html', 1),
(1323, 'Lesson:22', 305, '', '../resources/slides/305/1323.html', 1),
(1324, 'Lesson:23', 305, '', '../resources/slides/305/1324.html', 1),
(1325, 'Lesson:1', 306, '', '../resources/slides/306/1325.html', 1),
(1326, 'Lesson:2', 306, '', '../resources/slides/306/1326.html', 1),
(1327, 'Lesson:3', 306, '', '../resources/slides/306/1327.html', 1),
(1328, 'Lesson:4', 306, '', '../resources/slides/306/1328.html', 1),
(1329, 'Lesson:5', 306, '', '../resources/slides/306/1329.html', 1),
(1330, 'Lesson:6', 306, '', '../resources/slides/306/1330.html', 1),
(1331, 'Lesson:24', 305, '', '../resources/slides/305/1331.html', 1),
(1332, 'Lesson:11', 305, '', '../resources/slides/305/1332.html', 0),
(1333, 'Lesson:7', 306, '', '../resources/slides/306/1333.html', 1),
(1334, 'Lesson:8', 306, '', '../resources/slides/306/1334.html', 1),
(1335, 'Lesson:9', 306, '', '../resources/slides/306/1335.html', 1),
(1336, 'Lesson:10', 306, '', '../resources/slides/306/1336.html', 1),
(1337, 'Lesson:11', 306, '', '../resources/slides/306/1337.html', 1),
(1338, 'Lesson:12', 306, '', '../resources/slides/306/1338.html', 1),
(1339, 'Lesson:13', 306, '', '../resources/slides/306/1339.html', 1),
(1340, 'Lesson:14', 306, '', '../resources/slides/306/1340.html', 1),
(1341, 'Lesson:15', 306, '', '../resources/slides/306/1341.html', 1),
(1342, 'Lesson:13', 306, '', '../resources/slides/306/1342.html', 0),
(1343, 'Lesson:16', 306, '', '../resources/slides/306/1343.html', 1),
(1344, 'Lesson:16', 306, '', '../resources/slides/306/1344.html', 0),
(1345, 'Lesson:17', 306, '', '../resources/slides/306/1345.html', 1),
(1346, 'Lesson:18', 306, '', '../resources/slides/306/1346.html', 1),
(1347, 'Lesson:19', 306, '', '../resources/slides/306/1347.html', 1),
(1348, 'Lesson:20', 306, '', '../resources/slides/306/1348.html', 1),
(1349, 'Lesson:21', 306, '', '../resources/slides/306/1349.html', 1),
(1350, 'Lesson:22', 306, '', '../resources/slides/306/1350.html', 1),
(1351, 'Lesson:1', 307, '', '../resources/slides/307/1351.html', 1),
(1352, 'Lesson:2', 307, '', '../resources/slides/307/1352.html', 1),
(1353, 'Lesson:3', 307, '', '../resources/slides/307/1353.html', 1),
(1354, 'Lesson:4', 307, '', '../resources/slides/307/1354.html', 1),
(1355, 'Lesson:4', 307, '', '../resources/slides/307/1355.html', 0),
(1356, 'Lesson:5', 307, '', '../resources/slides/307/1356.html', 1),
(1357, 'Lesson:6', 307, '', '../resources/slides/307/1357.html', 1),
(1358, 'Lesson: 1', 308, '', '../resources/slides/308/1358.html', 1),
(1359, 'Lesson: 2', 308, '', '../resources/slides/308/1359.html', 1),
(1360, 'Lesson: 3', 308, '', '../resources/slides/308/1360.html', 1),
(1361, 'Lesson: 4', 308, '', '../resources/slides/308/1361.html', 1),
(1362, 'Lesson: 5', 308, '', '../resources/slides/308/1362.html', 1),
(1363, 'Lesson: 6', 308, '', '../resources/slides/308/1363.html', 1),
(1364, 'Lesson: 7', 308, '', '../resources/slides/308/1364.html', 1),
(1365, 'Lesson: 8', 308, '', '../resources/slides/308/1365.html', 1),
(1366, 'Lesson: 9', 308, '', '../resources/slides/308/1366.html', 1),
(1367, 'Lesson: 10', 308, '', '../resources/slides/308/1367.html', 1),
(1368, 'Lesson: 11', 308, '', '../resources/slides/308/1368.html', 1),
(1369, 'Lesson: 12', 308, '', '../resources/slides/308/1369.html', 1),
(1370, 'Lesson: 1', 309, '', '../resources/slides/309/1370.html', 1),
(1371, 'Lesson: 2', 309, '', '../resources/slides/309/1371.html', 1),
(1372, 'Lesson: 3', 309, '', '../resources/slides/309/1372.html', 1),
(1373, 'Lesson: 4', 309, '', '../resources/slides/309/1373.html', 1),
(1374, 'Lesson: 5', 309, '', '../resources/slides/309/1374.html', 1),
(1375, 'Lesson: 6', 309, '', '../resources/slides/309/1375.html', 1),
(1376, 'Lesson: 7', 309, '', '../resources/slides/309/1376.html', 1),
(1377, 'Lesson: 1', 310, '', '../resources/slides/310/1377.html', 1),
(1378, 'Lesson: 2', 310, '', '../resources/slides/310/1378.html', 1),
(1379, 'Lesson: 3', 310, '', '../resources/slides/310/1379.html', 1),
(1380, 'Lesson: 4', 310, '', '../resources/slides/310/1380.html', 1),
(1381, 'Lesson: 5', 310, '', '../resources/slides/310/1381.html', 1),
(1382, 'Lesson: 6', 310, '', '../resources/slides/310/1382.html', 1),
(1383, 'Lesson: 7', 310, '', '../resources/slides/310/1383.html', 1),
(1384, 'Lesson: 8', 310, '', '../resources/slides/310/1384.html', 1),
(1385, 'Lesson: 9', 310, '', '../resources/slides/310/1385.html', 1),
(1386, 'Lesson: 10', 310, '', '../resources/slides/310/1386.html', 0),
(1387, 'Lesson: 1', 312, '', '../resources/slides/312/1387.html', 1),
(1388, 'Lesson: 2', 312, '', '../resources/slides/312/1388.html', 1),
(1389, 'Lesson: 3', 312, '', '../resources/slides/312/1389.html', 1),
(1390, 'Lesson: 4', 312, '', '../resources/slides/312/1390.html', 1),
(1391, 'Lesson: 5', 312, '', '../resources/slides/312/1391.html', 1),
(1392, 'Lesson: 6', 312, '', '../resources/slides/312/1392.html', 1),
(1393, 'Lesson: 7', 312, '', '../resources/slides/312/1393.html', 0),
(1394, 'Lesson: 7', 312, '', '../resources/slides/312/1394.html', 1),
(1395, 'Lesson: 8', 312, '', '../resources/slides/312/1395.html', 1),
(1396, 'Lesson: 9', 312, '', '../resources/slides/312/1396.html', 1),
(1397, 'Lesson: 10', 312, '', '../resources/slides/312/1397.html', 1),
(1398, 'Lesson: 11', 312, '', '../resources/slides/312/1398.html', 1),
(1399, 'Lesson: 12', 312, '', '../resources/slides/312/1399.html', 1),
(1400, 'Lesson: 13', 312, '', '../resources/slides/312/1400.html', 1),
(1401, 'Lesson: 14', 312, '', '../resources/slides/312/1401.html', 1),
(1402, 'Lesson: 15', 312, '', '../resources/slides/312/1402.html', 1),
(1403, 'Lesson: 16', 312, '', '../resources/slides/312/1403.html', 1),
(1404, 'Lesson: 17', 312, '', '../resources/slides/312/1404.html', 1),
(1405, 'Lesson: 18', 312, '', '../resources/slides/312/1405.html', 1),
(1406, 'Lesson: 1', 313, '', '../resources/slides/313/1406.html', 1),
(1407, 'Lesson: 2', 313, '', '../resources/slides/313/1407.html', 1),
(1408, 'Lesson: 3', 313, '', '../resources/slides/313/1408.html', 1),
(1409, 'Lesson: 4', 313, '', '../resources/slides/313/1409.html', 1),
(1410, 'Lesson: 5', 313, '', '../resources/slides/313/1410.html', 1),
(1411, 'Lesson: 6', 313, '', '../resources/slides/313/1411.html', 1),
(1412, 'Lesson: 7', 313, '', '../resources/slides/313/1412.html', 1),
(1413, 'Lesson: 8', 313, '', '../resources/slides/313/1413.html', 1),
(1414, 'Lesson: 9', 313, '', '../resources/slides/313/1414.html', 1),
(1415, 'Lesson: 10', 313, '', '../resources/slides/313/1415.html', 1),
(1416, 'Lesson: 11', 313, '', '../resources/slides/313/1416.html', 1),
(1417, 'Lesson: 12', 313, '', '../resources/slides/313/1417.html', 1),
(1418, 'Lesson: 1', 314, '', '../resources/slides/314/1418.html', 1),
(1419, 'Lesson: 2', 314, '', '../resources/slides/314/1419.html', 1),
(1420, 'Lesson: 3', 314, '', '../resources/slides/314/1420.html', 1),
(1421, 'Lesson: 4', 314, '', '../resources/slides/314/1421.html', 1),
(1422, 'Lesson: 5', 314, '', '../resources/slides/314/1422.html', 1),
(1423, 'Lesson: 6', 314, '', '../resources/slides/314/1423.html', 1),
(1424, 'Lesson: 7', 314, '', '../resources/slides/314/1424.html', 1),
(1425, 'Lesson: 8', 314, '', '../resources/slides/314/1425.html', 1),
(1426, 'Lesson: 9', 314, '', '../resources/slides/314/1426.html', 1),
(1427, 'Lesson: 10', 314, '', '../resources/slides/314/1427.html', 1),
(1428, 'Lesson: 11', 314, '', '../resources/slides/314/1428.html', 1),
(1429, 'Lesson: 1', 315, '', '../resources/slides/315/1429.html', 1),
(1430, 'Lesson: 2', 315, '', '../resources/slides/315/1430.html', 1),
(1431, 'Lesson: 3', 315, '', '../resources/slides/315/1431.html', 1),
(1432, 'Lesson: 4', 315, '', '../resources/slides/315/1432.html', 1),
(1433, 'Lesson: 5', 315, '', '../resources/slides/315/1433.html', 1),
(1434, 'Lesson: 6', 315, '', '../resources/slides/315/1434.html', 1),
(1435, 'Lesson: 7', 315, '', '../resources/slides/315/1435.html', 1),
(1436, 'Lesson: 8', 315, '', '../resources/slides/315/1436.html', 1),
(1437, 'Lesson: 9', 315, '', '../resources/slides/315/1437.html', 1),
(1438, 'Lesson: 10', 315, '', '../resources/slides/315/1438.html', 1),
(1439, 'Lesson: 1', 316, '', '../resources/slides/316/1439.html', 1),
(1440, 'Lesson: 2', 316, '', '../resources/slides/316/1440.html', 1),
(1441, 'Lesson: 3', 316, '', '../resources/slides/316/1441.html', 1),
(1442, 'Lesson: 4', 316, '', '../resources/slides/316/1442.html', 1),
(1443, 'Lesson: 5', 316, '', '../resources/slides/316/1443.html', 1),
(1444, 'Lesson: 6', 316, '', '../resources/slides/316/1444.html', 1),
(1445, 'Lesson: 7', 316, '', '../resources/slides/316/1445.html', 1),
(1446, 'Lesson: 8', 316, '', '../resources/slides/316/1446.html', 1),
(1447, 'Lesson: 9', 316, '', '../resources/slides/316/1447.html', 1),
(1448, 'Lesson: 10', 316, '', '../resources/slides/316/1448.html', 1),
(1449, '7 test', 213, '', '../resources/slides/213/1449.html', 1),
(1450, 'Lesson:1', 317, '', '../resources/slides/317/1450.html', 1),
(1451, 'Lesson:2', 317, '', '../resources/slides/317/1451.html', 1),
(1452, 'Lesson:3', 317, '', '../resources/slides/317/1452.html', 1),
(1453, 'Lesson:4', 317, '', '../resources/slides/317/1453.html', 1),
(1454, 'Lesson:5', 317, '', '../resources/slides/317/1454.html', 1),
(1455, 'Lesson:6', 317, '', '../resources/slides/317/1455.html', 1),
(1456, 'Lesson:7', 317, '', '../resources/slides/317/1456.html', 1),
(1457, 'Lesson:8', 317, '', '../resources/slides/317/1457.html', 1),
(1458, 'Lesson:1', 318, '', '../resources/slides/318/1458.html', 1),
(1459, 'Lesson:2', 318, '', '../resources/slides/318/1459.html', 1),
(1460, 'Lesson:3', 318, '', '../resources/slides/318/1460.html', 1),
(1461, 'Lesson:4', 318, '', '../resources/slides/318/1461.html', 1),
(1462, 'Lesson:5', 318, '', '../resources/slides/318/1462.html', 1),
(1463, 'Lesson:6', 318, '', '../resources/slides/318/1463.html', 1),
(1464, 'Lesson:1', 319, '', '../resources/slides/319/1464.html', 1),
(1465, 'Lesson:2', 319, '', '../resources/slides/319/1465.html', 1),
(1466, 'Lesson:3', 319, '', '../resources/slides/319/1466.html', 1),
(1467, 'Lesson:4', 319, '', '../resources/slides/319/1467.html', 1),
(1468, 'Lesson:5', 319, '', '../resources/slides/319/1468.html', 1),
(1469, 'Lesson:6', 319, '', '../resources/slides/319/1469.html', 1),
(1470, 'Lesson:7', 319, '', '../resources/slides/319/1470.html', 1),
(1471, 'Lesson:8', 319, '', '../resources/slides/319/1471.html', 1),
(1472, 'Lesson:1', 320, '', '../resources/slides/320/1472.html', 0),
(1473, 'Lesson:2', 320, '', '../resources/slides/320/1473.html', 1),
(1474, 'Lesson:3', 320, '', '../resources/slides/320/1474.html', 1),
(1475, 'Lesson:4', 320, '', '../resources/slides/320/1475.html', 1),
(1476, 'Lesson:5', 320, '', '../resources/slides/320/1476.html', 1),
(1477, 'Lesson: 1', 321, '', '../resources/slides/321/1477.html', 1),
(1478, 'Lesson: 2', 321, '', '../resources/slides/321/1478.html', 1),
(1479, 'Lesson: 3', 321, '', '../resources/slides/321/1479.html', 1),
(1480, 'Lesson: 4', 321, '', '../resources/slides/321/1480.html', 1),
(1481, 'Lesson: 5', 321, '', '../resources/slides/321/1481.html', 1),
(1482, 'Lesson: 6', 321, '', '../resources/slides/321/1482.html', 1),
(1483, 'Lesson: 7', 321, '', '../resources/slides/321/1483.html', 1),
(1484, 'Lesson: 8', 321, '', '../resources/slides/321/1484.html', 1),
(1485, 'Lesson: 1', 322, '', '../resources/slides/322/1485.html', 1),
(1486, 'Lesson: 2', 322, '', '../resources/slides/322/1486.html', 1),
(1487, 'Lesson: 3', 322, '', '../resources/slides/322/1487.html', 1),
(1488, 'Lesson: 4', 322, '', '../resources/slides/322/1488.html', 1),
(1489, 'Lesson: 5', 322, '', '../resources/slides/322/1489.html', 1),
(1490, 'Lesson: 6', 322, '', '../resources/slides/322/1490.html', 1),
(1491, 'Lesson: 7', 322, '', '../resources/slides/322/1491.html', 1),
(1492, 'Lesson: 8', 322, '', '../resources/slides/322/1492.html', 1),
(1493, 'Lesson: 1', 324, '', '../resources/slides/324/1493.html', 1),
(1494, 'Lesson: 2', 324, '', '../resources/slides/324/1494.html', 1),
(1495, 'Lesson: 3', 324, '', '../resources/slides/324/1495.html', 1),
(1496, 'Lesson: 4', 324, '', '../resources/slides/324/1496.html', 1),
(1497, 'Lesson: 5', 324, '', '../resources/slides/324/1497.html', 1),
(1498, 'Lesson: 6', 324, '', '../resources/slides/324/1498.html', 1),
(1499, 'Lesson: 7', 324, '', '../resources/slides/324/1499.html', 1),
(1500, 'Lesson: 10', 324, '', '../resources/slides/324/1500.html', 1),
(1501, 'Lesson: 9', 324, '', '../resources/slides/324/1501.html', 1),
(1502, 'Lesson: 10', 324, '', '../resources/slides/324/1502.html', 1),
(1503, 'Lesson: 11', 324, '', '../resources/slides/324/1503.html', 1),
(1504, 'Lesson: 12', 324, '', '../resources/slides/324/1504.html', 1),
(1505, 'Lesson: 13', 324, '', '../resources/slides/324/1505.html', 1),
(1506, 'Lesson: 14', 324, '', '../resources/slides/324/1506.html', 1),
(1507, 'Lesson:1', 323, '', '../resources/slides/323/1507.html', 1),
(1508, 'Lesson:2', 323, '', '../resources/slides/323/1508.html', 1),
(1509, 'Lesson:3', 323, '', '../resources/slides/323/1509.html', 1),
(1510, 'Lesson:4', 323, '', '../resources/slides/323/1510.html', 1),
(1511, 'Lesson:5', 323, '', '../resources/slides/323/1511.html', 1),
(1512, 'Lesson:6', 323, '', '../resources/slides/323/1512.html', 1),
(1513, 'Lesson:7', 323, '', '../resources/slides/323/1513.html', 1),
(1514, 'Lesson:8', 323, '', '../resources/slides/323/1514.html', 1),
(1515, 'Lesson:1', 325, '', '../resources/slides/325/1515.html', 1),
(1516, 'Lesson:2', 325, '', '../resources/slides/325/1516.html', 1),
(1517, 'Lesson:3', 325, '', '../resources/slides/325/1517.html', 1),
(1518, 'Lesson:4', 325, '', '../resources/slides/325/1518.html', 1),
(1519, 'Lesson:5', 325, '', '../resources/slides/325/1519.html', 1),
(1520, 'Lesson:6', 325, '', '../resources/slides/325/1520.html', 1),
(1521, 'Lesson:7', 325, '', '../resources/slides/325/1521.html', 1),
(1522, 'Lesson:8', 325, '', '../resources/slides/325/1522.html', 1),
(1523, 'Lesson:1', 326, '', '../resources/slides/326/1523.html', 1),
(1524, 'Lesson:2', 326, '', '../resources/slides/326/1524.html', 1),
(1525, 'Lesson:3', 326, '', '../resources/slides/326/1525.html', 1),
(1526, 'Lesson:4', 326, '', '../resources/slides/326/1526.html', 1),
(1527, 'Lesson:5', 326, '', '../resources/slides/326/1527.html', 1),
(1528, 'Lesson:1', 327, '', '../resources/slides/327/1528.html', 1),
(1529, 'Lesson:2', 327, '', '../resources/slides/327/1529.html', 1),
(1530, 'Lesson:3', 327, '', '../resources/slides/327/1530.html', 1),
(1531, 'Lesson:4', 327, '', '../resources/slides/327/1531.html', 1),
(1532, 'Lesson:5', 327, '', '../resources/slides/327/1532.html', 1),
(1533, 'Lesson:6', 327, '', '../resources/slides/327/1533.html', 1),
(1534, 'Lesson:1', 328, '', '../resources/slides/328/1534.html', 1),
(1535, 'Lesson:2', 328, '', '../resources/slides/328/1535.html', 1),
(1536, 'Lesson:3', 328, '', '../resources/slides/328/1536.html', 1),
(1537, 'Lesson:4', 328, '', '../resources/slides/328/1537.html', 1),
(1538, 'Lesson:5', 328, '', '../resources/slides/328/1538.html', 1),
(1539, 'Lesson:6', 328, '', '../resources/slides/328/1539.html', 1),
(1540, 'Lesson:7', 328, '', '../resources/slides/328/1540.html', 1),
(1541, 'Lesson:8', 328, '', '../resources/slides/328/1541.html', 1),
(1542, 'Lesson:9', 328, '', '../resources/slides/328/1542.html', 1),
(1543, 'Lesson:10', 328, '', '../resources/slides/328/1543.html', 1),
(1544, 'Lesson:11', 328, '', '../resources/slides/328/1544.html', 1),
(1545, 'Lesson:12', 328, '', '../resources/slides/328/1545.html', 1),
(1546, 'Lesson:13', 328, '', '../resources/slides/328/1546.html', 1);
INSERT INTO `slide` (`slide_id`, `slide_name`, `lesson`, `slide_details`, `url`, `status`) VALUES
(1547, 'Lesson:14', 328, '', '../resources/slides/328/1547.html', 1),
(1548, 'Lesson:15', 328, '', '../resources/slides/328/1548.html', 1),
(1549, 'Lesson:16', 328, '', '../resources/slides/328/1549.html', 1),
(1550, 'Lesson:17', 328, '', '../resources/slides/328/1550.html', 1),
(1551, 'Lesson:18', 328, '', '../resources/slides/328/1551.html', 0),
(1552, 'Lesson:18', 328, '', '../resources/slides/328/1552.html', 1),
(1553, 'Lesson:19', 328, '', '../resources/slides/328/1553.html', 1),
(1554, 'Lesson:19', 328, '', '../resources/slides/328/1554.html', 0),
(1555, 'Lesson:19', 328, '', '../resources/slides/328/1555.html', 0),
(1556, 'Lesson:19', 328, '', '../resources/slides/328/1556.html', 0),
(1557, 'lll', 328, '', '../resources/slides/328/1557.html', 0),
(1558, 'Lesson:20', 328, '', '../resources/slides/328/1558.html', 1),
(1559, 'Lesson:21', 328, '', '../resources/slides/328/1559.html', 1),
(1560, 'Lesson:21', 328, '', '../resources/slides/328/1560.html', 0),
(1561, 'Lesson:22', 328, '', '../resources/slides/328/1561.html', 1),
(1562, 'Lesson:23', 328, '', '../resources/slides/328/1562.html', 1),
(1563, 'Lesson 1', 329, '', '../resources/slides/329/1563.html', 1),
(1564, 'Lesson 1', 329, '', '../resources/slides/329/1564.html', 0),
(1565, 'Lesson 2', 329, '', '../resources/slides/329/1565.html', 1),
(1566, 'Lesson 1', 330, '', '../resources/slides/330/1566.html', 1),
(1567, 'Lesson 2', 330, '', '../resources/slides/330/1567.html', 1),
(1568, 'Lesson 3', 330, '', '../resources/slides/330/1568.html', 1),
(1569, 'Lesson 1', 331, '', '../resources/slides/331/1569.html', 1),
(1570, 'Lesson 2', 331, '', '../resources/slides/331/1570.html', 1),
(1571, 'Lesson 2', 331, '', '../resources/slides/331/1571.html', 0),
(1572, 'Lesson 3', 331, '', '../resources/slides/331/1572.html', 1),
(1573, 'Lesson 3', 331, '', '../resources/slides/331/1573.html', 0),
(1574, 'Lesson 3', 331, '', '../resources/slides/331/1574.html', 0),
(1575, 'Lesson 4', 331, '', '../resources/slides/331/1575.html', 1),
(1576, 'Lesson 4', 331, '', '../resources/slides/331/1576.html', 0),
(1577, 'Lesson 4', 331, '', '../resources/slides/331/1577.html', 0),
(1578, 'Lesson 4', 331, '', '../resources/slides/331/1578.html', 0),
(1579, 'Lesson 5', 331, '', '../resources/slides/331/1579.html', 1),
(1580, 'Lesson 5', 331, '', '../resources/slides/331/1580.html', 0),
(1581, 'Lesson 5', 331, '', '../resources/slides/331/1581.html', 0),
(1582, 'Lesson 5', 331, '', '../resources/slides/331/1582.html', 0),
(1583, 'Lesson 5', 331, '', '../resources/slides/331/1583.html', 0),
(1584, 'Lesson 6', 331, '', '../resources/slides/331/1584.html', 0),
(1585, 'Lesson 6', 331, '', '../resources/slides/331/1585.html', 0),
(1586, 'Lesson 6', 331, '', '../resources/slides/331/1586.html', 0),
(1587, 'Lesson 6', 331, '', '../resources/slides/331/1587.html', 0),
(1588, 'Lesson 6', 331, '', '../resources/slides/331/1588.html', 0),
(1589, 'Lesson 6', 331, '', '../resources/slides/331/1589.html', 0),
(1590, 'lesson 1', 332, '', '../resources/slides/332/1590.html', 1),
(1591, 'lesson 2', 332, '', '../resources/slides/332/1591.html', 0),
(1592, 'lesson 2', 332, '', '../resources/slides/332/1592.html', 1),
(1593, 'lesson 3', 332, '', '../resources/slides/332/1593.html', 0),
(1594, 'lesson 3', 332, '', '../resources/slides/332/1594.html', 0),
(1595, 'lesson 3', 332, '', '../resources/slides/332/1595.html', 1),
(1596, 'lesson 4', 332, '', '../resources/slides/332/1596.html', 0),
(1597, 'lesson 4', 332, '', '../resources/slides/332/1597.html', 0),
(1598, 'lesson 4', 332, '', '../resources/slides/332/1598.html', 0),
(1599, 'lesson 4', 332, '', '../resources/slides/332/1599.html', 0),
(1600, 'lesson 5', 332, '', '../resources/slides/332/1600.html', 0),
(1601, 'lesson 5', 332, '', '../resources/slides/332/1601.html', 0),
(1602, 'lesson 5', 332, '', '../resources/slides/332/1602.html', 0),
(1603, 'lesson 5', 332, '', '../resources/slides/332/1603.html', 0),
(1604, 'lesson 5', 332, '', '../resources/slides/332/1604.html', 0),
(1605, 'lesson 6', 332, '', '../resources/slides/332/1605.html', 0),
(1606, 'lesson 6', 332, '', '../resources/slides/332/1606.html', 0),
(1607, 'lesson 6', 332, '', '../resources/slides/332/1607.html', 0),
(1608, 'lesson 6', 332, '', '../resources/slides/332/1608.html', 0),
(1609, 'lesson 6', 332, '', '../resources/slides/332/1609.html', 0),
(1610, 'lesson 6', 332, '', '../resources/slides/332/1610.html', 0),
(1611, 'lesson 7', 332, '', '../resources/slides/332/1611.html', 0),
(1612, 'lesson 7', 332, '', '../resources/slides/332/1612.html', 0),
(1613, 'lesson 7', 332, '', '../resources/slides/332/1613.html', 0),
(1614, 'lesson 7', 332, '', '../resources/slides/332/1614.html', 0),
(1615, 'lesson 7', 332, '', '../resources/slides/332/1615.html', 0),
(1616, 'lesson 7', 332, '', '../resources/slides/332/1616.html', 0),
(1617, 'lesson 7', 332, '', '../resources/slides/332/1617.html', 0),
(1618, 'Lesson: 1', 333, '', '../resources/slides/333/1618.html', 1),
(1619, 'Lesson: 2', 333, '', '../resources/slides/333/1619.html', 1),
(1620, 'Lesson: 3', 333, '', '../resources/slides/333/1620.html', 1),
(1621, 'Lesson: 4', 333, '', '../resources/slides/333/1621.html', 1),
(1622, 'Lesson: 5', 333, '', '../resources/slides/333/1622.html', 1),
(1623, 'Lesson: 6', 333, '', '../resources/slides/333/1623.html', 1),
(1624, 'Lesson: 7', 333, '', '../resources/slides/333/1624.html', 1),
(1625, 'Lesson: 8', 333, '', '../resources/slides/333/1625.html', 1),
(1626, 'Lesson: 9', 333, '', '../resources/slides/333/1626.html', 1),
(1627, 'Lesson: 10', 333, '', '../resources/slides/333/1627.html', 1),
(1628, 'Lesson: 11', 333, '', '../resources/slides/333/1628.html', 1),
(1629, 'Lesson: 12', 333, '', '../resources/slides/333/1629.html', 1),
(1630, 'Lesson: 13', 333, '', '../resources/slides/333/1630.html', 1),
(1631, 'Lesson: 14', 333, '', '../resources/slides/333/1631.html', 1),
(1632, 'Lesson: 15', 333, '', '../resources/slides/333/1632.html', 1),
(1633, 'Lesson: 16', 333, '', '../resources/slides/333/1633.html', 1),
(1634, 'Lesson: 17', 333, '', '../resources/slides/333/1634.html', 1),
(1635, 'Lesson: 18', 333, '', '../resources/slides/333/1635.html', 1),
(1636, 'Lesson: 19', 333, '', '../resources/slides/333/1636.html', 1),
(1637, 'Lesson: 20', 333, '', '../resources/slides/333/1637.html', 1),
(1638, 'Lesson: 21', 333, '', '../resources/slides/333/1638.html', 1),
(1639, 'Lesson: 22', 333, '', '../resources/slides/333/1639.html', 1),
(1640, 'Lesson: 22', 333, '', '../resources/slides/333/1640.html', 0),
(1641, 'Lesson: 23', 333, '', '../resources/slides/333/1641.html', 1),
(1642, 'Lesson: 23', 333, '', '../resources/slides/333/1642.html', 0),
(1643, 'Lesson: 24', 333, '', '../resources/slides/333/1643.html', 0),
(1644, 'Lesson: 24', 333, '', '../resources/slides/333/1644.html', 1),
(1645, 'Lesson: 25', 333, '', '../resources/slides/333/1645.html', 1),
(1646, 'Lesson: 25', 333, '', '../resources/slides/333/1646.html', 0),
(1647, 'Lesson: 26', 333, '', '../resources/slides/333/1647.html', 0),
(1648, 'Lesson: 26', 333, '', '../resources/slides/333/1648.html', 1),
(1649, 'Lesson: 26', 333, '', '../resources/slides/333/1649.html', 0),
(1650, 'Lesson: 27', 333, '', '../resources/slides/333/1650.html', 0),
(1651, 'Lesson: 27', 333, '', '../resources/slides/333/1651.html', 0),
(1652, 'Lesson: 27', 333, '', '../resources/slides/333/1652.html', 0),
(1653, 'Lesson: 1', 334, '', '../resources/slides/334/1653.html', 1),
(1654, 'Lesson: 2', 334, '', '../resources/slides/334/1654.html', 1),
(1655, 'Lesson: 3', 334, '', '../resources/slides/334/1655.html', 1),
(1656, 'Lesson: 4', 334, '', '../resources/slides/334/1656.html', 1),
(1657, 'Lesson: 6', 334, '', '../resources/slides/334/1657.html', 0),
(1658, 'Lesson: 5', 334, '', '../resources/slides/334/1658.html', 1),
(1659, 'Lesson: 6', 334, '', '../resources/slides/334/1659.html', 1),
(1660, 'Lesson: 6', 334, '', '../resources/slides/334/1660.html', 0),
(1661, 'Lesson: 7', 334, '', '../resources/slides/334/1661.html', 1),
(1662, 'Lesson: 7', 334, '', '../resources/slides/334/1662.html', 0),
(1663, 'Lesson: 8', 334, '', '../resources/slides/334/1663.html', 1),
(1664, 'Lesson: 9', 334, '', '../resources/slides/334/1664.html', 0),
(1665, 'Lesson: 9', 334, '', '../resources/slides/334/1665.html', 1),
(1666, 'Lesson: 10', 334, '', '../resources/slides/334/1666.html', 0),
(1667, 'Lesson: 10', 334, '', '../resources/slides/334/1667.html', 0),
(1668, 'Lesson: 1', 335, '', '../resources/slides/335/1668.html', 1),
(1669, 'Lesson: 2', 335, '', '../resources/slides/335/1669.html', 1),
(1670, 'Lesson: 3', 335, '', '../resources/slides/335/1670.html', 1),
(1671, 'Lesson: 4', 335, '', '../resources/slides/335/1671.html', 1),
(1672, 'Lesson: 5', 335, '', '../resources/slides/335/1672.html', 1),
(1673, 'Lesson: 6', 335, '', '../resources/slides/335/1673.html', 1),
(1674, 'Lesson: 7', 335, '', '../resources/slides/335/1674.html', 1),
(1675, 'Lesson: 8', 335, '', '../resources/slides/335/1675.html', 1),
(1676, 'Lesson: 9', 335, '', '../resources/slides/335/1676.html', 0),
(1677, 'Lesson: 1', 336, '', '../resources/slides/336/1677.html', 1),
(1678, 'Lesson: 2', 336, '', '../resources/slides/336/1678.html', 1),
(1679, 'Lesson: 3', 336, '', '../resources/slides/336/1679.html', 1),
(1680, 'Lesson: 4', 336, '', '../resources/slides/336/1680.html', 1),
(1681, 'Lesson: 5', 336, '', '../resources/slides/336/1681.html', 1),
(1682, 'Lesson: 6', 336, '', '../resources/slides/336/1682.html', 1),
(1683, 'Lesson: 7', 336, '', '../resources/slides/336/1683.html', 0),
(1684, 'Lesson 1', 338, '', '../resources/slides/338/1684.html', 1),
(1685, 'Lesson 2', 338, '', '../resources/slides/338/1685.html', 0),
(1686, 'Lesson 2', 338, '', '../resources/slides/338/1686.html', 0),
(1687, 'Lesson 2', 338, '', '../resources/slides/338/1687.html', 1),
(1688, 'Lesson 2', 338, '', '../resources/slides/338/1688.html', 0),
(1689, 'Lesson 2', 338, '', '../resources/slides/338/1689.html', 0),
(1690, 'Lesson 3', 338, '', '../resources/slides/338/1690.html', 1),
(1691, 'Lesson 3', 338, '', '../resources/slides/338/1691.html', 0),
(1692, 'Lesson 3', 338, '', '../resources/slides/338/1692.html', 0),
(1693, 'Lesson 3', 338, '', '../resources/slides/338/1693.html', 0),
(1694, 'Lesson 4', 338, '', '../resources/slides/338/1694.html', 1),
(1695, 'Lesson 4', 338, '', '../resources/slides/338/1695.html', 0),
(1696, 'Lesson 4', 338, '', '../resources/slides/338/1696.html', 0),
(1697, 'Lesson 4', 338, '', '../resources/slides/338/1697.html', 0),
(1698, 'Lesson 4', 338, '', '../resources/slides/338/1698.html', 0),
(1699, 'Lesson 5', 338, '', '../resources/slides/338/1699.html', 1),
(1700, 'Lesson 5', 338, '', '../resources/slides/338/1700.html', 0),
(1701, 'Lesson 5', 338, '', '../resources/slides/338/1701.html', 0),
(1702, 'Lesson 5', 338, '', '../resources/slides/338/1702.html', 0),
(1703, 'Lesson 5', 338, '', '../resources/slides/338/1703.html', 0),
(1704, 'Lesson 5', 338, '', '../resources/slides/338/1704.html', 0),
(1705, 'Lesson 6', 338, '', '../resources/slides/338/1705.html', 1),
(1706, 'Lesson 6', 338, '', '../resources/slides/338/1706.html', 0),
(1707, 'Lesson 6', 338, '', '../resources/slides/338/1707.html', 0),
(1708, 'Lesson 6', 338, '', '../resources/slides/338/1708.html', 0),
(1709, 'Lesson 6', 338, '', '../resources/slides/338/1709.html', 0),
(1710, 'Lesson 6', 338, '', '../resources/slides/338/1710.html', 0),
(1711, 'Lesson 6', 338, '', '../resources/slides/338/1711.html', 0),
(1712, 'Lesson 7', 338, '', '../resources/slides/338/1712.html', 0),
(1713, 'Lesson 7', 338, '', '../resources/slides/338/1713.html', 0),
(1714, 'Lesson 7', 338, '', '../resources/slides/338/1714.html', 0),
(1715, 'Lesson 7', 338, '', '../resources/slides/338/1715.html', 0),
(1716, 'Lesson 7', 338, '', '../resources/slides/338/1716.html', 0),
(1717, 'Lesson 7', 338, '', '../resources/slides/338/1717.html', 0),
(1718, 'Lesson 7', 338, '', '../resources/slides/338/1718.html', 0),
(1719, 'Lesson 7', 338, '', '../resources/slides/338/1719.html', 0),
(1720, 'Lesson 8', 338, '', '../resources/slides/338/1720.html', 0),
(1721, 'Lesson 8', 338, '', '../resources/slides/338/1721.html', 0),
(1722, 'Lesson 8', 338, '', '../resources/slides/338/1722.html', 0),
(1723, 'Lesson 8', 338, '', '../resources/slides/338/1723.html', 0),
(1724, 'Lesson 8', 338, '', '../resources/slides/338/1724.html', 0),
(1725, 'Lesson 8', 338, '', '../resources/slides/338/1725.html', 0),
(1726, 'Lesson 8', 338, '', '../resources/slides/338/1726.html', 0),
(1727, 'Lesson 8', 338, '', '../resources/slides/338/1727.html', 0),
(1728, 'Lesson 8', 338, '', '../resources/slides/338/1728.html', 0),
(1729, 'Lesson: 1', 339, '', '../resources/slides/339/1729.html', 1),
(1730, 'Lesson: 2', 339, '', '../resources/slides/339/1730.html', 1),
(1731, 'Lesson: 3', 339, '', '../resources/slides/339/1731.html', 1),
(1732, 'Lesson: 4', 339, '', '../resources/slides/339/1732.html', 1),
(1733, 'Lesson: 5', 339, '', '../resources/slides/339/1733.html', 1),
(1734, 'Lesson: 6', 339, '', '../resources/slides/339/1734.html', 1),
(1735, 'Lesson: 7', 339, '', '../resources/slides/339/1735.html', 1),
(1736, 'Lesson: 8', 339, '', '../resources/slides/339/1736.html', 1),
(1737, 'Lesson: 9', 339, '', '../resources/slides/339/1737.html', 1),
(1738, 'Lesson: 10', 339, '', '../resources/slides/339/1738.html', 1),
(1739, 'Lesson: 11', 339, '', '../resources/slides/339/1739.html', 1),
(1740, 'Lesson: 12', 339, '', '../resources/slides/339/1740.html', 1),
(1741, 'Lesson: 13', 339, '', '../resources/slides/339/1741.html', 1),
(1742, 'Lesson: 14', 339, '', '../resources/slides/339/1742.html', 1),
(1743, 'Lesson: 15', 339, '', '../resources/slides/339/1743.html', 1),
(1744, 'Lesson: 16', 339, '', '../resources/slides/339/1744.html', 1),
(1745, 'Lesson: 17', 339, '', '../resources/slides/339/1745.html', 1),
(1746, 'Lesson: 18', 339, '', '../resources/slides/339/1746.html', 1),
(1747, 'Lesson: 1', 340, '', '../resources/slides/340/1747.html', 1),
(1748, 'Lesson: 2', 340, '', '../resources/slides/340/1748.html', 1),
(1749, 'Lesson: 3', 340, '', '../resources/slides/340/1749.html', 1),
(1750, 'Lesson: 4', 340, '', '../resources/slides/340/1750.html', 1),
(1751, 'Lesson: 5', 340, '', '../resources/slides/340/1751.html', 1),
(1752, 'Lesson: 6', 340, '', '../resources/slides/340/1752.html', 1),
(1753, 'Lesson: 7', 340, '', '../resources/slides/340/1753.html', 1),
(1754, 'Lesson: 8', 340, '', '../resources/slides/340/1754.html', 1),
(1755, 'Lesson: 9', 340, '', '../resources/slides/340/1755.html', 1),
(1756, 'Lesson: 10', 340, '', '../resources/slides/340/1756.html', 1),
(1757, 'Lesson: 11', 340, '', '../resources/slides/340/1757.html', 1),
(1758, 'Lesson: 12', 340, '', '../resources/slides/340/1758.html', 1),
(1759, 'Lesson: 13', 340, '', '../resources/slides/340/1759.html', 1),
(1760, 'Lesson: 14', 340, '', '../resources/slides/340/1760.html', 1),
(1761, 'Lesson: 15', 340, '', '../resources/slides/340/1761.html', 1),
(1762, 'Lesson: 16', 340, '', '../resources/slides/340/1762.html', 1),
(1763, 'Lesson: 17', 340, '', '../resources/slides/340/1763.html', 0),
(1764, 'Lesson: 17', 340, '', '../resources/slides/340/1764.html', 1),
(1765, 'Lesson: 18', 340, '', '../resources/slides/340/1765.html', 1),
(1766, 'Lesson: 18', 340, '', '../resources/slides/340/1766.html', 0),
(1767, 'Lesson: 19', 340, '', '../resources/slides/340/1767.html', 1),
(1768, 'Lesson: 19', 340, '', '../resources/slides/340/1768.html', 0),
(1769, 'Lesson: 20', 340, '', '../resources/slides/340/1769.html', 1),
(1770, 'Lesson: 20', 340, '', '../resources/slides/340/1770.html', 0),
(1771, 'Lesson: 20', 340, '', '../resources/slides/340/1771.html', 0),
(1772, 'Lesson: 21', 340, '', '../resources/slides/340/1772.html', 1),
(1773, 'Lesson: 21', 340, '', '../resources/slides/340/1773.html', 0),
(1774, 'Lesson: 21', 340, '', '../resources/slides/340/1774.html', 0),
(1775, 'Lesson: 22', 340, '', '../resources/slides/340/1775.html', 0),
(1776, 'Lesson: 22', 340, '', '../resources/slides/340/1776.html', 0),
(1777, 'Lesson: 22', 340, '', '../resources/slides/340/1777.html', 1),
(1778, 'Lesson: 23', 340, '', '../resources/slides/340/1778.html', 0),
(1779, 'Lesson: 23', 340, '', '../resources/slides/340/1779.html', 1),
(1780, 'Lesson: 23', 340, '', '../resources/slides/340/1780.html', 0),
(1781, 'Lesson 7', 338, '', '../resources/slides/338/1781.html', 1),
(1782, 'Lesson 8', 338, '', '../resources/slides/338/1782.html', 1),
(1783, 'Lesson 1', 341, '', '../resources/slides/341/1783.html', 1),
(1784, 'Lesson 2', 341, '', '../resources/slides/341/1784.html', 1),
(1785, 'Lesson 3', 341, '', '../resources/slides/341/1785.html', 1),
(1786, 'Lesson 4', 341, '', '../resources/slides/341/1786.html', 0),
(1787, 'Lesson 4', 341, '', '../resources/slides/341/1787.html', 1),
(1788, 'Lesson 5', 341, '', '../resources/slides/341/1788.html', 1),
(1789, 'Lesson 6', 341, '', '../resources/slides/341/1789.html', 1),
(1790, 'Lesson: 1', 342, '', '../resources/slides/342/1790.html', 1),
(1791, 'Lesson: 2', 342, '', '../resources/slides/342/1791.html', 1),
(1792, 'Lesson: 3', 342, '', '../resources/slides/342/1792.html', 1),
(1793, 'Lesson: 4', 342, '', '../resources/slides/342/1793.html', 1),
(1794, 'Lesson: 5', 342, '', '../resources/slides/342/1794.html', 1),
(1795, 'Lesson: 6', 342, '', '../resources/slides/342/1795.html', 1),
(1796, 'Lesson: 7', 342, '', '../resources/slides/342/1796.html', 1),
(1797, 'Lesson: 8', 342, '', '../resources/slides/342/1797.html', 1),
(1798, 'Lesson: 9', 342, '', '../resources/slides/342/1798.html', 1),
(1799, 'Lesson: 10', 342, '', '../resources/slides/342/1799.html', 1),
(1800, 'Lesson: 11', 342, '', '../resources/slides/342/1800.html', 1),
(1801, 'Lesson: 12', 342, '', '../resources/slides/342/1801.html', 1),
(1802, 'Lesson: 13', 342, '', '../resources/slides/342/1802.html', 1),
(1803, 'Lesson: 14', 342, '', '../resources/slides/342/1803.html', 1),
(1804, 'Lesson: 15', 342, '', '../resources/slides/342/1804.html', 1),
(1805, 'Lesson: 16', 342, '', '../resources/slides/342/1805.html', 1),
(1806, 'Lesson: 1', 343, '', '../resources/slides/343/1806.html', 1),
(1807, 'Lesson: 2', 343, '', '../resources/slides/343/1807.html', 1),
(1808, 'Lesson: 3', 343, '', '../resources/slides/343/1808.html', 1),
(1809, 'Lesson: 4', 343, '', '../resources/slides/343/1809.html', 1),
(1810, 'Lesson: 5', 343, '', '../resources/slides/343/1810.html', 1),
(1811, 'Lesson: 6', 343, '', '../resources/slides/343/1811.html', 1),
(1812, 'Lesson: 7', 343, '', '../resources/slides/343/1812.html', 1),
(1813, 'Lesson: 8', 343, '', '../resources/slides/343/1813.html', 1),
(1814, 'Lesson: 9', 343, '', '../resources/slides/343/1814.html', 1),
(1815, 'Lesson: 10', 343, '', '../resources/slides/343/1815.html', 1),
(1816, 'Lesson: 11', 343, '', '../resources/slides/343/1816.html', 1),
(1817, 'Lesson: 12', 343, '', '../resources/slides/343/1817.html', 1),
(1818, 'Lesson: 13', 343, '', '../resources/slides/343/1818.html', 1),
(1819, 'Lesson: 14', 343, '', '../resources/slides/343/1819.html', 1),
(1820, 'Lesson: 15', 343, '', '../resources/slides/343/1820.html', 1),
(1821, 'Lesson: 16', 343, '', '../resources/slides/343/1821.html', 1),
(1822, 'Lesson: 17', 343, '', '../resources/slides/343/1822.html', 1),
(1823, 'Lesson: 18', 343, '', '../resources/slides/343/1823.html', 0),
(1824, 'Lesson: 18', 343, '', '../resources/slides/343/1824.html', 1),
(1825, 'Lesson: 19', 343, '', '../resources/slides/343/1825.html', 1),
(1826, 'Lesson: 19', 343, '', '../resources/slides/343/1826.html', 0),
(1827, 'Topical Questions', 343, '', '../resources/slides/343/1827.html', 0),
(1828, 'Topical Questions', 343, '', '../resources/slides/343/1828.html', 1),
(1829, 'Lesson: 1', 344, '', '../resources/slides/344/1829.html', 1),
(1830, 'Lesson: 2', 344, '', '../resources/slides/344/1830.html', 1),
(1831, 'Lesson: 3', 344, '', '../resources/slides/344/1831.html', 1),
(1832, 'Lesson: 4', 344, '', '../resources/slides/344/1832.html', 1),
(1833, 'Lesson: 5', 344, '', '../resources/slides/344/1833.html', 1),
(1834, 'Lesson: 6', 344, '', '../resources/slides/344/1834.html', 1),
(1835, 'Lesson: 7', 344, '', '../resources/slides/344/1835.html', 1),
(1836, 'Topical Questions', 344, '', '../resources/slides/344/1836.html', 1),
(1837, 'Lesson 1', 345, '', '../resources/slides/345/1837.html', 1),
(1838, 'Lesson 2', 345, '', '../resources/slides/345/1838.html', 1),
(1839, 'Lesson 3', 345, '', '../resources/slides/345/1839.html', 1),
(1840, 'Lesson 4', 345, '', '../resources/slides/345/1840.html', 1),
(1841, 'Lesson 5', 345, '', '../resources/slides/345/1841.html', 1),
(1842, 'lesson 6', 345, '', '../resources/slides/345/1842.html', 1),
(1843, 'Lesson 1', 347, '', '../resources/slides/347/1843.html', 1),
(1844, 'Lesson 2', 347, '', '../resources/slides/347/1844.html', 1),
(1845, 'Lesson 3', 347, '', '../resources/slides/347/1845.html', 1),
(1846, 'Lesson 4', 347, '', '../resources/slides/347/1846.html', 1),
(1847, 'Lesson 5', 347, '', '../resources/slides/347/1847.html', 1),
(1848, 'Lesson 6', 347, '', '../resources/slides/347/1848.html', 1),
(1849, 'Lesson 7', 347, '', '../resources/slides/347/1849.html', 1),
(1850, 'Lesson 8', 347, '', '../resources/slides/347/1850.html', 1),
(1851, 'Lesson 9', 347, '', '../resources/slides/347/1851.html', 1),
(1852, 'Lesson 10', 347, '', '../resources/slides/347/1852.html', 1),
(1853, 'Lesson 11', 347, '', '../resources/slides/347/1853.html', 1),
(1854, 'Lesson 12', 347, '', '../resources/slides/347/1854.html', 1),
(1855, 'Lesson 13', 347, '', '../resources/slides/347/1855.html', 1),
(1856, 'Lesson 14', 347, '', '../resources/slides/347/1856.html', 1),
(1857, 'Lesson 15', 347, '', '../resources/slides/347/1857.html', 1),
(1858, 'Lesson 16', 347, '', '../resources/slides/347/1858.html', 1);

-- --------------------------------------------------------

--
-- Table structure for table `sponsors`
--

CREATE TABLE `sponsors` (
  `sponsor_id` int(11) NOT NULL,
  `sponsor_name` varchar(200) NOT NULL,
  `country` varchar(30) NOT NULL,
  `email` varchar(50) NOT NULL,
  `phone` varchar(20) NOT NULL,
  `sponsor_type` tinyint(4) NOT NULL,
  `profile_pic` varchar(200) NOT NULL,
  `password` varchar(100) NOT NULL,
  `date_registered` datetime NOT NULL DEFAULT current_timestamp(),
  `status` tinyint(4) NOT NULL DEFAULT 1
) ENGINE=InnoDB DEFAULT CHARSET=latin1;

--
-- Dumping data for table `sponsors`
--

INSERT INTO `sponsors` (`sponsor_id`, `sponsor_name`, `country`, `email`, `phone`, `sponsor_type`, `profile_pic`, `password`, `date_registered`, `status`) VALUES
(12, 'Kampalas', 'Uganda', 'jonen50@gmail.com', '+256701383926', 1, 'resources/users/parents/default_parent.png', '$2y$10$61r.w5Dn2KaDeEddR3wUnex8E0g9HsPFZi30GyBrg81n6E2oJemCS', '2017-02-25 20:21:26', 1),
(13, 'Onen Julius', 'Uganda', 'josephstone@gmail.com', '256701313233', 1, 'resources/users/parents/default_parent.png', '$2y$10$V1R5Xy45ytJ7/bC8SAj2lOLF6PcHsJjMy0MqcAnAjkpIU62QRv.JS', '2017-02-25 20:21:26', 1),
(15, 'Onen Julius', 'Uganda', 'jonen67@mailer.com', '+2567890987', 1, 'resources/users/parents/default_parent.png', '$2y$10$WPtZZ0nK71g6SLDR22Rz.ePoi.ifihv3gjz95I7TOFG53Cj6D8Q6G', '2017-02-25 20:21:26', 1),
(17, 'Emmanuel Mugarura', 'Uganda', 'emmanuelgspug@gmail.com', '0785048579', 0, 'resources/users/parents/default_parent.png', '$2y$10$dKRc.ILWwrE8SbhImHxH4uZ8/zfdu6Z6cTymXMq5Uy9E1Nzmxemfa', '2017-02-25 20:21:26', 1),
(18, 'AIJUKA ALVIN', 'UGANDA', 'Aijukaalvin1997@gmail.com', '0784902650', 0, 'resources/users/parents/default_parent.png', '$2y$10$E47xT7UshBqw3n28ZTC4OOJxIo9pne9pm7qQoMYBhxWtELiQxyQfi', '2017-02-25 20:21:26', 1),
(19, 'Akurut Tina', 'Uganda', 'tamate@yahoo.com', '0751446156', 0, 'resources/users/parents/default_parent.png', '$2y$10$rZuufQ5QxJyK7NaR9re0VOrLvcfP5Vp2YsuWV6TshrvCsAcrQy6xa', '2017-02-25 20:21:26', 1),
(20, 'Onen julius', 'Uganda', 'noreply@kampalasmartschool.com', '256701234234', 1, 'resources/users/parents/default_parent.png', '$2y$10$D7oI0nNN9iOStu3bxrFDQ.oRzkztNwRi/7RGwjfv/718o6elAoyqq', '2017-02-25 20:21:26', 1),
(21, 'Onen julius', 'Uganda', 'dxl4eva@gmail.com', '256701234231', 1, 'resources/users/parents/default_parent.png', '$2y$10$57E6Z8hWj8.bryHT71Wk2eJTbss5n1fYcjaRawLd99EMyskyJRH9W', '2017-02-25 20:21:26', 1),
(47, 'Onen Julius', 'Uganda', 'jonen500@gmail.com', '256701383926', 0, 'resources/users/parents/default_parent.png', '$2y$10$pNXSZZHtDioz0x8orB8vw.EhVsNswdfvxCbUaKdwolUD.Dd0rYnju', '2017-02-25 20:21:26', 1),
(48, 'Nyanzi ian', 'Uganda', 'nnyanziian@gmail.com', '256789789789', 0, 'resources/users/parents/default_parent.png', '$2y$10$Pph5VDTEFRYnM/hUDHDtfuSL0EVqEpSzC0BY37gyjaFMDYnuLdoLy', '2017-02-25 20:21:26', 1),
(49, 'Ezone', 'Uganda', 'nnyanziian@outlook.com', '0771964728', 1, 'resources/users/parents/default_parent.png', '$2y$10$9iJiutVo3LVGxX/0m0EH6OUsf0QnEM9OYCB7o71EmKzT6.b6eITSu', '2017-02-25 20:21:26', 1),
(50, 'Kampala Smart School', 'Uganda', 'kampalasmartschool@gmail.com', '0700502096', 1, 'resources/users/parents/default_parent.png', '$2y$10$pRswAebLJKvdSNRts3pnFOUfjOrEb7QxEys2SR.3qzVi9RZdpzStK', '2017-02-25 20:21:26', 1),
(51, 'Emmanuel Mugarura', 'Uganda', 'cloudedgeug@gmail.com', '0776112858', 0, 'resources/users/parents/default_parent.png', '$2y$10$L3uPX8miVPCRIeZLkE30HOsU5MaNrMc/J1auxzgAt6ciQGy8AJIpq', '2017-02-25 20:21:26', 1),
(57, 'Clare Tukundane', 'Uganda', 'claretukundane@gmail.com', '0781518132', 0, 'resources/users/parents/default_parent.png', '$2y$10$yKBE1N7izUhe7ZJRXZ.j5e7TpAqXimcRgTKJy0oy06LTfe7xLpW2O', '2017-02-25 20:21:26', 1),
(60, 'Onen julius', 'Uganda', 'jonen544@gmail.com', '2567017309231', 1, 'resources/users/parents/default_parent.png', '$2y$10$LPkBIOrDSO.DpsmfduTmrOSEQftWdFhKhluKxKdBfqFOm9oEJnCKK', '2017-02-25 20:21:26', 1),
(61, 'Moses Engwau', 'Uganda', 'mengwau@gmail.com', '256753009081', 0, 'resources/users/parents/default_parent.png', '$2y$10$dLDKlJlnql50rownd39zI.O4jYk08u/OkwDRq1PGjMFdvZd6BBerm', '2017-02-27 10:35:28', 1),
(62, 'Joseph Pamba', 'Uganda', 'pamba@sciug.com', '+256712744885', 0, 'resources/users/parents/default_parent.png', '$2y$10$CeZCVpBNKYJmWiMig0kYyuNYQzJv864mzf3BDRtMSNKBW3aG1zGLO', '2017-02-27 14:50:09', 1),
(63, 'Sarah', 'Uganda', 'kabahumas@gmail.com', '0782159536', 0, 'resources/users/parents/default_parent.png', '$2y$10$IXasUFm5z5Dmg8ZHRlE0hejIOf2xoQHGK3e1Y9.XQ03o2tF6R4YJS', '2017-02-27 15:16:36', 1),
(64, 'Edgar Azairwe Rutaagi', 'Uganda', 'erutaagi@gmail.com', '0758939939', 0, 'resources/users/parents/default_parent.png', '$2y$10$RVr6IoULv1pzZY3U1ISrOeW8kDCP5xy02XH9ypNQ4CC6NfBacbCSy', '2017-02-27 16:22:54', 1),
(65, 'Agaba Dick', 'Uganda', 'dickagaba@gmail.com', '0776102121', 0, 'resources/users/parents/default_parent.png', '$2y$10$ci05vXDM0YW/PSQJnRM8nOr8/fLtDDHsx.XRqv/kEzcRO8.TmtfOe', '2017-02-27 16:24:34', 1),
(66, 'Gideon Twesigye', 'Uganda', 'g.twesigye@outlook.com', '0714381106', 0, 'resources/users/parents/default_parent.png', '$2y$10$R1nr1v3VJvmOJpQ63y1iDO7joDtaU7192y9e8TCIXJnEMGsleQwGe', '2017-02-27 19:20:24', 1),
(67, 'Vaolah Amumpaire', 'Uganda', 'vaolah.a@gmail.com', '0783261909', 0, 'resources/users/parents/default_parent.png', '$2y$10$aqa7uvdwHI71W/tFvdGND.TGGSaZbdZxs01AfLkxnw04DeuXmosz2', '2017-02-28 11:01:25', 1),
(68, 'Ram Kishan', 'Uganda', 'ramkishan.aptech@gmail.com', '0785222243', 0, 'resources/users/parents/default_parent.png', '$2y$10$VIEmg.0nQ44HiRRHEfivaeWnds42Xkqmyy3vTqTWCkUX1YCuw3YbS', '2017-02-28 12:38:39', 1),
(69, 'KinderKare Schoola', 'Uganda', 'admin@kinderkareschools.com', '077647055', 1, 'resources/users/parents/default_parent.png', '$2y$10$tGbfYRimeogS1XZQGO6k8erDSzj3KH3MUrRYuBrswwyqXQlHGlC4G', '2017-03-01 21:08:04', 1),
(70, 'Joseph Rich', 'Uganda', 'joeyfrich@gmail.com', '+256775772847', 1, 'resources/users/parents/default_parent.png', '$2y$10$yYHd00xEa0D5VBPxjP8BCO5YErjQ1PAr5.EDuHN.WKSDKwKfC5RCy', '2017-03-03 13:36:07', 1),
(71, 'Nueagaba agaptus', 'Uganda', 'nuwagabaagaptus@5gmail.com', '0787478821', 0, 'resources/users/parents/default_parent.png', '$2y$10$ul2VP59oVKPKOeyscGNX5uXQj4eAyHQ0FcCuaSMj7vDnnpHQIzpES', '2017-03-05 18:50:50', 1),
(72, 'MUKASA BEN', 'uganda', 'mukasaben@gmail.com', '+256772689920', 0, 'resources/users/parents/default_parent.png', '$2y$10$miH66usFgbq7SEBReii5Cud75A8Z3GbmBxi6J9Dq58qm/r9q8QskW', '2017-03-06 19:40:31', 1),
(73, 'MUKASA BEN', 'uganda', 'goodwillabsupplies@gmail.com', '0772689920', 0, 'resources/users/parents/default_parent.png', '$2y$10$/RUY88HEuNUMiF4wGoDXgO09a8mb7Ppp/mdT4nXLcP80rbeACCD0y', '2017-03-06 19:41:34', 1),
(74, 'John Baptist', 'Uganda', 'kirabirajb@gmail.com', '+256703888093', 0, 'resources/users/parents/default_parent.png', '$2y$10$98T3H8xbUrpnKqQ80Jl6ye5355hq4JXte3kMEuzPdma.2e9cTIuI.', '2017-03-06 23:17:22', 1),
(75, 'Mugamba Elemegious', 'Uganda', 'kmugamba@gmail.com', '+256782180424', 0, 'resources/users/parents/default_parent.png', '$2y$10$oGwJuO6BOrqkpjel8Ja0kuqRpt4z8shNq4zvPJnKiRP0OyCnr7EK.', '2017-03-06 23:39:16', 1),
(76, 'Gerald Ongodia', 'Uganda', 'ijerad92@gmail.com', '0702695262', 0, 'resources/users/parents/default_parent.png', '$2y$10$8idBYdQXBKiFlvoVngefQurkxjLKQyFsqoCIfg0xAVo9JiUFMcT7G', '2017-03-07 09:16:30', 1),
(77, 'Charles Kalule', 'Uganda', 'charz.kalule@yahoo.com', '+256752391576', 0, 'resources/users/parents/default_parent.png', '$2y$10$HlCqdEix1jgsGi.NxOOb4OrjmAigUsIiDjKX06LRXFymHc.xg3l/i', '2017-03-07 09:42:06', 1),
(78, 'Thomas Ameny', 'Uganda', 'amenythomas@gmail.com', '774407257', 0, 'resources/users/parents/default_parent.png', '$2y$10$kMo/JsshJsGI6/j9p9./geHbTNe/tMUegyYi7hYmILDkLnjG89ux6', '2017-03-07 11:08:55', 1),
(79, 'MWIJUKYE  CHARLES', 'Uganda', 'charlesmwijukye@yahoo.co.uk', '+256772509040', 0, 'resources/users/parents/default_parent.png', '$2y$10$tGh.6eXGJIMmwUqgA6HH4e5lXyWwzSV//XyKxj9dn7mzsliqESjk6', '2017-03-07 12:52:53', 1),
(80, 'MWIJUKYE  CHARLES', 'Uganda', 'charlesmwijukye@gmail.com', '0772509040', 0, 'resources/users/parents/default_parent.png', '$2y$10$bWIlL4UqSA1X.6rXwVEgneJ45GPqc4PIgmupnDR1oNBANJuT6l/xO', '2017-03-07 12:55:29', 1),
(85, 'Nsereko Anthony', 'uganda', 'senkezi74@yahoo.com', '0772433051', 0, 'resources/users/parents/default_parent.png', '$2y$10$GKzcxd4uo6fdnFobtlLBLuSJMmaF5nX4mEmYFhOdddY.AQOQ2AXSm', '2017-03-09 09:17:56', 1),
(86, 'Helen Naki', 'Uganda', 'hnakiguli@ucc.co.ug', '0702139887', 0, 'resources/users/parents/default_parent.png', '$2y$10$3X2lHXIWzdXS0yylx1AKUu.GEV8OxPcNJvZeF6gQd4/5NgWN8aMHe', '2017-03-09 09:46:04', 1),
(87, 'Joan', 'uganda', 'jokyomukama@gmail.com', '0704160521', 0, 'resources/users/parents/default_parent.png', '$2y$10$OzQMAsHVkWWCxiK8yaAyRu6VaEScp.5NH4vJvKt74OuIEFYEd5.Iu', '2017-03-10 16:08:52', 1),
(88, 'Nassar Said', 'Uganda', 'nsaidonline@gmail.com', '0706105712', 0, 'resources/users/parents/default_parent.png', '$2y$10$UHxmo/eUBWDqoTD3RHo71eSdjku4tRaETRivx29Fde0IKpU9hVzWm', '2017-03-11 19:50:57', 1),
(89, 'Nassar Said', 'Uganda', 'nsaid007@gmail.com', '0774451862', 0, 'resources/users/parents/default_parent.png', '$2y$10$c1emDcKT2YD59EVLMt2Mnesvw5N51e5/D5rPNzq5I/jIJpG3xb4L2', '2017-03-11 19:51:59', 1),
(90, 'Onen Julius', 'Uganda', 'jonen54@gmail.com', '25670123042345', 0, 'resources/users/parents/default_parent.png', '$2y$10$D0B2tX93rqMkNC4FNOzUXOK33GPrG78CTPGdZfIicpNfs7zK2.DoW', '2017-03-11 19:59:23', 1),
(91, 'kimbugwe francis', 'uganda', 'fkimbugwe@gmail.com', '0774146646', 0, 'resources/users/parents/default_parent.png', '$2y$10$3Y.cwEtFH2zI.IrFDVg9LOzmZvQi1p3OiMLvbXt8Dl04SPf7m2dy6', '2017-03-13 18:00:47', 1),
(92, 'Sharon Kirabo', 'Uganda', 'sharonkirabo83@gmail.com', '0784077979', 0, 'resources/users/parents/default_parent.png', '$2y$10$dj.FZ0/3UbLePmePNMXtI.8EWApITciXsb1knInfWcFfKd66cL.Fq', '2017-03-21 19:00:22', 1),
(93, 'Agatha Mukundwa', 'Uganda', 'mushka5@yahoo.com', '0772682250', 0, 'resources/users/parents/default_parent.png', '$2y$10$oXy12jSk8YyiitqQGaFm..e3q1aboBDBa98QuEVpjTW6yQcJ3ZcAK', '2017-03-27 06:02:14', 1),
(94, 'Nassar', 'Uganda', 'focuscyberinc@gmail.com', '256706105712', 0, 'resources/users/parents/default_parent.png', '$2y$10$3k1q5m4cMYpagfd3RCNks.LUPrI7rF2kmmqs5pm9bLmrcOEvMJD52', '2017-03-29 12:05:06', 1),
(95, 'Cloudedge', 'Uganda', 'jfnakato@yahoo.com', '0776121212', 0, 'resources/users/parents/default_parent.png', '$2y$10$G/PxIKiolaPX7ayQDeG/NefYnW1DwUcicT32weKuEv8McZNnurwo.', '2017-03-29 12:37:31', 1),
(96, 'woyaga patrick', 'uganda', 'patrick.woyaga@postbank.co.ug', '0772433318', 0, 'resources/users/parents/default_parent.png', '$2y$10$0bdZalvTXd3wIC0DNMXeb.RVJcyUq.OnCGKw4qAgJWfc/GSULfp5S', '2017-03-30 17:00:58', 1),
(97, 'Kahinju Dorothy', 'Uganda', 'dkahinju@yahoo.com', '0755121422', 0, 'resources/users/parents/default_parent.png', '$2y$10$jpx0WzVWITsPvE7rVxVNfujIboeYXaTRDtZ1VPq4SdvxQC0xw2BE6', '2017-04-04 07:38:10', 1),
(98, 'David Muheirwe', 'Uganda', 'deirwe@gmail.com', '0755803279', 0, 'resources/users/parents/default_parent.png', '$2y$10$NjLysJaYOxbd087lCreWLu9Jl0SiSY08mFzkOVKzD68u7eUozUmia', '2017-04-08 17:30:07', 1),
(99, 'Isaac Balintuma', 'Uganda', 'isaaconline96@gmail.com', '0704873305', 0, 'resources/users/parents/default_parent.png', '$2y$10$REg0MWfBilvheTisyIqtMuoLQQWwJLUtAbb3k8RQiEulfa9CQEhSu', '2017-04-13 13:53:59', 1),
(100, 'Okweda', 'uganda', 'francisok2003@yahoo.com', '0704879641', 0, 'resources/users/parents/default_parent.png', '$2y$10$jrcCCz2qaNK1XmQSMf2LeeW5qiR9.hRSi0B9342Oe56AaHqg609Km', '2017-04-15 22:12:46', 1),
(101, 'Okweda Francis', 'uganda', 'francisok2003@gmail.com', '0780192758', 0, 'resources/users/parents/default_parent.png', '$2y$10$e98uWAV5qxp57rAdLffwUecMshpk5Lbteudgxl4lKaiFbzq2yuIWC', '2017-04-15 22:16:10', 1),
(102, 'oyam richard', 'uganda', 'oyamrichard@gmail.com', '0782782518', 0, 'resources/users/parents/default_parent.png', '$2y$10$l0doP/2sJLReYjmEJanU7.1moaeWrikqKWVZvfd0/2GFfGsqXSNg.', '2017-04-18 21:06:16', 1),
(103, 'Master Cares Christian School', 'Uganda', 'dechaus@mail.com', '0751552614', 1, 'resources/users/parents/default_parent.png', '$2y$10$Hg4T1Q.VcBaTCqJx9jfSH.Bvz8.cS0m/N419YQnWCIw0YLf1I.KYe', '2017-04-22 16:36:43', 1),
(104, 'abc', 'abc', 'udailauria@gmail.com', '9810037508', 0, 'resources/users/parents/default_parent.png', '$2y$10$J4R6L.D8eKDo6Cjo6dmNweI0hIY4AhH0hK3PN859vfbt5Q4ojTHzi', '2017-04-23 10:40:36', 1),
(105, 'Ayebare Grace', 'Uganda', 'walterayebare@gmail.com', '0700802133', 0, 'resources/users/parents/default_parent.png', '$2y$10$D9vXl88EeTMQorKQ9hPT9.lI1rXsjzxqQaa1RAyZD1m7R3zIsXsRG', '2017-04-24 17:26:02', 1),
(106, 'Katarina Stensson', 'Sweden', 'stensson.katarina@gmail.com', '706043095', 0, 'resources/users/parents/default_parent.png', '$2y$10$MphA8yMUF5o8OabHE/JyxuXNesniQJr7idAbzIRULKKW44CTrd7w6', '2017-04-27 22:09:39', 1),
(107, 'Firoz Khan', 'Uganda', 'firozkhan58@yahoo.com', '+256772428220', 0, 'resources/users/parents/default_parent.png', '$2y$10$NR25kLuZx8r81DDoZpQ1AeZBK7.h2UW58J9Yba1lqomODO6plbaB.', '2017-05-01 13:17:46', 1),
(108, 'Sydney Kyobe', 'Uganda', 'sydney.k.kyobe@gmail.com', '0772637057', 0, 'resources/users/parents/default_parent.png', '$2y$10$Ieqe0gKtAqEvKcZOKkVmZ.lzL7C0aKgrTgxSfjMyQr7875zO7y7se', '2017-05-01 14:16:44', 1),
(109, 'Kizito Nicholas', 'Uganda', 'kiznic@gmail.com', '256702724471', 0, 'resources/users/parents/default_parent.png', '$2y$10$4De973QWJXkhrkcuUxNWl.klnaTR/19qopU0qqDsCAb636PR5W3b2', '2017-05-02 08:43:20', 1),
(110, 'Frederick Matovu', 'Uganda', 'klimax.consult@gmail.com', '0772411291', 0, 'resources/users/parents/default_parent.png', '$2y$10$ZmX01Y0hYN1/99nRnX1PoOlOWg0e1CCC/YOb3P9KUvdFPL09.5iM2', '2017-05-02 14:43:42', 1),
(111, 'KinderKare Elementary School', 'Uganda', 'bssensamba@gmail.com', '256772471211', 1, 'resources/users/parents/default_parent.png', '$2y$10$7q6xb31cUXnma7jjmuc/6OY9wpxT0P.bVNwuEeEMFNbS9Nm0DltNG', '2017-05-02 17:37:25', 1),
(112, 'Maggie Lukowe', 'Uganda', 'mlukowe@gmail.com', '0772 999906', 0, 'resources/users/parents/default_parent.png', '$2y$10$PY0kbmaCqGzx6OZjHJBYIOA0prTM.MbZ2w1yqyB5X4MsWQlL5tit6', '2017-05-09 13:32:49', 1);

-- --------------------------------------------------------

--
-- Table structure for table `sponsor_reset_requests`
--

CREATE TABLE `sponsor_reset_requests` (
  `reset_id` int(11) NOT NULL,
  `sponsor_id` int(11) NOT NULL,
  `request_date` datetime NOT NULL DEFAULT current_timestamp(),
  `code` varchar(200) NOT NULL,
  `request_status` tinyint(4) NOT NULL DEFAULT 0
) ENGINE=InnoDB DEFAULT CHARSET=latin1;

--
-- Dumping data for table `sponsor_reset_requests`
--

INSERT INTO `sponsor_reset_requests` (`reset_id`, `sponsor_id`, `request_date`, `code`, `request_status`) VALUES
(1, 84, '2017-03-11 18:42:22', '$2y$10$dEMUfquurFxCxWqNbsVwL.uC8GyHRUHM7pIGTtJcR61xv45aR/4AS', 1),
(2, 84, '2017-03-11 18:48:06', '$2y$10$J7uiFKsQSGDS96DanK6wRO8e/tDHTrMKBMoFjOF9GQ2G/kB4pNDvu', 0),
(3, 90, '2017-03-30 20:44:25', '$2y$10$1GZZv1PZEQHn0157c..9GOrdhMHS.RaBQdtpanvr6MSZim2/8UHY2', 0),
(4, 48, '2017-04-01 12:19:11', '$2y$10$leZFjOCeAi0C/HyVxusYe.zonnxBi83vLBrFIcB8u7wuOR7JHKyOa', 0),
(5, 48, '2017-04-03 11:02:14', '$2y$10$RDdf0gWRfhvhGLOfXQ7jVeBx.0y/7IfNfsbknR5A0LEEYYAc/UaS6', 1),
(6, 48, '2017-04-03 11:12:47', '$2y$10$k/DL.vQTq5r4Qk.Uvuby2uoIQabfw7QEliv6.TuFy65WbhVD/Kpy.', 1),
(7, 48, '2017-04-05 11:23:54', '$2y$10$DbLpL/0rf4wFkIDlJEtgb.azyf1NEnQy2tpcfs4FEguElUHwprIfS', 1),
(8, 98, '2017-05-02 13:39:32', '$2y$10$nxBtO9PDdqO4584qpEEhyOFMALYteUbNRvSmm6/.6nyXWiqsQcCXS', 0),
(9, 98, '2017-05-02 13:48:54', '$2y$10$rcc9N38dDr9ADbVIARudJO/1f3BfThQIlZjHb22sxNb0vddQKlscC', 0),
(10, 90, '2017-05-08 19:10:11', '$2y$10$y5UJohT/UDjRY1wgYJJcV.gy4Dp.OCfnDGurUow54q1vhkJvd5fU6', 0);

-- --------------------------------------------------------

--
-- Table structure for table `students`
--

CREATE TABLE `students` (
  `student_id` int(11) NOT NULL,
  `f_name` varchar(20) NOT NULL,
  `l_name` varchar(20) NOT NULL,
  `dob` date NOT NULL,
  `username` varchar(20) NOT NULL,
  `password` varchar(100) NOT NULL,
  `profile_pic` varchar(100) NOT NULL,
  `sponsor_id` int(11) NOT NULL,
  `status` tinyint(4) NOT NULL DEFAULT 1
) ENGINE=InnoDB DEFAULT CHARSET=latin1;

--
-- Dumping data for table `students`
--

INSERT INTO `students` (`student_id`, `f_name`, `l_name`, `dob`, `username`, `password`, `profile_pic`, `sponsor_id`, `status`) VALUES
(6, 'Onen', 'Julius', '2016-12-01', 'jonen', '256256', 'resources/users/students/default_student.png', 12, 1),
(7, 'Julius', 'Julz', '2016-12-16', 'joen', '$2y$10$xIKbTDaE0uqc44IXnasgkeQBZWhTyxyqzryARjHhK4JgTAmHK4eKe', 'resources/users/students/default_student.png', 12, 1),
(8, 'nnyanzi', 'ian', '1997-12-11', 'nnyanziian', '$2y$10$vdEptjZCxZQLogfOkVqz4eZmhUOAqchrzup/BrplgJUFu.zvw1lEi', '', 12, 1),
(10, 'Onen', 'Julius', '2017-01-12', 'passjulz', '$2y$10$tdN.MpA5GRNJ1YL7tjf41u8bomqkfdArYLOKPqFRhP9RlO1W8bKma', '', 15, 1),
(14, 'Julius', 'Julz', '2017-01-18', 'julo', '$2y$10$edaKhDl1ZmVz/5b6ipuXNu8RSvvKfuGTJXCgTx7aKyTsJKNrGH85G', '../resources/users/students/iWqTOq9dqacSYOV.png', 15, 1),
(16, 'Asiimwe', 'Eunice', '2000-01-02', 'Asimwe', '$2y$10$ihyuKQ6Wx4eLJSAPzCraheIHr4ao1nUyYyxOH3npMnmWnLut7kjuS', 'resources/users/students/default_student.png', 17, 1),
(17, 'Kiiza', 'Micahael', '2006-01-03', 'Kiiza', '$2y$10$OrdRBcNfDmXsXg/F/IVOb.3LW0EwYhfOjZxCMzGQZG.M5N4XWDZFe', 'resources/users/students/default_student.png', 17, 1),
(18, 'Queen', 'Rebecca', '2002-01-01', 'queen', '$2y$10$Lv4a5SIlpC2S3JmLXZbg2u88YEiLsDvWCiPr5iKpv.e4m54I7MfDm', 'resources/users/students/default_student.png', 17, 0),
(19, 'Onen', 'JjJulius', '2017-01-11', 'valor1', '$2y$10$1tTRhSJHQ5orTTqE5YY.w.D0RLHkEsOVVXzDs8kYLFGs2zzm4ywPu', '../resources/users/students/auaLpC1r8iXP3Co.jpg', 15, 1),
(20, 'King', 'Daudi', '2004-01-06', 'welearn', '$2y$10$9WG07EJeWuNNDGd3jaZotOYPoW.rxJ6StAsN5cvp.b2CB.pa2j4Wq', 'resources/users/students/default_student.png', 17, 0),
(21, 'Linda', 'Valerie', '2006-01-01', 'Linda', '$2y$10$a8yPBN62ihEvZeLCBDjDV.QFYxI9czYxifClh5DJeu/oln38uhHCC', 'resources/users/students/default_student.png', 17, 1),
(22, 'AGABA', 'KEVIN', '2012-05-08', 'KEVIN', '$2y$10$YxDqH.Jgvom3n1BU42x6JOvbsJYKVR7KBenTjh.a9WhPeUIv62nXe', 'resources/users/students/default_student.png', 18, 1),
(23, 'Sean', 'Omoth', '2009-02-14', 'SEAN', '$2y$10$jWdGeABcEyIC5iwC73UHKOo2zjJo6qMFtCoF2r89FxANjOXnKvi9m', 'resources/users/students/default_student.png', 19, 1),
(24, 'SEAN', 'OMOTH', '2017-02-14', 'Ethan', '$2y$10$ldlub2mM6MID8lwLv1lEoOdnChyfzD8N85sGYVtUEuOnHxzsRgK6C', 'resources/users/students/default_student.png', 19, 0),
(26, 'Onen', 'Julius', '2017-02-09', 'jujolo', '$2y$10$CTVeqp.L6/ThidqreYTr8.CbtrXdWrZviOZojWGOVgit2nwP0n/HG', '../resources/users/students/9SKAQ4yK8HbeoJy.png', 47, 1),
(27, 'kiki', 'koko', '2017-02-09', 'jujuju', '$2y$10$fhVysUk1ryOKaIijDcixwuVbE8BAM6eM0TZy5LwnAGVqATeAdqvuS', '../resources/users/students/3rRLnj5iIpl8onn.png', 47, 1),
(28, 'sample', 'Student', '2010-02-02', 'sampleStudent', '$2y$10$gYQ8gHK7QIPK6CXLsMCH/u4taSYD21YjC89PHhVmhyK4vumr7hW9W', '../resources/users/students/imrVBrqemw5UIxM.jpg', 48, 1),
(29, 'Kintu', 'Ally', '2017-02-08', 'Kintu', '$2y$10$GIhzDD8pbhQB4/KTashxnOWMSR1DDy9li6Sm8lDLsgMikTWpLp4lO', 'resources/users/students/default_student.png', 50, 1),
(30, 'siima', 'kay', '2006-02-09', 'siima', '$2y$10$msk1OsNH5VPcTBHq2AaY/.IDtIaDG2ShxiuGh3y2bJFkm1A.wFkMW', 'resources/users/students/default_student.png', 51, 1),
(32, 'EMMA', 'HARRY', '2017-02-03', 'HARRY', '$2y$10$SS/jqjaOalhD.fKgVsQ.vuN0FrH6H/AxYRAZQzzg2n8FD.iH.Jv2.', 'resources/users/students/default_student.png', 57, 1),
(33, 'Onen', 'Julius', '2017-02-01', '2way', '$2y$10$kyIQy/OpAtJQjpy7J/ZpqevCc7XdTwwMEzBhHjuogRaeXPfW1EdIi', '../resources/users/students/wbt838d0JxPwaFp.png', 60, 1),
(34, 'ben', 'ali', '2017-03-07', 'vaolah', '$2y$10$77rc6rvxdn5GSKAcNcJpCuilqpfWT5Fc1oCmtoT3b4wgaIdbXYfJC', 'resources/users/students/default_student.png', 67, 1),
(35, 'Busingye', 'Kelly', '2017-02-01', 'Kelly', '$2y$10$GxHyZNjPsMAtP1TbcV.La.qnEvKCVqMIg71Vggrt3rXy0x7ipVapK', 'resources/users/students/default_student.png', 17, 1),
(36, 'asasasadssds', 'asasasadssds', '2017-02-24', 'asasasadssds', '$2y$10$VCH3fL9hFJHUR4lB71j/mO04hw0MLuWNH8RhffPOAw8hgWnYmIVDq', '../resources/users/students/MKX8fsUlM5B6nz4.jpg', 48, 1),
(37, 'testing 1', 'huhiii', '2017-02-10', 'lopop', '$2y$10$ggfv9cj9Qq2utJaXNg1lJuWMi8wMDiWkVB7q1HZ9vneaGjwG3XPNu', '../resources/users/students/YQVtyE7UFb4S4RE.jpg', 60, 1),
(38, 'Kirabo', 'Zoe', '2017-03-02', 'study', '$2y$10$SA1D.LVQ.h4jVRo7NDhAu.ldoKBqKz.A3u1x62JexYZyBy5kLxrl2', 'resources/users/students/default_student.png', 69, 0),
(39, 'Katatumba', 'Brianna', '2005-03-06', 'Brianna12', '$2y$10$hmNzM6ncCYFsQ9YPDdzLQ.jBDGCEiI7NWSaEZ/Gari1lIC1vG.pca', 'resources/users/students/default_student.png', 69, 1),
(40, 'Joseph', 'Rich', '1995-03-01', 'joeyfrich', '$2y$10$Zof20BQLabHJMgV4D23bV.7712D5RWbdp8Gvwg3eTVZe15.9.hxmy', 'resources/users/students/default_student.png', 70, 1),
(41, 'Kibirige', 'Ridwan', '2006-03-01', 'study12', '$2y$10$YaNlryZ0Hw3YLu6stayF8OlrVEE3EZ0Ro3h3PxXqnWTEiHwFOI5cG', 'resources/users/students/default_student.png', 69, 1),
(42, 'Nakatudde', 'Ritah', '2011-08-08', 'ansereko', '$2y$10$xkg2hnzNLEShWgJuj46Jd.zuq5XlIRioObwkCUzJnkGTifYjjXGty', 'resources/users/students/default_student.png', 85, 1),
(43, 'Frank', 'Kimbugwe', '2007-03-04', 'Frank12', '$2y$10$DSag1vwNr3tw4w9SqMac6.BnlrNaYmqiLg6gy.wPlgF6HBsU8jVtm', 'resources/users/students/default_student.png', 17, 1),
(44, 'Nassir', 'Rahid', '2017-03-02', 'nrahid', '$2y$10$KpoHVJqXMrj/SKJFwItYtuFfFJQ48yBrKZYbqfKqp.MtcopMvGq8q', 'resources/users/students/default_student.png', 88, 1),
(45, 'lillian', 'nassonko', '2005-01-01', 'lithy', '$2y$10$sVnVNdo60zU/uV/FbZ7kPe9bumHfryHM8H3YOUpmsdduvSl3Exsfy', 'resources/users/students/default_student.png', 91, 1),
(46, 'Kintu', 'Elaine', '2000-03-08', 'Kintu12', '$2y$10$SdGp7W07Q2WjcwKICdPw8OU1LMgFFKs7NnbTuSBxIi/LByH6bvSNO', 'resources/users/students/default_student.png', 69, 1),
(47, 'Kibirige', 'Ridwan', '1998-03-03', 'Rid12', '$2y$10$PROR0a51gLHHcvJ5lXlnX.K4ZVo19Ns9tMFfGBWZIje3XpG0DXCLq', 'resources/users/students/default_student.png', 69, 1),
(48, 'jemimah', 'mutesi', '2010-01-01', 'mutesi2010', '$2y$10$IfV16XiLNtwOK5uKxwzLnea2EB6QhekhT6YqEsbAM8rP/FE6fEg8K', 'resources/users/students/default_student.png', 91, 1),
(49, 'Angelina', 'Muhamata', '2006-12-09', 'Umwiza', '$2y$10$ybqDE99UTZhS4AF5umgdyOtAvdmWz/s0IlWbCGVnn5zYJf.6..SAy', 'resources/users/students/default_student.png', 93, 1),
(50, 'Kenneth', 'Kiberinka', '2008-04-27', 'Inca', '$2y$10$tOjNkFDQZeIzYKc9J2wi8e42vSiQ9l.e3bTHop3usu/kbNBM/zroS', 'resources/users/students/default_student.png', 93, 1),
(51, 'siima', 'Carol', '2007-03-05', 'kes12', '$2y$10$8HK8Ei2DlHqQ1.vAk55dvODFx1zmYHijHGBh4LfYvS.3w9pzc.vXu', 'resources/users/students/default_student.png', 95, 1),
(52, 'Nancy', 'Emily', '2017-04-05', 'Namcy12', '$2y$10$l7d93JfqUOtruc114/2P6.nilizKQ1SxkUStc80BWh.azZm5g1jKO', 'resources/users/students/default_student.png', 69, 1),
(53, 'Emily', 'Nancy', '2002-04-02', 'Nancy123', '$2y$10$sqzEQm5yVrwEjhrf1AVFSupWQgOVhAUo7D55p20It4u2AxrgEIQFS', 'resources/users/students/default_student.png', 97, 1),
(54, 'Onen', 'Julius', '2017-01-20', 'juliolite', '$2y$10$AeSFAPlee7XK0Y65ymeM1eq1EM3r2O3INNMZnsI7ikbANySxLhiX2', 'resources/users/students/default_student.png', 90, 1),
(55, 'Daniella', 'Kemigisha', '2011-07-08', 'daniella', '#$2y$10$5UrBfB7GZL/jC0dDTcbW6.IUHfHU5W0B5vHnIsRjGvy07GHwlVENe', 'resources/users/students/default_student.png', 98, 1),
(56, 'Mungujakisa', 'Trevor', '2009-04-14', 'trevor', '$2y$10$wgwdFfYVyIjm9ee4MwceSuV3a6tWv5kLHKVdp1esYgkft3gz3WNVC', 'resources/users/students/default_student.png', 101, 1),
(57, 'Martin', 'Were', '2009-04-14', 'Martin', '$2y$10$CTlsGdq6EvbpD44w/V07duQYHzQDoVBkhmbRnUyqDQ.RIUV20oj5C', 'resources/users/students/default_student.png', 101, 1),
(58, 'Daniella', 'Kemigisha', '2010-04-06', 'Daniella12', '$2y$10$O66k.QiT1r1JnAh0sqgVzO3H1Iw0CL5hwypwsYEhlcLxb9IzwWorm', 'resources/users/students/default_student.png', 69, 1),
(59, 'Alex', 'Mubiru', '2006-04-12', 'Learn12', '$2y$10$j1qaSfYNglqRAx4nqtMaqe2ogEBN/enK9JNtRMsAlMj.F2oEH88NG', 'resources/users/students/default_student.png', 69, 1),
(60, 'Fridah', 'Namuwaya', '2010-10-12', 'Fridah12', '$2y$10$2ytNhUGji8SL0F5sLvKWeu34/Lr9p9kiRkj5wMtU/XTjm3cOHlytm', 'resources/users/students/default_student.png', 103, 1),
(61, 'Milly', 'Nampewo', '2000-04-05', 'Milly22', '$2y$10$Ek5sXg2eMPnI6J6ISqOZROHTPTQBk7oc7EhCN1Js54lh6DT2x8OJu', 'resources/users/students/default_student.png', 103, 1),
(62, 'Florah', 'Tusiime', '2002-04-17', 'Florah11', '$2y$10$fIfY.R9Qv5QCdTzRC783C.82KRyszKZZXu.Oa9ENRrTDgLCylfFXu', 'resources/users/students/default_student.png', 103, 0),
(63, 'Jacent', 'Arinaitwe', '2002-05-17', 'Jacent12', '$2y$10$zOXJz7Nmm.LZbeyDJ1dexuHKy95J9FFfZP3CiM2CoKq47uZ5WcS36', 'resources/users/students/default_student.png', 103, 1),
(64, 'Richard', 'Naleta', '2017-04-06', 'Richard11', '$2y$10$dE47/1VQtPfupj0aasiUp.c25fniT45ak52NtiSxWAnOmD/bb6tSO', 'resources/users/students/default_student.png', 103, 1),
(65, 'Molly', 'Namatovu', '2001-04-02', 'Molly12', '$2y$10$uoNS6gux4n2pEh11pingOOaEK4wzBlaCy//1mbhCT0HlPoeJmXG5e', 'resources/users/students/default_student.png', 103, 1),
(66, 'Emmanuel', 'Muwezi', '2002-04-10', 'Emmanuel12', '$2y$10$9u8m8f7ejr.ihfVvqzAtCeQ56LvlZI8NTZAUjoQF8bgdAOZPp6Iiu', 'resources/users/students/default_student.png', 103, 1),
(67, 'Ronald', 'Niwagaba', '2000-04-17', 'Ronald12', '$2y$10$SSHv.fjgeH49ekZPRPp3O.JbPN7JyccEB9BQKeZnO7o6a.wvJMGAW', 'resources/users/students/default_student.png', 103, 1),
(68, 'Desmond', 'Rwothomio', '2000-04-11', 'Desmond12', '$2y$10$SKTuUU57PEJptjldNtN9h.DIub06hZ4gh.ykYS3bOn7b4XaMBsTL2', 'resources/users/students/default_student.png', 103, 1),
(69, 'Edward', 'Wanderah', '2002-04-16', 'Edward12', '$2y$10$vfFItnJLAiYQoeYPkq47wenLrOiCbQhzfGYgik6hQErv8JCF/1zEq', 'resources/users/students/default_student.png', 103, 1),
(70, 'David', 'Echau', '1999-04-08', 'David1', '$2y$10$pq3CwaJy6UExyxf4ju.WoesOU6yDle9KA8ypehvs/dWZdmkBjYXSu', 'resources/users/students/default_student.png', 103, 1),
(71, 'Angel', 'Michelle', '1997-04-15', 'Angel12', '$2y$10$cmw1QMQ87PiTZqPYqdQll.y5RkcMsAPYAo9JEGwpbuYgtbSweqQ0G', 'resources/users/students/default_student.png', 69, 1),
(72, 'Michelle', 'Matsiko', '2009-04-06', 'Michelle1', '$2y$10$iRknZc9AklhbfYsXtqz0wuN5Oh7oENtd.2ENdchyqbPWhGHZZnxwO', 'resources/users/students/default_student.png', 105, 1),
(73, 'Miranda', 'Matsiko', '2010-04-05', 'Miranda1', '$2y$10$8MtUxy2ldu3FBXqOAs7Kce.Y8InH9K0M7kKID1/k6evrNE1B1QKSm', 'resources/users/students/default_student.png', 105, 1),
(74, 'Walter', 'Ahumuza Baguma', '2009-06-28', 'Walter1', '$2y$10$VaGjgPnEhoQ5xaRwitPO3.HdQj3hQjYiROam8kesfT.x/cc5T0WGK', 'resources/users/students/default_student.png', 105, 1),
(75, 'Alvin', 'Jaral', '2009-04-01', 'Alvin1', '$2y$10$9a/VurrkQRwFCzyRx.q3X.un/MYc5qfu7rQLMgeDu.REAfF3j74lS', 'resources/users/students/default_student.png', 105, 1),
(76, 'Antonia', 'Paula Nakanwagi', '2010-12-20', 'antonia12', '$2y$10$RLSO2u9d/6g5wSOxbGzaHO/FECqWmAy55K1ScHxgWPo9SRSp3vf5m', 'resources/users/students/default_student.png', 111, 1),
(77, 'Jeremiah', 'Peter Kyaluzi', '2008-09-15', 'jeremiah12', '$2y$10$Or5ss/7ualMz9hc2VhFpXufjaIfLUhy0V.WncWYfa74jyZq.5deOq', 'resources/users/students/default_student.png', 111, 1);

-- --------------------------------------------------------

--
-- Table structure for table `student_reset_requests`
--

CREATE TABLE `student_reset_requests` (
  `reset_id` int(11) NOT NULL,
  `student_id` int(11) NOT NULL,
  `request_day` datetime NOT NULL DEFAULT current_timestamp(),
  `request_status` tinyint(4) NOT NULL DEFAULT 0
) ENGINE=InnoDB DEFAULT CHARSET=latin1;

-- --------------------------------------------------------

--
-- Table structure for table `subjects`
--

CREATE TABLE `subjects` (
  `subject_id` int(11) NOT NULL,
  `subject_name` varchar(100) NOT NULL,
  `description` text NOT NULL,
  `subject_logo` varchar(100) NOT NULL,
  `status` tinyint(4) NOT NULL DEFAULT 1
) ENGINE=InnoDB DEFAULT CHARSET=latin1;

--
-- Dumping data for table `subjects`
--

INSERT INTO `subjects` (`subject_id`, `subject_name`, `description`, `subject_logo`, `status`) VALUES
(1, 'Mathematics', 'No description', '../resources/images/jqAWI5csfFDEsWn.jpg', 0),
(2, 'English', 'No description', '../resources/images/2XYPbsur5hJ1sXF.jpg', 1),
(3, 'Social Studies', 'No description', '../resources/images/oAC07Jdl9W8LNdh.jpg', 1),
(4, 'Integrated Science', 'No description', '../resources/images/qCRMIfwCA13TIq9.jpg', 1),
(5, 'Religious Education', 'No description', '../resources/images/YLgrHInFTjevIrj.jpg', 1),
(6, 'Literacy I: Reading', 'No description', '../resources/images/orGD81poEWIxdbG.png', 1),
(7, 'Literacy 2', 'No description', '../resources/images/QgZihIP8U1FyNR0.jpg', 0),
(8, 'Literacy 2B: SST', 'No description', '../resources/images/vx79IwD2mTkk7eX.jpg', 1),
(9, 'Daily LanguageReview', 'No description', '../resources/images/bxaiJ6w5PtJkkPp.jpg', 0),
(10, 'ICT', 'No description', '../resources/images/XnLh3mYHsZikLnY.png', 0),
(11, 'Physical Education', 'No description', '../resources/images/Li6xisWCrf8xymg.jpg', 0),
(12, 'Art and Craft', 'No description', '../resources/images/kjWQ77eVERQLZ3T.png', 0),
(13, 'Mathematics', 'No description', '../resources/images/7xByBp1vAdtlPED.jpg', 1),
(14, 'Literacy 2A: Science', 'No description', '../resources/images/3A5H9JN5QBtyhGV.jpg', 1),
(15, 'jkllkl', 'No description', '../resources/images/MB8tihHNyovJYj3.png', 0),
(16, 'jkllkl', 'No description', '../resources/images/7ypibgwxija8aAK.png', 0),
(17, 'Subject Ed', 'No description', '../resources/images/default_subject.png', 0),
(18, 'Subject Ed', 'No description', '../resources/images/default_subject.png', 0),
(19, 'sdssd', 'No description', '../resources/images/QPCWaST7SHAwDbc.jpg', 0),
(20, 'Subject Ed', 'No description', '../resources/images/default_subject.png', 0),
(21, 'test 3', 'No description', '../resources/images/default_subject.png', 0),
(22, 'test 2', 'No description', '../resources/images/default_subject.png', 0),
(23, 'test 5', 'No description', '../resources/images/default_subject.png', 0),
(24, 'test 6', 'No description', '../resources/images/default_subject.png', 0),
(25, 'Test 7', 'No description', '../resources/images/default_subject.png', 0),
(26, 'heyo', 'No description', '../resources/images/default_subject.png', 0),
(27, 'test ultim', 'No description', '../resources/images/default_subject.png', 0),
(28, 'Ultimate t', 'No description', '../resources/images/default_subject.png', 0),
(29, 'New', 'No description', '../resources/images/MHRWrGv3F4PoZmx.jpg', 0),
(67, 'Social Studies', 'No description', '../resources/images/default_subject.png', 0);

-- --------------------------------------------------------

--
-- Table structure for table `subscriptions`
--

CREATE TABLE `subscriptions` (
  `subscription_no` int(11) NOT NULL,
  `enrollment_id` int(11) NOT NULL,
  `channel` varchar(4) NOT NULL,
  `reciept_no` int(11) DEFAULT NULL,
  `date_paid` datetime NOT NULL,
  `expiry_date` datetime NOT NULL,
  `payment_status` tinyint(4) NOT NULL
) ENGINE=InnoDB DEFAULT CHARSET=latin1;

--
-- Dumping data for table `subscriptions`
--

INSERT INTO `subscriptions` (`subscription_no`, `enrollment_id`, `channel`, `reciept_no`, `date_paid`, `expiry_date`, `payment_status`) VALUES
(1, 15, 'YO', 1, '2017-02-18 19:44:01', '0000-00-00 00:00:00', 0),
(2, 16, 'YO', 1, '2017-02-18 19:44:01', '0000-00-00 00:00:00', 0),
(3, 15, 'YO', 2, '2017-02-18 19:52:25', '0000-00-00 00:00:00', 0),
(4, 16, 'YO', 2, '2017-02-18 19:52:25', '0000-00-00 00:00:00', 0),
(5, 18, 'YO', 3, '2017-02-19 19:48:28', '0000-00-00 00:00:00', 0),
(6, 18, 'YO', NULL, '2017-02-19 19:49:53', '0000-00-00 00:00:00', 0),
(7, 18, 'YO', NULL, '2017-02-19 19:50:05', '0000-00-00 00:00:00', 0),
(8, 18, 'YO', NULL, '2017-02-19 19:50:28', '0000-00-00 00:00:00', 0),
(9, 18, 'YO', 7, '2017-02-19 19:50:55', '0000-00-00 00:00:00', 0),
(10, 10, 'YO', 8, '2017-02-19 23:09:36', '0000-00-00 00:00:00', 0),
(11, 10, 'YO', 9, '2017-02-19 23:12:09', '0000-00-00 00:00:00', 0),
(12, 10, 'YO', 10, '2017-02-19 23:13:37', '0000-00-00 00:00:00', 0),
(13, 7, 'YO', 11, '2017-02-19 23:13:43', '0000-00-00 00:00:00', 0),
(14, 7, 'YO', 12, '2017-02-19 23:13:49', '0000-00-00 00:00:00', 0),
(15, 10, 'YO', 13, '2017-02-19 23:15:14', '0000-00-00 00:00:00', 0),
(16, 7, 'YO', 14, '2017-02-19 23:15:29', '0000-00-00 00:00:00', 0),
(17, 7, 'YO', 15, '2017-02-19 23:15:35', '0000-00-00 00:00:00', 0),
(18, 10, 'YO', 16, '2017-02-19 23:17:47', '0000-00-00 00:00:00', 0),
(19, 7, 'YO', 17, '2017-02-19 23:17:53', '0000-00-00 00:00:00', 0),
(20, 7, 'YO', 18, '2017-02-19 23:17:59', '0000-00-00 00:00:00', 0),
(21, 10, 'YO', 19, '2017-02-19 23:20:07', '0000-00-00 00:00:00', 0),
(22, 7, 'YO', 20, '2017-02-19 23:20:14', '0000-00-00 00:00:00', 0),
(23, 7, 'YO', 21, '2017-02-19 23:20:20', '0000-00-00 00:00:00', 0),
(24, 7, 'YO', 22, '2017-02-19 23:20:34', '0000-00-00 00:00:00', 0),
(25, 7, 'YO', 23, '2017-02-19 23:20:41', '0000-00-00 00:00:00', 0),
(26, 7, 'YO', 24, '2017-02-19 23:20:48', '0000-00-00 00:00:00', 0),
(27, 7, 'YO', 25, '2017-02-19 23:21:15', '0000-00-00 00:00:00', 0),
(28, 7, 'YO', 26, '2017-02-19 23:21:21', '0000-00-00 00:00:00', 0),
(29, 7, 'YO', 27, '2017-02-19 23:21:27', '0000-00-00 00:00:00', 0),
(30, 19, 'YO', 28, '2017-02-20 14:39:11', '0000-00-00 00:00:00', 0),
(31, 19, 'YO', 29, '2017-02-20 14:40:34', '0000-00-00 00:00:00', 0),
(32, 19, 'YO', 30, '2017-02-20 14:41:45', '0000-00-00 00:00:00', 0),
(33, 19, 'YO', 31, '2017-02-20 14:41:51', '0000-00-00 00:00:00', 0),
(34, 18, 'YO', 32, '2017-02-20 19:52:00', '0000-00-00 00:00:00', 0),
(35, 18, 'YO', 33, '2017-02-20 19:55:16', '0000-00-00 00:00:00', 0),
(36, 18, 'YO', 34, '2017-02-20 19:59:58', '0000-00-00 00:00:00', 0),
(37, 8, 'YO', 35, '2017-02-22 10:54:51', '0000-00-00 00:00:00', 0),
(38, 8, 'YO', 36, '2017-02-22 10:54:56', '0000-00-00 00:00:00', 0),
(39, 8, 'YO', 37, '2017-02-22 10:55:16', '0000-00-00 00:00:00', 0),
(40, 8, 'YO', 38, '2017-02-22 10:55:29', '0000-00-00 00:00:00', 0),
(41, 8, 'YO', 39, '2017-02-22 10:55:58', '0000-00-00 00:00:00', 0),
(42, 8, 'YO', 40, '2017-02-22 10:56:02', '0000-00-00 00:00:00', 0),
(43, 8, 'YO', 41, '2017-02-22 10:57:46', '0000-00-00 00:00:00', 0),
(44, 8, 'YO', 42, '2017-02-22 10:57:59', '0000-00-00 00:00:00', 0),
(45, 7, 'YO', 43, '2017-02-22 10:58:17', '0000-00-00 00:00:00', 0),
(46, 7, 'YO', 44, '2017-02-22 10:58:37', '0000-00-00 00:00:00', 0),
(47, 7, 'YO', 45, '2017-02-22 10:58:55', '0000-00-00 00:00:00', 0),
(48, 7, 'YO', 46, '2017-02-22 10:59:00', '0000-00-00 00:00:00', 0),
(49, 18, 'YO', NULL, '2017-02-22 20:14:30', '0000-00-00 00:00:00', 0),
(50, 18, 'YO', 48, '2017-02-22 20:14:42', '0000-00-00 00:00:00', 0),
(51, 19, 'YO', 49, '2017-02-23 07:39:28', '0000-00-00 00:00:00', 0),
(52, 19, 'YO', 50, '2017-02-23 07:42:58', '0000-00-00 00:00:00', 0),
(53, 19, 'YO', 51, '2017-02-23 07:43:03', '0000-00-00 00:00:00', 0),
(54, 18, 'YO', 52, '2017-02-23 12:36:29', '0000-00-00 00:00:00', 0),
(55, 20, 'YO', NULL, '2017-02-23 18:39:48', '0000-00-00 00:00:00', 0),
(56, 20, 'YO', 54, '2017-02-23 18:40:00', '0000-00-00 00:00:00', 0),
(57, 20, 'YO', 55, '2017-02-23 18:49:21', '0000-00-00 00:00:00', 0),
(58, 20, 'YO', 56, '2017-02-23 18:50:34', '0000-00-00 00:00:00', 0),
(59, 22, 'YO', 57, '2017-02-25 15:04:44', '0000-00-00 00:00:00', 0),
(60, 23, 'YO', 58, '2017-02-25 15:45:27', '0000-00-00 00:00:00', 0),
(61, 23, 'YO', 59, '2017-02-25 15:45:32', '0000-00-00 00:00:00', 0),
(62, 23, 'YO', 60, '2017-02-25 19:39:53', '0000-00-00 00:00:00', 0),
(63, 23, 'YO', 61, '2017-02-25 19:53:11', '0000-00-00 00:00:00', 0),
(64, 23, 'YO', 62, '2017-02-25 19:53:17', '0000-00-00 00:00:00', 0),
(65, 23, 'YO', 63, '2017-02-25 20:12:05', '0000-00-00 00:00:00', 0),
(66, 23, 'YO', 64, '2017-02-25 20:12:12', '0000-00-00 00:00:00', 0),
(67, 19, 'YO', NULL, '2017-02-27 13:38:51', '0000-00-00 00:00:00', 0),
(68, 19, 'YO', 66, '2017-02-27 13:39:03', '0000-00-00 00:00:00', 0),
(69, 19, 'YO', 67, '2017-02-27 13:39:59', '0000-00-00 00:00:00', 0),
(70, 19, 'YO', 68, '2017-02-27 13:40:53', '0000-00-00 00:00:00', 0),
(71, 7, 'YO', NULL, '2017-02-28 16:33:47', '0000-00-00 00:00:00', 0),
(72, 27, 'YO', NULL, '2017-02-28 17:54:51', '0000-00-00 00:00:00', 0),
(73, 26, 'YO', NULL, '2017-02-28 18:08:53', '0000-00-00 00:00:00', 0),
(74, 26, 'YO', NULL, '2017-02-28 18:11:03', '0000-00-00 00:00:00', 0),
(75, 26, 'YO', NULL, '2017-02-28 18:13:19', '0000-00-00 00:00:00', 0),
(76, 26, 'YO', NULL, '2017-02-28 18:15:35', '0000-00-00 00:00:00', 0),
(77, 26, 'YO', NULL, '2017-02-28 18:17:44', '0000-00-00 00:00:00', 0),
(78, 26, 'YO', NULL, '2017-02-28 18:19:54', '0000-00-00 00:00:00', 0),
(79, 26, 'YO', NULL, '2017-02-28 18:22:04', '0000-00-00 00:00:00', 0),
(80, 26, 'YO', NULL, '2017-02-28 18:24:18', '0000-00-00 00:00:00', 0),
(81, 26, 'YO', NULL, '2017-02-28 18:26:29', '0000-00-00 00:00:00', 0),
(82, 26, 'YO', NULL, '2017-02-28 18:28:43', '0000-00-00 00:00:00', 0),
(83, 26, 'YO', NULL, '2017-02-28 18:30:51', '0000-00-00 00:00:00', 0),
(84, 26, 'YO', NULL, '2017-03-01 18:24:29', '0000-00-00 00:00:00', 0),
(85, 26, 'YO', NULL, '2017-03-01 19:40:27', '0000-00-00 00:00:00', 0),
(86, 29, 'YO', 84, '2017-03-01 21:38:42', '0000-00-00 00:00:00', 0),
(87, 29, 'YO', 85, '2017-03-01 21:40:37', '0000-00-00 00:00:00', 0),
(88, 29, 'YO', 86, '2017-03-01 21:41:05', '0000-00-00 00:00:00', 0),
(89, 23, 'YO', 87, '2017-03-01 21:53:49', '0000-00-00 00:00:00', 0),
(90, 23, 'YO', 88, '2017-03-01 21:53:55', '0000-00-00 00:00:00', 0),
(91, 30, 'YO', 89, '2017-03-02 21:26:14', '0000-00-00 00:00:00', 0),
(92, 30, 'YO', 90, '2017-03-02 21:26:17', '0000-00-00 00:00:00', 0),
(93, 30, 'YO', 91, '2017-03-02 21:26:49', '0000-00-00 00:00:00', 0),
(94, 30, 'YO', 92, '2017-03-02 21:26:57', '0000-00-00 00:00:00', 0),
(95, 30, 'YO', 93, '2017-03-02 21:27:09', '0000-00-00 00:00:00', 0),
(96, 30, 'YO', 94, '2017-03-02 21:27:12', '0000-00-00 00:00:00', 0),
(97, 30, 'YO', 95, '2017-03-02 21:27:47', '0000-00-00 00:00:00', 0),
(98, 30, 'YO', 96, '2017-03-02 21:27:50', '0000-00-00 00:00:00', 0),
(99, 30, 'YO', 97, '2017-03-02 21:30:17', '0000-00-00 00:00:00', 0),
(100, 30, 'YO', 98, '2017-03-02 21:30:20', '0000-00-00 00:00:00', 0),
(101, 30, 'YO', 99, '2017-03-02 21:32:25', '0000-00-00 00:00:00', 0),
(102, 30, 'YO', 100, '2017-03-02 21:32:52', '0000-00-00 00:00:00', 0),
(103, 30, 'YO', 101, '2017-03-02 21:33:39', '0000-00-00 00:00:00', 0),
(104, 30, 'YO', 102, '2017-03-02 21:33:44', '0000-00-00 00:00:00', 0),
(105, 30, 'YO', 103, '2017-03-03 11:29:17', '0000-00-00 00:00:00', 0),
(106, 30, 'YO', 104, '2017-03-03 11:29:24', '0000-00-00 00:00:00', 0),
(107, 30, 'YO', 105, '2017-03-03 11:29:29', '0000-00-00 00:00:00', 0),
(108, 32, 'YO', 106, '2017-03-03 13:49:16', '2018-03-03 10:03:35', 1),
(109, 31, 'YO', 107, '2017-03-03 18:23:40', '0000-00-00 00:00:00', 0),
(110, 33, 'YO', 108, '2017-03-03 19:03:55', '0000-00-00 00:00:00', 0),
(111, 33, 'YO', 109, '2017-03-03 19:04:00', '0000-00-00 00:00:00', 0),
(112, 33, 'YO', 110, '2017-03-03 19:04:06', '0000-00-00 00:00:00', 0),
(113, 26, 'YO', 111, '2017-03-06 20:11:00', '0000-00-00 00:00:00', 0),
(114, 35, 'YO', 112, '2017-03-09 17:07:45', '0000-00-00 00:00:00', 0),
(115, 35, 'YO', 113, '2017-03-09 17:07:48', '0000-00-00 00:00:00', 0),
(116, 31, 'YO', 114, '2017-03-10 08:21:23', '0000-00-00 00:00:00', 0),
(117, 31, 'YO', 115, '2017-03-10 08:23:23', '0000-00-00 00:00:00', 0),
(118, 33, 'YO', 116, '2017-03-10 17:33:56', '0000-00-00 00:00:00', 0),
(119, 40, 'YO', 117, '2017-03-16 14:43:54', '0000-00-00 00:00:00', 0),
(120, 40, 'YO', 118, '2017-03-16 14:44:05', '0000-00-00 00:00:00', 0),
(121, 41, 'YO', 119, '2017-03-25 16:29:23', '0000-00-00 00:00:00', 0),
(122, 41, 'YO', 120, '2017-03-25 16:29:36', '0000-00-00 00:00:00', 0),
(123, 44, 'YO', 121, '2017-03-29 13:04:16', '0000-00-00 00:00:00', 0),
(124, 44, 'YO', 122, '2017-03-29 13:04:19', '0000-00-00 00:00:00', 0),
(125, 44, 'YO', 123, '2017-03-29 13:06:43', '0000-00-00 00:00:00', 0),
(126, 44, 'YO', 124, '2017-03-29 13:06:46', '0000-00-00 00:00:00', 0),
(127, 44, 'YO', 125, '2017-03-29 13:07:13', '0000-00-00 00:00:00', 0),
(128, 44, 'YO', 126, '2017-03-29 13:07:23', '0000-00-00 00:00:00', 0),
(129, 44, 'YO', 127, '2017-03-29 13:08:12', '0000-00-00 00:00:00', 0),
(130, 44, 'YO', 128, '2017-03-29 13:08:18', '0000-00-00 00:00:00', 0),
(131, 38, 'YO', 129, '2017-04-03 13:18:24', '0000-00-00 00:00:00', 0),
(132, 38, 'YO', 130, '2017-04-03 13:19:16', '0000-00-00 00:00:00', 0),
(133, 38, 'YO', 131, '2017-04-03 13:19:54', '0000-00-00 00:00:00', 0),
(134, 41, 'YO', 132, '2017-04-03 17:22:14', '0000-00-00 00:00:00', 0),
(135, 41, 'YO', 133, '2017-04-04 07:33:02', '0000-00-00 00:00:00', 0),
(136, 45, 'YO', 134, '2017-04-04 07:44:35', '0000-00-00 00:00:00', 0),
(137, 46, 'YO', 135, '2017-04-04 11:58:32', '0000-00-00 00:00:00', 0),
(138, 41, 'YO', NULL, '2017-04-05 08:04:27', '0000-00-00 00:00:00', 0),
(139, 41, 'YO', 137, '2017-04-05 08:04:37', '0000-00-00 00:00:00', 0),
(140, 41, 'YO', 138, '2017-04-05 08:05:38', '0000-00-00 00:00:00', 0),
(141, 38, 'YO', 139, '2017-04-05 14:29:14', '0000-00-00 00:00:00', 0),
(142, 38, 'YO', NULL, '2017-04-05 14:30:01', '0000-00-00 00:00:00', 0),
(143, 38, 'YO', 141, '2017-04-05 14:30:11', '0000-00-00 00:00:00', 0),
(144, 38, 'YO', NULL, '2017-04-05 21:47:11', '0000-00-00 00:00:00', 0),
(145, 38, 'YO', 143, '2017-04-05 21:47:33', '0000-00-00 00:00:00', 0),
(146, 38, 'YO', 144, '2017-04-06 07:26:13', '0000-00-00 00:00:00', 0),
(147, 46, 'YO', 145, '2017-04-06 09:46:50', '0000-00-00 00:00:00', 0),
(148, 41, 'YO', 146, '2017-04-06 15:07:21', '0000-00-00 00:00:00', 0),
(149, 41, 'YO', 147, '2017-04-06 15:12:14', '0000-00-00 00:00:00', 0),
(150, 33, 'YO', NULL, '2017-04-06 16:26:24', '0000-00-00 00:00:00', 0),
(151, 33, 'YO', NULL, '2017-04-06 16:26:28', '0000-00-00 00:00:00', 0),
(152, 33, 'YO', 150, '2017-04-06 16:26:38', '0000-00-00 00:00:00', 0),
(153, 33, 'YO', 151, '2017-04-06 16:26:44', '0000-00-00 00:00:00', 0),
(154, 41, 'YO', 152, '2017-04-08 19:33:58', '0000-00-00 00:00:00', 0),
(155, 41, 'YO', 153, '2017-04-10 13:59:34', '0000-00-00 00:00:00', 0),
(156, 41, 'YO', 154, '2017-04-10 14:15:19', '0000-00-00 00:00:00', 0),
(157, 41, 'YO', 155, '2017-04-10 14:19:21', '0000-00-00 00:00:00', 0),
(158, 38, 'YO', 156, '2017-04-10 14:19:26', '0000-00-00 00:00:00', 0),
(159, 38, 'YO', 157, '2017-04-10 14:27:06', '0000-00-00 00:00:00', 0),
(160, 26, 'YO', 158, '2017-04-10 20:08:19', '0000-00-00 00:00:00', 0),
(161, 26, 'YO', 159, '2017-04-10 20:09:02', '0000-00-00 00:00:00', 0),
(162, 26, 'YO', NULL, '2017-04-10 20:09:29', '0000-00-00 00:00:00', 0),
(163, 41, 'YO', 161, '2017-04-11 08:07:44', '0000-00-00 00:00:00', 0),
(164, 46, 'YO', 162, '2017-04-11 09:33:02', '0000-00-00 00:00:00', 0),
(165, 38, 'YO', 163, '2017-04-11 10:36:05', '0000-00-00 00:00:00', 0),
(166, 38, 'YO', 164, '2017-04-11 10:39:35', '0000-00-00 00:00:00', 0),
(167, 38, 'YO', 165, '2017-04-11 10:44:57', '0000-00-00 00:00:00', 0),
(168, 38, 'YO', 166, '2017-04-11 10:54:56', '0000-00-00 00:00:00', 0),
(169, 38, 'YO', 167, '2017-04-11 11:21:39', '0000-00-00 00:00:00', 0),
(170, 41, 'YO', 168, '2017-04-11 12:26:57', '0000-00-00 00:00:00', 0),
(171, 38, 'YO', 169, '2017-04-11 16:58:33', '0000-00-00 00:00:00', 0),
(172, 38, 'YO', 170, '2017-04-12 15:03:36', '0000-00-00 00:00:00', 0),
(173, 38, 'YO', 171, '2017-04-12 15:04:10', '0000-00-00 00:00:00', 0),
(174, 38, 'YO', 172, '2017-04-12 15:04:31', '0000-00-00 00:00:00', 0),
(175, 38, 'YO', 173, '2017-04-13 07:41:12', '0000-00-00 00:00:00', 0),
(176, 38, 'YO', 174, '2017-04-14 14:31:27', '0000-00-00 00:00:00', 0),
(177, 41, 'YO', 175, '2017-04-17 19:01:03', '0000-00-00 00:00:00', 0),
(178, 41, 'YO', 176, '2017-04-17 19:05:30', '0000-00-00 00:00:00', 0),
(179, 41, 'YO', 177, '2017-04-17 19:05:36', '0000-00-00 00:00:00', 0),
(180, 38, 'YO', 178, '2017-04-18 14:13:52', '0000-00-00 00:00:00', 0),
(181, 47, 'MM', 701383926, '2017-04-19 00:00:00', '2018-04-19 00:00:00', 1),
(182, 41, 'YO', 180, '2017-04-20 17:33:45', '0000-00-00 00:00:00', 0),
(183, 41, 'YO', 181, '2017-04-20 17:34:38', '0000-00-00 00:00:00', 0),
(184, 41, 'YO', 182, '2017-04-20 17:36:00', '0000-00-00 00:00:00', 0),
(185, 41, 'YO', 183, '2017-04-20 17:36:43', '0000-00-00 00:00:00', 0),
(186, 41, 'YO', 184, '2017-04-20 17:40:32', '0000-00-00 00:00:00', 0),
(187, 41, 'YO', 185, '2017-04-20 17:44:12', '0000-00-00 00:00:00', 0),
(188, 50, 'YO', 186, '2017-04-21 10:09:18', '2018-04-21 07:04:34', 1),
(189, 33, 'YO', 187, '2017-04-21 11:52:11', '2018-04-21 11:52:17', 0),
(190, 33, 'YO', 188, '2017-04-21 11:52:17', '2018-04-22 00:00:00', 1),
(191, 52, 'YO', 189, '2017-04-22 15:47:33', '0000-00-00 00:00:00', 0),
(192, 52, 'YO', 190, '2017-04-22 15:47:38', '0000-00-00 00:00:00', 0),
(193, 53, 'MM', 71, '2017-04-23 00:00:00', '2018-04-23 00:00:00', 1),
(194, 54, 'MM', 71, '2017-04-23 00:00:00', '2018-04-23 00:00:00', 1),
(195, 55, 'MM', 71, '2017-04-23 00:00:00', '2018-04-23 00:00:00', 1),
(196, 56, 'MM', 71, '2017-04-23 00:00:00', '2018-04-23 00:00:00', 1),
(197, 57, 'MM', 71, '2017-04-23 00:00:00', '2018-04-23 00:00:00', 1),
(198, 58, 'MM', 71, '2017-04-23 00:00:00', '2018-04-23 00:00:00', 1),
(199, 59, 'MM', 71, '2017-04-23 00:00:00', '2018-04-23 00:00:00', 1),
(200, 60, 'MM', 71, '2017-04-23 00:00:00', '2018-04-23 00:00:00', 1),
(201, 61, 'MM', 71, '2017-04-23 00:00:00', '2018-04-23 00:00:00', 1),
(202, 62, 'MM', 71, '2017-04-23 00:00:00', '2018-04-23 00:00:00', 1),
(203, 63, 'MM', 71, '2017-04-23 00:00:00', '2018-04-23 00:00:00', 1),
(204, 64, 'YO', NULL, '2017-04-30 14:14:37', '0000-00-00 00:00:00', 0),
(205, 64, 'YO', NULL, '2017-04-30 14:16:46', '0000-00-00 00:00:00', 0),
(206, 64, 'YO', NULL, '2017-04-30 14:26:36', '0000-00-00 00:00:00', 0),
(207, 64, 'YO', NULL, '2017-04-30 14:28:44', '0000-00-00 00:00:00', 0),
(208, 69, 'YO', 196, '2017-05-05 12:02:37', '2018-05-05 12:02:37', 1),
(209, 70, 'YO', 197, '2017-05-05 12:04:10', '2018-05-05 12:02:37', 1),
(210, 52, 'YO', 198, '2017-05-06 16:28:22', '0000-00-00 00:00:00', 0),
(211, 52, 'YO', 199, '2017-05-06 16:28:25', '0000-00-00 00:00:00', 0),
(212, 52, 'YO', 200, '2017-05-06 16:29:09', '0000-00-00 00:00:00', 0),
(213, 52, 'YO', 201, '2017-05-06 16:29:16', '0000-00-00 00:00:00', 0);

-- --------------------------------------------------------

--
-- Table structure for table `term`
--

CREATE TABLE `term` (
  `term_id` int(11) NOT NULL,
  `term_name` varchar(30) NOT NULL,
  `term_description` text NOT NULL
) ENGINE=InnoDB DEFAULT CHARSET=latin1;

--
-- Dumping data for table `term`
--

INSERT INTO `term` (`term_id`, `term_name`, `term_description`) VALUES
(1, 'Term 1', ''),
(2, 'Term 2', ''),
(3, 'Term 3', '');

-- --------------------------------------------------------

--
-- Table structure for table `themes_units`
--

CREATE TABLE `themes_units` (
  `theme_id` int(11) NOT NULL,
  `term` int(11) NOT NULL,
  `theme_name` varchar(100) NOT NULL,
  `tutor` int(11) NOT NULL,
  `details` text NOT NULL,
  `logo` varchar(100) NOT NULL,
  `status` tinyint(4) NOT NULL DEFAULT 1
) ENGINE=InnoDB DEFAULT CHARSET=latin1;

--
-- Dumping data for table `themes_units`
--

INSERT INTO `themes_units` (`theme_id`, `term`, `theme_name`, `tutor`, `details`, `logo`, `status`) VALUES
(3, 1, '2. Accidents and Safety', 76, 'We will learn all about accident such as examples, causes and ways of preventing them.', '../resources/images/default_unit.png', 0),
(4, 1, '2. Accidents and Safety', 76, 'We will learn all about accident such as examples, causes and ways of preventing them.', '../resources/images/default_unit.png', 0),
(5, 1, 'THEME I: THE HUMAN BODY AND HEALTH', 76, 'We will be learning about health and body.', '../resources/images/tbl0l9zasMpCxaA.jpg', 0),
(6, 1, 'THEME 2 : ACCIDENTS AND SAFETY AT HOME ', 76, 'We will be learning about all about accidents and safety', '../resources/images/tkaR5vGJYfNNoVX.png', 0),
(7, 1, 'Unit 1: Numeration System ', 74, 'Number skills are very valuable and they start here.', '../resources/images/Q2AKqVnJRjYVoHg.jpg', 1),
(8, 1, 'Unit 2:  Sets', 74, 'Instead of math with numbers, we will now think about math with \"things\"', '../resources/images/Cx5AT2KRNPKeLVM.jpg', 1),
(9, 1, 'Theme 3: Operation on numbers', 74, 'The most common operations are add, subtract, multiply and divide (+, , , ).', '../resources/images/GT8U2n4fldhBijO.png', 1),
(10, 1, 'Theme 4: Place Values ', 74, 'We write numbers using only ten symbols (called Digits). Where we place them is important.\r\n', '../resources/images/HgwPMKpPdH1m6fz.png', 1),
(11, 1, 'Theme 1: Our School', 77, 'We will be learning about vocabulary and structures about our school and a lot more.', '../resources/images/c1yhZC7LsO1t1em.png', 1),
(12, 1, 'Theme 2: Our Home', 77, 'Home is where we live and we will be learning more about it.', '../resources/images/UBHXXw9XNLTIPWx.jpg', 1),
(13, 1, 'Unit: Parts of Speech', 77, 'In English the main parts of speech are noun, pronoun, adjective, determiner, verb, adverb, preposition, conjunction, and interjection.', '../resources/images/YSIZhAjtqoG6fkh.jpg', 1),
(14, 1, 'Theme 1: Our School', 89, 'We will be learning about all that is done at school.', '../resources/images/s25ifOumwJ07QEC.png', 1),
(15, 1, 'Theme 2: Our Home', 89, 'What makes up a home? We will learn more about that.', '../resources/images/Axuy3OfOVkWqZKH.jpg', 1),
(16, 1, 'Theme 3: Our Community', 89, 'Do  you know what a community is? The lessons below will teach you more.', '../resources/images/Zs042NYjDBB351D.jpeg', 1),
(17, 1, 'Genie test', 77, 'ttttttt', '../resources/images/default_unit.png', 0),
(18, 1, 'Theme 1: Our School', 90, 'We will be learning about how to read and write words and sentences about our school. ', '../resources/images/r9wmlmoTRrQvM2F.png', 1),
(19, 1, 'Theme 2: Our Home', 90, 'Can you write a composition about our home? This and more lessons below.', '../resources/images/KVpwESoAbMZrz6F.jpg', 1),
(20, 1, 'Theme 3: Our Community.', 90, 'Are you excited about reading and writing about our community?', '../resources/images/vuR8raWp7zTO6Ui.jpeg', 1),
(21, 2, 'Theme 1 : Accidents and Safety at Home', 76, 'Have you ever got an accident? May be you would have prevented  it. ', '../resources/images/BcHy7bzcFKn9gMz.jpg', 1),
(22, 1, 'test theme', 77, 'This is an example of a unit... trying to find errors..This is an example of a unit... trying to find errors', '../resources/images/default_unit.png', 0),
(23, 2, 'Theme 2: Food and Nutrition', 76, 'Do you know where food comes from? We will learn this and more.', '../resources/images/IyCINK5gmwHJt2k.jpg', 1),
(24, 1, 'this is a testthis is a testthis is a testthis is a testthis is a testthis is a testthis', 77, 'this is a testthis is a testthis is a testthis is a testthis is a testthis is a testthis is a testthis is a testthis is a testthis is a testthis is a testthis is a testthis is a testthis is a ', '../resources/images/default_unit.png', 0),
(25, 3, 'Numeration system ', 76, 'learning about', '../resources/images/JHvTHH7WqY6daUi.jpg', 0),
(26, 3, 'Theme 1: Our Environment', 76, 'Sometimes it is cold or hot. ', '../resources/images/gl5uYQ6OKAKpI8F.jpg', 1),
(27, 2, 'Theme 1: Weather', 28, 'Sometimes it is cold or hot. ', '../resources/images/YQ4iWSKDYRVEzPJ.png', 1),
(28, 1, 'Sample Unit slkdlkdlsdklsdklskjkajksdjakdjkadjkadj', 77, 'dfdfdfdfdfkilasklklsdjaksdja;lkdaldkadkaldakdkadlakldakdlakdlakdlakldkaldkaldkald', '../resources/images/default_unit.png', 0),
(29, 1, 'Theme 2:  Food and Nutrition', 91, 'We will be learning about food and the nutrients.', '../resources/images/mYbbHMujbmS1dqS.jpg', 1),
(30, 2, 'Theme 1: Weather', 77, 'Writing about weather is fun.', '../resources/images/f3zGN7jlDglVIIQ.png', 1),
(31, 2, 'Theme 2: Living Together', 77, 'We will be learning new vocabulary, structures and comprehension about living together.', '../resources/images/GdzYhcd3AA5SjJV.jpg', 1),
(32, 2, 'Unit: Parts of Speech', 77, 'We will be learning about nouns, pronouns, verbs, adverbs, adjectives, prepositions, conjunctions, and more', '../resources/images/5l4u9v0bFZvkkuI.jpg', 1),
(33, 2, 'Theme 3: Accidents and Safety', 77, 'We we learn all vocabulary and structures related to accidents and safety.', '../resources/images/mcPvp9CvhSBVCWF.jpg', 1),
(34, 3, 'Theme 1: Transport', 77, 'Every day we use a means of transport. We will be learning more about that.', '../resources/images/aTMd2aojgUWUwgR.jpg', 1),
(35, 3, 'Theme 2: Things We Make', 77, 'Have you made crafts before? We will be learning about the these and more.', '../resources/images/Q4qdjwwCMPVjumf.jpg', 1),
(36, 3, 'Theme 4: Peace and Security', 77, 'Peace and Security are very important. We will be learning all the new words and themes about this theme', '../resources/images/qczAjWfln5ZsPNo.png', 1),
(37, 3, 'Unit: Parts of Speech', 77, 'Will be learning more about English usage.', '../resources/images/r64zIvtWvpqo447.png', 1),
(38, 3, 'Theme1 : Our Transport', 77, 'We will be learning more about  transport. Please scroll  down to the lessons.', '../resources/images/4rLYWcJKQCUicqU.jpg', 1),
(39, 3, 'Theme 2: Things We Makes', 89, 'We will be learning about how to make things using the available materials.', '../resources/images/6ymKnZZHqLrHYxu.jpg', 0),
(40, 3, 'Theme 3: Peace and Security', 89, 'We all need peace and security. How can we promote them. We will learn this and more.', '../resources/images/pl0sqk6Og1YtgdF.png', 1),
(41, 2, 'Unit 1:Geometry', 74, 'We love shapes! We love to learn about Geometry.', '../resources/images/gt4NVQvsVYvKyUO.jpg', 1),
(42, 3, 'jnjnjnn', 74, 'lkoomlkm', '../resources/images/U3bU2M4IS2gHZ71.jpg', 0),
(43, 2, 'Unit 1: Geometry', 74, 'Learning about Geometry is fun.', '../resources/images/PJOpsD55nWrVfsw.png', 0),
(44, 2, 'Unit 2: Length', 74, 'Learning to measure length is a great skill. We will learn more about that.', '../resources/images/lcrb9z7G5rT50Tr.jpg', 1),
(45, 2, '3.Numeration system ', 74, 'We are continuing  to learn more about number.', '../resources/images/RN84Y2dCQ9gePMr.jpg', 1),
(46, 2, 'Unit 3: Fraction', 74, 'Do you know the difference between a fraction and a whole?  We will learn more  about that.', '../resources/images/k96zCy4IWPhSFo9.jpg', 1),
(47, 2, 'UNIT 5: Measures', 74, 'Learning how to measure is a skill every learner requires. We will be learning more about measurement', '../resources/images/jjPaCIda0wekf1P.png', 1),
(48, 2, 'Unit 6: Graphs', 74, 'We learn how to graphical display data using bars of different heights. ', '../resources/images/ydmFux9UTgUVaFL.jpg', 1),
(49, 2, 'Unit 7: Using Numberline', 74, 'Writing numbers down on a Number Line makes it easy to tell\r\nwhich numbers are bigger or smaller.', '', 1),
(50, 3, 'Unit 7: Number Families', 74, 'The learner appreciates and understands number families and number quantities,', '../resources/images/kQjrx9WMTM19HTq.png', 1),
(51, 3, 'Unit 2: Addition with re-grouping ', 74, 'You have previously learnt addition. We will be learning about regrouping.', '../resources/images/3CFlLYtXwEgF3pg.jpg', 1),
(52, 3, 'Unit 3: Money ', 74, 'We use money each day. We will be learning more about the money.', '../resources/images/LL7AqF6GjufAfdV.jpg', 1),
(53, 3, 'Unit 5:  Mathematical statements ', 74, 'Learning how to read and understand Mathematics problems is important. We will be learning about it.', '../resources/images/8ktfcpZFHz28FCr.png', 1),
(54, 1, 'Theme 1: The Human body and Health', 91, 'We will be learning about the human body and how to remain healthy', '../resources/images/tAHFR1aMV3ptvui.jpg', 1),
(55, 1, 'Theme 2:  Food and Nutrition', 91, 'We will be learning about food and the nutrients.', '', 0),
(56, 2, 'Theme 1: Our Environment', 91, 'We will learn from more about the environment and its components.', '', 1),
(57, 2, 'Them 2: Accidents and Safety.', 91, 'Accidents are dangerous but can be prevented. We will study more about that.', '../resources/images/uqdUdOpnoWuJFs6.png', 1),
(58, 3, 'Theme 1: Measurement', 91, 'Learning to Measure is a great skill in Science. We will be learning more in this theme.', '../resources/images/KEIaU7mdtppS5uX.png', 1),
(59, 1, 'Theme 1: Our School', 28, 'We will continue to learn about our school.', '../resources/images/myR8O67FnFYoUMd.jpg', 0),
(60, 2, 'Theme 1: Weather', 77, 'Writing about weather is fun.', '../resources/images/INHhg19se7hNL30.jpg', 1),
(61, 1, 'Theme 2:  Food and Nutrition', 28, 'We will be learning about food and the nutrients.', '../resources/images/default_unit.png', 0),
(62, 1, 'test 3', 22, 'This is test 3', '../resources/images/default_unit.png', 0),
(63, 1, 'Test 4 edited', 77, 'This is test edited', '../resources/images/default_unit.png', 0),
(64, 1, 'Test 5', 77, 'This is test 5', '../resources/images/default_unit.png', 0),
(65, 1, 'Theme 3: Our Community', 89, 'We will learn about the people we stay  with.', '../resources/images/yEaqIxB0eMj8YFG.jpg', 1),
(66, 1, 'Test 6', 84, 'This is test 6', '../resources/images/default_unit.png', 0),
(67, 2, 'Test 7', 89, 'This is test 7', '../resources/images/default_unit.png', 0),
(68, 2, 'Theme 1: Weather', 28, 'Weather changes often. Do you know why? Read more', '../resources/images/p8VmeSxGansQtHq.png', 0),
(69, 1, 'Theme 1: Our School and Neighbourhood', 28, 'We will be learning about our school and neighbourhood.', '../resources/images/N0VCgyQauZN4pDI.png', 0),
(70, 1, 'Theme 2: Our Home and Community', 28, 'Do you know our home is found in  community?Scroll to learn more.', '../resources/images/1ECNiPrVQBmhWIS.jpg', 0),
(71, 1, 'Check', 28, 'hjh', '../resources/images/default_unit.png', 0),
(72, 1, 'Test \"me\"', 77, '\"yysysy\"', '../resources/images/default_unit.png', 0),
(73, 2, 'Theme: 2 Things We Make', 28, 'Have you made crafts before? We will be learning more about things we make.', '../resources/images/orGWco44GMwJW6s.jpg', 1),
(74, 2, 'Theme 2: Transport in our community', 28, 'We use means of transport regularly and we will be learning more about this.', '../resources/images/U6mZprjQQzhGiPh.jpg', 1),
(75, 1, 'hyhhh\'d', 77, 'yyyy', '../resources/images/default_unit.png', 0),
(76, 1, 'test\'s here', 77, 'this is testing', '../resources/images/default_unit.png', 0),
(77, 3, 'Theme 1: Peace and Security', 28, 'We need peace and security in our community. How can we remain peaceful?', '../resources/images/20iPV6dHJbCQPVR.png', 1),
(78, 3, 'Theme 2: Child Protection', 76, 'Child protection is very important? Do you know how children are abused? We will learn more.', '../resources/images/baNk6SXhLqhmwPF.jpg', 0),
(79, 3, 'Theme 2: Recreation, Festivals and Holidays', 28, 'We enjoy festivals and celebrations. We will learn more about this.', '../resources/images/6Ak0Css6Y4P9uJX.jpg', 1),
(80, 1, 'Theme 1: Our School and Neighbourhood', 22, 'We will be learning about new vocabulary, structures and comprehension about our school and neighbourhood.', '../resources/images/RMDbTc1P4wgew1H.jpg', 1),
(81, 1, 'Theme 2: Our Home and Community', 22, 'More vocabulary, structures and comprehension on our home and community.', '../resources/images/3DiwMHF8U1SanbL.png', 1),
(82, 1, 'Theme 3: The Human Body and Health', 22, 'We will be learning more about the Human body and Health.', '../resources/images/3uiyBQbXzuWqIEs.png', 1),
(83, 2, 'Theme 2:  Food and Nutrition', 41, 'this is what we will be learning', '../resources/images/ivVBv1eKJvlo9JO.jpg', 1),
(84, 2, 'Theme 1: Our Environment', 22, 'We will learn new vocabulary, structures and grammar about  environment.', '../resources/images/dbCVA15IMy7DxSt.jpg', 1),
(85, 2, 'Theme: 2 Things We Make', 22, 'We will learn more about the things we make.', '../resources/images/ioz46NrAUOE7gRK.jpg', 1),
(86, 2, 'Theme 3: Transport', 22, 'Can you spell words related to transport. We will learn more.', '../resources/images/9mGRjQ16nxs9M6u.jpg', 1),
(87, 3, 'Theme 1: Peace and Security', 22, 'We will learn new vocabulary about peace and security.', '../resources/images/YY7iLp9orDq1g4z.png', 1),
(88, 3, 'Unit 1: Parts of Speech', 22, 'We learn more about the use of English Langauage', '../resources/images/Ucso4Yt7J8Bq2Xr.jpg', 1),
(89, 3, 'Unit 2: Structures', 22, 'Structures are a great component of English language. We will learn more about that.', '../resources/images/ZXVrcKNMl4wtYeM.jpg', 1),
(90, 1, 'Unit 1; Sets', 7, 'We will be learning about sets and more.', '../resources/images/it2k0WxLPoRW9JT.jpg', 1),
(91, 1, 'Unit 2: Numeration system and Place values', 7, 'Knowledge on the Numeration system and place values is vital in Mathematcs. We will learn more.', '../resources/images/F2aKKAzIJ5gJDlU.jpg', 1),
(92, 1, 'Unit 3: Operation on numbers', 7, 'We will be learning more about addition and regrouping.', '../resources/images/Hvl6sWvTbJT3lld.png', 1),
(93, 1, 'Unit 3: Operation on numbers', 7, 'We will be learning more about operations in mathematics', '../resources/images/SZpAvQp6K1Qyhju.jpg', 0),
(94, 1, 'Unit 4: Number Sequence', 74, 'Sequencing numbers is a great mathematics skill. We will be learning more about that.', '../resources/images/TA2ODVfC1s2xfWB.jpg', 1),
(95, 1, 'Unit 4; Geometry', 7, 'We will be learning about shapes and their properties. If you like playing with objects, or like drawing, then geometry is for you!', '../resources/images/ZiTdti3FF8qO8MA.jpg', 1),
(96, 2, 'Unit 1: Capacity', 7, 'Learning measurement is vital in Mathematics. We will be exploring Capacity.', '../resources/images/20Au7kfBlXTnq2e.jpg', 1),
(97, 2, 'Unit 2: Operation on numbers', 7, 'Addition with regrouping is vital in Mathematics. We will learn this and more.', '../resources/images/cfGM3yhAM48aCqP.jpg', 1),
(98, 2, 'Unit 3: Fraction', 7, 'A fraction is a part of a whole.', '../resources/images/Juw3gzDE6uSIXSW.jpg', 1),
(99, 2, 'Unit 4: Algebra', 7, 'Algebra is great fun - you get to solve equations!', '../resources/images/4xQsagyV6UdEjGu.jpg', 1),
(100, 2, 'Unit 5: Measurements', 7, 'We will be learning more about measurement. (Length, Weight)', '../resources/images/8NgrFoakBXPjjOX.png', 1),
(101, 3, 'Unit 1: Measures', 7, 'Measurement is finding a number that shows the size or amount of something.', '../resources/images/WpeQmK5b1dZWgAV.png', 1),
(102, 3, 'Unit 2: Money', 7, 'We use money every day. We will be learning more about them.', '../resources/images/4fGoWQIDtukicl5.jpg', 1),
(103, 3, 'Unit 3: Algebra', 7, 'Algebra is great fun - you get to solve equations.', '../resources/images/wtYFubyl4xMOpdw.jpg', 1),
(104, 1, 'Theme 1: Our School and Neighbourhood', 42, 'We will be learning more about our school and the surrounding places.', '../resources/images/P7Oa8ncN6ZGFUEK.jpg', 1),
(105, 1, 'Theme 2: Our Home and Community', 42, 'We will learn how to read and write about our home and our community.', '../resources/images/Qi2xt6IbsN30Jiw.jpg', 1),
(106, 1, 'Theme 2: Human body and health', 42, 'You have learnt about the human body. Can you write a composition about your body? We will learn more.', '../resources/images/kFgyxP37iGUgDET.png', 1),
(107, 1, 'Theme 4: Food and Nutrition', 42, 'We eat food. We love food. We will learn more about  food.', '../resources/images/1xLWsG55Ff4bj2u.jpg', 1),
(108, 2, 'Theme 1: Our Environment', 42, 'We will be learning new sounds and comprehension about our environment.', '../resources/images/6UkQSKkVxMbbT4d.jpg', 1),
(109, 1, 'Theme 2:  Our School and Neighbourhood', 42, 'We will be reading and writing more about our school and neighbourhood.', '../resources/images/9WGlTyWwv078zg6.jpg', 1),
(110, 1, 'Theme 2:  Our Home and Community', 42, 'We will be learning more about our home and community.', '../resources/images/GRTQgzWZY3UNjmT.jpg', 1),
(111, 1, 'Theme 3:Human body and health', 42, 'We will be learning new words and new writing techniques about the human body and health.', '../resources/images/pMnup5xpV5Fq3Yv.png', 1),
(112, 1, 'Theme 4: Food and nutrition', 42, 'We will focus on writing sentences and  comprehension about food and nutrition.', '../resources/images/v6ewxzqsxOXG2on.jpg', 1),
(113, 2, 'Theme 1:  Our Environment', 42, 'Have you written a story about environment? We will learn more about this.', '../resources/images/2aP7g5tMSzUbhBT.jpg', 1),
(114, 2, 'Theme 2: Things we make', 42, 'Can you write and spell all crafts you have made before? We will learn more about this.', '../resources/images/6aTtmvoTzmjJtpZ.jpg', 1),
(115, 2, 'Theme 3: Transport in our community', 42, 'We all use means of transport. We will be learning more about that.', '../resources/images/jPXEKv0yzyxeXQZ.jpg', 1),
(116, 2, 'Theme 4: Accidents and Safety', 42, 'We will be learning more about accidents  and how to prevent them.', '../resources/images/89vkRPHqubusnZp.png', 1),
(117, 3, 'Theme 1: Peace and Security', 42, 'We all need peace and security. We will be reading and doing compositions about the topic.', '../resources/images/gTVfVt73fq9GuUh.png', 1),
(118, 3, 'Theme 2: Child Protection', 42, 'All children need protection. Get lessons below.', '../resources/images/W8yCLjHV3NwhfLR.jpg', 1),
(119, 3, 'Theme 3: Measures', 42, 'Take  the lessons below and learn more about Measures.', '../resources/images/8HyM0A5HUaVfINK.png', 1),
(120, 3, 'Theme 4: Recreation, Festivals and Holidays', 42, 'We love holidays and we will reading and writing more about them.', '../resources/images/JRAxnn5VADE9Sn4.jpg', 1),
(121, 1, 'Theme 1: Our Sub-county/Division', 29, 'Do you know much about your sub-county/Division? We will learning more in the next lessons.', '../resources/images/Afxspdo4VHTnLH1.jpg', 1),
(122, 1, 'Theme 2: Livelihood in our Sub-county/Division', 29, 'The child applies acquired skills and appreciates the benefits of participating in different activities.', '../resources/images/tgL1l7A5CoahoHQ.png', 1),
(123, 2, 'Theme 1: Managing Recources in our Subcounty', 29, 'The child understands and demonstrates proper management of resources.', '../resources/images/bkw3EVa09cd0SNC.jpg', 1),
(124, 2, 'Theme 2: Keeping Peace in Our Sub-county/Division', 29, 'The child understands and participates in different ways of living harmoniously with others.', '../resources/images/NNhXxXixvzk6YoN.jpg', 1),
(125, 3, 'Theme 1: Culture and Gender in Our Sub-county / Division', 29, 'The child understands and appreciates different cultures and demonstrates an awareness of gender issues that  promote harmonious living.', '../resources/images/xfPRxloiJbCXJ5r.jpg', 1),
(126, 3, 'Theme 2: Basic Technology in Our Sub-county / Division', 29, 'The child applies scientific knowledge and skills in processing and making materials for self-reliance.', '../resources/images/XPqboemsvVuGlli.jpg', 1),
(127, 1, 'Theme 1: Our Environment in Our Sub-county/Division', 93, 'The child appreciates environmental changes and applies the acquired knowledge and skills to manage the environment.', '../resources/images/1L5CKvClDwQmfYw.jpg', 1),
(128, 1, 'Them 2: Environment and Weather in our Sub-county / Division', 93, 'The appreciates and conserves the environment.', '../resources/images/HCNPGnuvoVAIxF7.jpg', 1),
(129, 2, 'Theme 1: Living Things: Animals in Our Sub-county / Division', 91, 'The child acquires, appreciates and applies basic scientific knowledge about living things in day - to - day life.', '../resources/images/Y3wjFWPFQmQCpGs.jpg', 1),
(130, 2, 'Theme 2: Living Things in Our Sub-county / Division', 93, 'The child appreciates the uses of different plants and participates in crop  production of self reliance.', '../resources/images/sXPhNRjv6aGyaW8.jpg', 1),
(131, 3, 'Theme 1: Health in Our Sub-county/ Division', 93, 'The child demonstrates  knowledge and skills of preventing common diseases and controlling them for a healthy life.', '../resources/images/u6LiUrbCkOIj87D.jpg', 1),
(132, 3, 'Theme 2: Energy  in our Sub-county / Division', 93, 'The child appreciates the existence of energy and demonstrates knowledge and skills of using and preserving it.', '../resources/images/8SJQzOglAbCKkDc.jpg', 1),
(133, 1, 'Theme 1: Our Sub-county/Division', 23, 'The child understands different ways of locating places and appreciates the various social groups in the sub-county / Division.', '../resources/images/eU6BdRS6zBEYqM7.jpg', 1),
(134, 1, 'Theme 2: Livelihood in our Sub-County/ Division', 23, 'The child applies acquired skills and appreciates the benefits of participating in different activities.', '../resources/images/FX32KXBzORsGkg9.jpg', 1),
(135, 1, 'Theme 3: Environment in our Sub-County/ Division', 23, 'The child appreciates environmental changes and applies the acquired knowledge and skills to manage the environment.', '../resources/images/yzWnPfU2PlpFAaH.jpg', 1),
(136, 2, 'Theme 1: Living Things', 23, 'The child acquires, appreciates and applies basic scientific knowledge about living things in day- to- day life.', '../resources/images/uELWX4xmSSgGHDJ.jpg', 1),
(137, 2, 'Theme 2: Keeping Peace an Security in the Sub-county / Division', 23, 'The  child understands and  participates in different ways of living harmoniously with others.', '../resources/images/IthCN3dmvmBB4HV.png', 1),
(138, 3, 'Theme 1: Culture and gender in our Division/ Sub-county.', 23, 'The child understands and appreciates different cultures and demonstrates an awareness of gender issues that promote harmonious living.', '../resources/images/tIGqv9DmxMoJP85.jpg', 1),
(139, 3, 'Theme 2: Health in our Sub-county/ Division', 8, 'The child demonstrates knowledge and skills of preventing common diseases and controlling them for a  healthy life.', '../resources/images/m3GWwMRIne0lvtq.jpg', 1),
(140, 3, 'Theme3: Basic Technology in our Sub-county', 23, 'The child applies basic scientific knowledge and skills in processing and making materials for self- reliance.', '../resources/images/II7S9OY3SKO5QgR.jpg', 1),
(141, 3, 'Theme 3: Energy in our Sub-county/ Division', 23, 'The child appreciates the existence of energy and demonstrates knowledge and skills  and preserving it.', '../resources/images/gVmrz2ghgv6sNbW.jpg', 1),
(142, 1, 'Unit 1: Sets', 8, 'Instead of math with numbers, we will now think about math with &quot;things&quot;', '../resources/images/bDDbeAiZdA05iYq.jpg', 1),
(143, 1, 'Theme 2: Numeration system and place values', 8, 'We will continue to learn more about number skills and place values.', '../resources/images/9cO9NjTITvyhadr.jpg', 1),
(144, 1, 'Theme 3: Operation of numbers', 8, 'The most common operations are add, subtract, multiply and divide (+, , , ). If it isn\'t a number it is probably an operation. We will be using more of these.', '../resources/images/MLMgXwJNuCL9qgJ.jpg', 1),
(145, 2, 'Unit 1: Geometry', 8, 'We will learn more about  shapes and their properties.', '../resources/images/BhTD0F6X5I8EW9O.jpg', 0),
(146, 2, 'Unit 2: Length', 8, 'We will be finding a number that shows the lenght of something', '../resources/images/ThoTTyGQTGFtm7T.png', 0),
(147, 2, 'Unit 1: 1.  Number patterns and sequence', 8, 'We will be learning more about number patterns and sequence', '../resources/images/PvzQK0vcy3BTufd.png', 1),
(148, 2, 'Unit 2: Fractions', 8, 'We use fractions in our daily life. We will learn more about them.', '../resources/images/jpr2ecfsEqFkXvF.jpg', 1),
(149, 2, 'Unit 3: Graphs', 8, 'Knowledge on  graphs helps us to interpret and compare data.', '../resources/images/P8P3JllRuDkdfvB.jpg', 1),
(150, 3, 'Unit 1: Geometry', 8, 'We  will be learning more about shapes and their properties.', '../resources/images/6idS67MtZbVlQ6C.jpg', 1),
(151, 3, 'Unit 2:  Measures', 8, 'Measuring skills are vital. We will be learning about different ways of measuring.', '../resources/images/vaB8RuMlHmCDDRE.jpg', 1),
(152, 1, 'Theme 1: The World of Living Things', 15, 'The learner surveys, identifies and distinguishes the attributes of plants in the environment.', '../resources/images/EDvJHIIEdycK4vz.jpg', 1),
(153, 1, 'Theme 2: World of Living Things', 15, 'The learner demonstrates skills in growing crops for increased output.', '../resources/images/uQETfOYQqqTQHX1.jpg', 0),
(154, 1, 'Theme 2: Our Environment', 14, 'The learner makes and interprets weather records accurately.', '../resources/images/gsMw3d626vBUpTF.jpg', 1),
(155, 1, 'Theme 4: Human Health', 14, 'The learner appreciates the importance of keeping clean', '../resources/images/Q6JssiAQIRKOWKE.jpg', 0),
(156, 2, 'Theme 1:  Food and Nutrition', 15, 'The learner shows scientific knowledge and demonstrates skills of handling food safely.', '../resources/images/mIZihPqZlzcINLO.jpg', 1),
(157, 2, 'Theme 2: Human Body', 15, 'The learner appreciates the importance of the major organs of the human body.', '../resources/images/vnXD2caRPKYASsi.jpg', 1),
(158, 2, 'Theme 2: Human Body', 15, 'The learner identifies the characteristics and functions of different types of teeth.', '../resources/images/cAffB4YoEW94aYn.png', 0),
(159, 2, 'Theme 3: The Human Health', 15, 'The Learner understands the importance of proper sanitation and practices basic habitats to avoid germs and diseases.', '../resources/images/kGzF8dYkn3xAd0Q.jpg', 1),
(160, 3, 'Theme 1: Human Health', 15, 'The learner identifies and explains how intestinal diseases and worm infestations are spread and managed.', '../resources/images/xH8N5ixhu4btumP.png', 1),
(161, 3, 'Theme 2: Human Health', 15, 'The learner identifies, prevents and controls disease vectors for good health.', '../resources/images/YpPgEoKsiojSvxb.png', 1),
(162, 3, 'Theme 3: Human Health', 15, 'The learner identifies and manages common accidents and poisoning.', '../resources/images/default_unit.png', 1),
(163, 3, 'Theme 4: World of Living Things', 15, 'The learner understands and appreciates the contribution of rabbits in homes.', '../resources/images/apZpR8xBbxrUfQO.jpg', 1),
(164, 1, 'Theme 1: Living Together in Our District', 30, 'The learner demonstrates an understanding and use of map making and map reading skills to interpret information.', '../resources/images/u1U1NF0BFJj73AV.png', 1),
(165, 2, 'Theme 2: Living Together in Our District', 30, 'The learner understands and appreciates the value of vegetation for better living.', '../resources/images/oN2WbNxWm7e7qfZ.jpg', 1),
(166, 3, 'Theme 3: Living Together in Our District', 30, 'The learner identifies people who provide social services in  the district', '../resources/images/g9dvz5bB6j2p6Gj.jpg', 1),
(167, 1, 'Theme 1: Sets', 9, 'The learner demonstrates the knowledge of sets in solving problems in everyday life situations.', '../resources/images/X3Pjy2844szfqqr.png', 1),
(168, 1, 'Theme 2: Numeracy', 9, 'The learner appreciates the need of counting in everyday life and works with whole number to 99,999.', '../resources/images/eVJLGrG9pacmDY7.png', 1),
(169, 2, 'Theme 1: Numeracy', 9, 'The learner demonstrates the concepts of fractions and their relations in real life situations.', '../resources/images/XlYIzddfKlTMp99.jpg', 1),
(170, 2, 'Theme 3: Geometry', 9, 'The learner demonstrates knowledge of 2-dimensional figures and uses construction instruments in appropriate situations.', '../resources/images/KenfJpLpPpEPrqY.png', 1),
(171, 2, 'Theme 4: Interpretation of Graphs and Data', 9, 'The learner represents and interprets simple mathematics data in various forms.', '../resources/images/BzGPWUNFniwin7L.jpg', 1),
(172, 3, 'Theme 1: Measurement', 9, 'The learner recognizes, describes and uses money in buying and selling.', '../resources/images/P8Cb8QE8Ekx7ULq.jpg', 1),
(173, 3, 'Theme 6: Algebra', 9, 'The learner solves simple mathematical problems in the form of equations with no letters.', '../resources/images/DZ7uHDkdaGXGGvX.png', 1),
(174, 1, 'Theme 1: Describing People and Objects', 24, 'The learner will be able to describe people and objects orally as well as read and write short descriptive texts.', '../resources/images/hgzFG4m6dL6dGBD.jpg', 1),
(175, 1, 'Theme 2: Giving Directions', 24, 'The learner will use a range of grammatical structures and vocabulary accurately to express location and direct people to places both in oral and written forms.', '../resources/images/cQUlLEi5XiDmM72.jpg', 1),
(176, 1, 'Theme 3: What I like and How I feel', 24, 'Learners will accurately and fluently express their likes and feelings in English.', '../resources/images/PllhRIju8XIsJ75.jpg', 1),
(177, 2, 'Theme 1: Behaviour', 24, 'The learners will be able to exhibit good behaviour, express themselves accurately and fluently in oral and written forms.', '../resources/images/JfhGGVOF503jcjF.jpg', 1),
(178, 2, 'Theme 2: Shopping', 24, 'The learners will be able to use a wide range of basic grammatical structures and vocabulary in order to communicate effectively.', '../resources/images/HQ28QxNp8pU7gDH.png', 1),
(179, 2, 'Theme 3: Time', 24, 'Learners will be able to use appropriate vocabulary and structures to express themselves meaningfully in a wide range of situations.', '../resources/images/yNtBJBMUdzzLlu6.png', 1),
(180, 3, 'Theme 1: Expression of the Future', 24, 'Learners will be able to use a range of vocabulary and grammatical structures appropriately to express meaning related to future events.', '../resources/images/16B5dAFA4hXgsGF.jpg', 1),
(181, 3, 'Theme 2: Democracy', 24, 'Learners will be able to use appropriate language to express themselves accurately and fluently when expressing appreciation, making comments, noting main points and answering questions.', '../resources/images/xX2XGbsobwbtrEg.jpg', 1),
(182, 2, 'Theme 3: Food and Nutrition', 77, 'We will be learning vocabulary, structures and comprehension  about Food and Nutrition.', '../resources/images/A9REr9kRAQEQlVO.jpg', 1),
(183, 3, 'Theme 3: Environment', 77, 'Children will learn more about the environment and appreciate the components.', '../resources/images/PhmffjtIlI6V5an.jpg', 1),
(184, 1, 'Theme 4: Food and Nutrition', 22, 'We will be learning about food', '../resources/images/n8sd71RITqFK1yo.jpg', 1),
(185, 2, 'Theme 4: WEATHER', 89, 'THEME 4', '../resources/images/default_unit.png', 1),
(186, 1, 'Theme 1: Vehicle Repair and Maintenance', 25, 'The learner is able to use appropriate vocabulary related to vehicle repair and maintenance.', '../resources/images/f5o0zDjBXFgJ3jz.jpg', 1),
(187, 1, 'Theme 2: Print Media', 25, 'The learner is able  to use adequate vocabulary used in the print media and shows the desire to read and write articles in the print media.', '../resources/images/n5h4xv7X3iqjFgU.png', 1),
(188, 1, 'Theme 3: Travelling', 25, 'The learner is able to use a range of vocabulary and appropriate grammatical structures related to travelling.', '../resources/images/rXaDvxLtg6LOqLV.png', 1),
(189, 2, 'Theme 4: Letter Writing', 25, 'The learner is able to write a variety of personal letters such as seasonal greetings and invitations', '../resources/images/eR6iI96sjL5pxvG.jpg', 1),
(190, 2, 'Theme 5: Communication', 25, 'The learner is able to apply knowledge and skills acquired to communicate effectively using the post office, telephone and email.', '../resources/images/x2IFuFfigILMWQF.jpg', 1),
(191, 2, 'Theme 6: Culture', 25, 'The learner is able to develop knowledge on and be able to appreciate, different cultures.', '../resources/images/BZQ7xbb9YW3L2Ky.jpg', 1),
(192, 3, 'Theme 7: Peace and Security', 25, 'The learner is able to use the vocabulary and structures related to security and peace in real life situations.', '../resources/images/zlHQa7Z79V9jUm7.jpg', 1),
(193, 3, 'Theme 8: Services (Banking)', 25, 'The learner is able to apply the knowledge and skills acquired  in real life situations.', '../resources/images/8BIpAboGB8TqiCg.jpg', 1),
(194, 1, 'Theme 1: Science in Human Activities and Occupation', 17, 'The learner is able to know and use basic scientific knowledge and skills in the management  of poultry and bees.', '../resources/images/OASdp18N5pQhBur.jpg', 1),
(195, 1, 'Theme 2: Matter and Energy', 17, 'The learner is able to know standard units for measuring mass, weight and volume and use correct instruments to measure mass.', '../resources/images/MY60xIdYqbCgV3e.jpg', 1),
(196, 1, 'Theme  3: Human Health', 17, 'The learner is able to develop more knowledge on immunization, appreciate the importance of immunizations and actively take part in the immunization activities.', '../resources/images/boy2rduspwxNBDU.jpg', 1),
(197, 1, 'Theme 4: Human Body', 17, 'The learner acquires knowledge about the organs of the digestive system and what happens to food within the system.', '../resources/images/yomgl8GLu9uOFwu.jpg', 1),
(198, 2, 'Theme 1:  The Environment', 17, 'The learner is able to: recognise causes of soil degradation, demonstrate good practices of conserving and protecting soil, and appreciate the importance of soil in nature.', '../resources/images/ihkvmpgHfPG71wE.jpg', 1),
(199, 2, 'Theme 2: Matter and Energy', 17, 'The learner is able to use basic scientific knowledge on the effects  of heat on things in the environment and demonstrate skills of investigating effects of heat on matter.', '../resources/images/AUBNUNRTd31Gvn7.jpg', 1),
(200, 2, 'Theme 3: Science in Human Activities and Occupations', 17, 'The learner is able to  show knowledge about common tuber crops, demonstrate growing tuber crops and appreciate the importance of harvesting, processing and storing tuber crops properly.', '../resources/images/tfD91WsAg4inylg.jpg', 1),
(201, 2, 'Theme 4: The World of Living Things', 17, 'The learner is able to use scientific knowledge and skills about bacteria and fungi and show how they can be used to solve problems  everyday experiences.', '../resources/images/e14MBoLEs24M34D.jpg', 1),
(202, 3, 'Theme 1: Managing Changes in the Environment', 17, 'The learner is able to demonstrate basic knowledge and simple skills for managing changes in the environment.', '../resources/images/icnJFOLtsOnnmYH.jpg', 1),
(203, 3, 'Theme 2: Science in Human Activities and Occupations', 17, 'The learner is able to demonstrate scientific knowledge and skills necessary for keeping bigger animals and to start and manage animal keeping projects', '../resources/images/qVtv07SlgPvA0ju.jpg', 1),
(204, 3, 'Theme 3: Human Health', 17, 'The learner is able to use scientific knowledge on different classes and values of food.', '../resources/images/0JkOtYfOIchqt6f.jpg', 1),
(205, 3, 'Theme 4: Human Health', 17, 'The learner is able  to apply knowledge of the elements and principles of Primary Health Care for an improved quality of life', '../resources/images/g0hqjDOphO4p8Xd.jpg', 1),
(206, 1, 'Theme 1: Sets', 10, 'The learner is able to demonstrate the knowledge of sets to solve problems in real life situations.', '../resources/images/NTW9nBjG9fu3RTH.png', 1),
(207, 1, 'Theme 2: Numeracy', 10, 'The learner is able to appreciate the need to count in everyday life and work with whole numbers up to 999,999', '../resources/images/BQjqIl8nGcXrKPk.jpg', 1),
(208, 2, 'Theme 1: Numeracy', 10, 'The learner is able to solve problems involving decimals related to real life situations.', '../resources/images/yUKtyTantIChGIr.png', 1),
(209, 2, 'Theme 2: Geometry', 10, 'The learner is able to recognise and construct various geometric figures and relate them to other fields such as architectural drawings.', '../resources/images/5QIOX9Vu3EfGA9V.jpg', 1),
(210, 2, 'Theme 3: Interpretation of Graphs and Data', 10, 'The learner is able to interpret and solve problems involving graphs.', '../resources/images/K2dRpNIefDgbxWa.jpg', 1),
(211, 3, 'Theme 1: Measurements', 10, 'The learner is able to solve  practical problems related to utilisation of Ugandan currency in everyday life.', '../resources/images/d27mKhLnoVO6JJ9.png', 1),
(212, 3, 'Theme 2: Numeracy', 10, 'The learner is able to use the number line to properly work out problems related to integers.', '../resources/images/01NmE2YDks9bgT6.jpg', 1),
(213, 3, 'Theme 3: Algebra', 10, 'The learner  is able to solve mathematical problems and puzzles using the knowledge of algebra.', '../resources/images/CSC2nxYOthA3wKw.png', 1),
(214, 1, 'Theme 1: Living Together in Uganda', 31, 'The learner is able to demonstrate an understanding and use of map reading skills to interpret information about one\'s immediate and distant environment.', '../resources/images/YQxvSfYIe5TPZCW.png', 1),
(215, 2, 'Theme 1: Living Together in Uganda', 31, 'The learner is able to promote and practice desirable knowledge and values in the society.', '../resources/images/uP3ob9vVc57455l.jpg', 1),
(216, 3, 'Them 1: Living Together in Uganda', 31, 'The learner is able to explore, understand the values of an independent country, the national symbols and appreciate the principles of democracy in Uganda.', '../resources/images/7RhkppiFN9HZBC7.jpg', 1),
(217, 1, 'Theme 1: Safety on the Road', 26, 'The learner practices safe behaviour while on the road.', '../resources/images/2tPRJojtiJmxebC.jpg', 1),
(218, 1, 'Unit 2: Debating', 26, 'The learner argues out issues fluently, confidently and convincingly on any given topic.', '../resources/images/N0IqbhpvVFAzRQ1.jpg', 1),
(219, 2, 'Unit 3: Family Relationships', 26, 'The learner demonstrates knowledge of family relationships.', '../resources/images/edlDvAo5PggcRrp.jpg', 1),
(220, 2, 'Unit 4: Occupations', 26, 'The learner shows appreciation for different occupations, practices and appropriate ways of caring for animals.', '../resources/images/q6qiNgcvlKwXQsv.jpg', 1),
(221, 3, 'Unit 5: Hotels', 26, 'The learner shows ability to use appropriate language related to hotels in oral and written forms and behaves appropriately in hotels and restaurants.', '../resources/images/KdVxuXM2ERdYxXp.jpg', 1),
(222, 3, 'Unit 6: Using a Dictionary', 26, 'The learner uses a dictionary as a reference with ease.', '../resources/images/AdkN30HVI8fSa8B.jpg', 1),
(223, 1, 'Theme 1: The World of Living Things', 19, 'The learner acquires the skills of identifying the characteristics of different groups of animals and their survival features.', '../resources/images/RrCdVdBttPfx3z0.jpg', 1),
(224, 1, 'Theme 2: Matter and Energy', 19, 'The learner appreciates the natural and artificial sources of sound.', '../resources/images/FGPxFunKtFDUzsk.jpg', 1),
(225, 1, 'Theme 3: Human Body', 19, 'The learner appreciates the importance of blood in the body.', '../resources/images/9w9qFTK5LtAK8iI.jpg', 1),
(226, 1, 'Theme 5: Human Health', 19, 'The learner understands that smoking and drugs contain dangerous substances that are harmful to the body.', '../resources/images/19dPD1DinqQ0liD.jpg', 1),
(227, 2, 'Theme 1: The World of Living Things', 19, 'The learner acquires scientific skills and knowledge of classifying plants.', '../resources/images/vYjWkFlWNGJ5br5.jpg', 1),
(228, 2, 'Theme 2: Science in Human Activities and Occupations', 19, 'The learner appreciates the importance of cattle to people.', '../resources/images/8RJzDwf44BFsJdv.jpg', 1),
(229, 2, 'Theme 3: The Environment', 19, 'The learner appreciates the importance of the environment as a resource base.', '../resources/images/gx5tn7MJQLksAMd.jpg', 1),
(230, 3, 'Theme 1: Science in Human Activities and Occupations', 19, 'The learner acquires problems solving skills in life situations of a scientific and technological nature.', '../resources/images/f0DlHpZGDbjFcy8.jpg', 1),
(231, 3, 'Theme 2: Human Health', 19, 'The learner becomes increasingly aware of accidents in places where they live.', '../resources/images/nrKkMDyISiVLhic.jpg', 1),
(232, 3, 'Theme 3: Human Health', 19, 'The learner acquires scientific skills and knowledge of keeping proper sanitation of a healthy living.', '../resources/images/mey9TqjY262TE8A.jpg', 1),
(233, 3, 'Theme 4: Human Body', 19, 'The learner develops further knowledge about his/her reproductive system.', '../resources/images/d6BtpD1VkpUMyJv.jpg', 1),
(234, 2, 'Theme 4: Human Body', 19, 'The learner appreciates the importance  of the respiratory system in the production of energy for life processes.', '../resources/images/51yrE6Z4FsdYLUS.jpg', 1),
(235, 1, 'Theme 1: Sets', 11, 'The learner demonstrates the knowledge of sets to solve problems in real life situations.', '../resources/images/9RpgInsxb3kkTJq.png', 1),
(236, 1, 'Theme 2: Numeracy', 11, 'The learner appreciates the need of counting in everyday life and works with numbers up to 9,999,999', '../resources/images/2YQPvHnfcBvtNOh.jpg', 1),
(237, 2, 'Theme 1: Numeracy', 11, 'The learner solves problems involving fractions and relates them to real life situations.', '../resources/images/dp7PoPYbkB2EiPL.jpg', 1),
(238, 2, 'Theme 2: Interpretation of Graphs and Data', 11, 'The learner represents and interprets simple mathematical data in various forms.', '../resources/images/k3XlBMdoGsjl8H6.jpg', 1),
(239, 2, 'Theme 3: Measurements', 11, 'The learner changes money from one currency to another and explains why conversion of money is done.', '../resources/images/m8EALzFi1asAoyE.jpg', 1),
(240, 3, 'Theme 3:  Measurements', 11, 'The learners find length, mass and capacity of various objects.', '../resources/images/2oo4oS3A5ZJKFYl.jpg', 1),
(241, 3, 'Theme 4: Geometry', 11, 'The learner recognises and constructs various geometric figures and relate them to other fields.', '../resources/images/sHxnndXDpxuVBQ3.jpg', 1),
(242, 3, 'Theme 5: Numeracy', 11, 'The learner manipulates integers and relates them to real life situations', '../resources/images/JTLRDCTD452VdKk.jpg', 1),
(243, 3, 'Theme 6: Algebra', 11, 'The learner forms and solves algebraic problems.', '../resources/images/JnaXynI5PMIYQ93.png', 1),
(244, 1, 'Unit 1:  The East African Community', 32, 'The learner develops an appreciation of the East African community and applies the acquired knowledge in everyday living.', '../resources/images/jUQcEoxQ7xfVUKp.jpg', 1),
(245, 2, 'Unit 2: Major Resources of East Africa', 32, 'The learner develops an understanding and appreciates the resources found in East Africa.', '../resources/images/45yB6fSgTaYkNtN.jpg', 1),
(246, 2, 'Unit 3: Transport and Communication', 11, 'The learner understands the transport and communication systems that were used in the past and those in the modern times and applies the knowledge acquired to everyday life.', '../resources/images/yCJpqVgPdRnmweN.jpg', 1),
(247, 3, 'Unit 4: The Road to Independence in East Africa', 32, 'The learner knows the rights of a citizen and applies the democratic processes in selecting leaders.', '../resources/images/U29rCDonqhnTTAg.jpg', 1),
(248, 3, 'Unit 5: Responsible Living in the East African environment.', 32, 'The learner appreciates and demonstrates good practices of environmental management.', '../resources/images/S8iIzgIMlzZisv8.jpg', 1),
(249, 1, 'Unit 1: School Holidays', 27, 'The learner uses appropriate language and skills  developed to communicate effectively in different situations.', '../resources/images/ijzyYoUHj7HhP6o.jpg', 1),
(250, 1, 'Unit 2: Letter Writing', 27, 'The learner writes informal and formal letters using the appropriate format', '../resources/images/UMUZSNfEKfs2Dr7.png', 1),
(251, 1, 'Unit 3: Examinations', 27, 'The learner uses vocabulary appropriately related to examinations.', '../resources/images/qJfp6GfaoM1LaUb.jpg', 1),
(252, 2, 'Unit 4: Electronic Media', 27, 'The learner uses knowledge and appropriate language to access and use information on electronic media', '../resources/images/rBTU8fHwX9bU3kg.jpg', 1),
(253, 2, 'Unit 5: Rights, Responsibilities and Freedom', 27, 'The learner uses the language related to rights and responsibilities appropriately.', '../resources/images/WAxuyceJkuTSuVj.png', 1),
(254, 3, 'Unit 6: Environmental Protection', 27, 'The learner uses the appropriate language and appreciates and protects the environment.', '../resources/images/d9hXFlFkdxRXCYm.jpg', 1),
(255, 3, 'Unit 7: Ceremonies', 27, 'The learner appreciates and uses appropriate language related to different ceremonies.', '../resources/images/GEwVK3QbbCXWWTv.jpg', 1),
(256, 1, 'Theme 1: Human Body', 21, 'The learner develops appreciation for human body as a system of muscles and bones.', '../resources/images/hbBAcA3QroVfz75.png', 1),
(257, 1, 'Theme 2: Matter and Energy', 21, 'The learner appreciates the importance of electricity and magnetism in the modern world of work.', '../resources/images/r4GrAqdTBdDf5Gj.jpg', 1),
(258, 1, 'Theme 3:  The Environment', 21, 'The learner develops awareness of different energy resources existing in the environment and their use.', '../resources/images/fWKd8TpJTDqAtso.jpg', 1),
(259, 2, 'Theme 1: Matter Energy', 21, 'The learner appreciates the importance of machines in everyday life situations.', '../resources/images/znkFtFyAzbib3Sc.jpg', 1),
(260, 2, 'Theme 2: Human Body', 21, 'The learner appreciates the importance of excretory system to people', '../resources/images/Yp13kC1qw9H10Nk.jpg', 1),
(261, 2, 'Theme 4: Matter and Energy', 21, 'The learner appreciates the importance of light as a form of energy in nature.', '../resources/images/Tcv2PE3gIYGUd6f.jpg', 1),
(262, 3, 'Theme 1: The Environment', 21, 'The learner develops an understanding of the interdependence of things in the environment.', '../resources/images/kfR6igmZu3ZI4zI.png', 1),
(263, 3, 'Theme 3: The Community, Population and Family Life', 21, 'The learner acquires skills and practices to prevent diseases in the community.', '../resources/images/jOQtJmjureosRxi.png', 1),
(264, 2, 'Living together at home, school and community', 89, 'Living together at home, school and community', '../resources/images/default_unit.png', 1),
(265, 3, 'Unit 7: Number Families', 74, 'The learner appreciates and understands number families and number quantities,', '../resources/images/awLMYtgphgn10vN.png', 1),
(266, 3, 'Unit 6: Multiplication and Division', 74, 'The learner understands multiplication and division by three aided by grouping.', '../resources/images/YjNao8CP11rUP37.png', 1),
(267, 2, 'Theme 4: Food and nutrition', 89, 'Theme 4: Food and nutrition', '../resources/images/default_unit.png', 1),
(268, 3, 'Theme: 1 Transport and Communication', 89, 'Theme: 1 Transport and Communication', '../resources/images/default_unit.png', 1),
(269, 3, 'Theme: 1 Transport and Communication', 89, 'Theme: 1 Transport and Communication', '../resources/images/default_unit.png', 0),
(270, 3, 'Theme:2 Things we make', 89, 'Theme:2 Things we make', '../resources/images/default_unit.png', 1),
(271, 3, 'Unit 1: Measurement', 74, 'The learner  is able to use knowledge on weight and  capacity to measure the amount of things', '../resources/images/SKeyfE0ipRzvLQK.jpg', 1),
(272, 3, 'Theme: 3 Peace and security', 89, 'Theme: 3 Peace and security', '../resources/images/default_unit.png', 1),
(273, 1, 'Theme 1:  Our School and Neigbourhood', 28, 'Theme 1: Our School and Neigbourhood', '../resources/images/default_unit.png', 1),
(274, 1, 'Unit 5: Graphs', 7, 'The learner understands interpreting graphs to get information required.', '../resources/images/8e5Brk8SjkgBzVI.png', 1),
(275, 1, 'Theme 2: Our home and Community', 28, 'Theme 2: Our home and Community', '../resources/images/default_unit.png', 1),
(276, 1, 'THEME 1: HUMAN BODY AND HEALTH', 76, 'The Human Body and how to keep it healthy.', '../resources/images/default_unit.png', 1),
(277, 1, 'Topic1: Enriched in the Spirit', 40, 'This topic aims at equipping the learner with knowledge about creation and the position of human being in creation.', '../resources/images/default_unit.png', 1),
(278, 1, 'Topic 2: Ancestors, Ourselves and the Spirit', 40, 'This topic enables the learner to explore  the relationship between Christian and African traditional beliefs.', '../resources/images/default_unit.png', 1),
(279, 1, 'Topic 3: Enriched by other Nations and Religions', 40, 'This topic will enable learners find out the benefits gained from people of other countries through international organisations, culture, trade, development and relief.', '../resources/images/default_unit.png', 1),
(280, 2, 'Topic 4', 40, 'The learner explores ways of serving others which are carried out in Uganda appreciates the importance of caring for and serving others.', '../resources/images/default_unit.png', 1),
(281, 2, 'Topic 5: Living in the Spirit of Love', 40, 'The learner appreciated the purpose of marriage and develops skills of friendship formation and control of emotions and instincts.', '../resources/images/default_unit.png', 1),
(282, 2, 'Topic 6: The Spirit Makes us Free', 12, 'The learner develops awareness of the rights and responsibilities of individuals and appreciated the need of free and fair elections.', '../resources/images/default_unit.png', 1),
(283, 2, 'Topic 7: The Spirit Helps us to use His Gifts', 40, 'The learner appreciated and understands the importance of gifts, talents and fruits of the Holy Spirit and uses the responsibly.', '../resources/images/default_unit.png', 1),
(284, 3, 'Topic 8: Strengthened by the Spirit we  Accept the Events of Life', 40, 'The learner develops skills to make necessary emotional adjustments to cope with failure and fear as well celebrate success.', '../resources/images/default_unit.png', 1),
(285, 3, 'Topic 9: Praying in the Spirit', 40, 'The learner develops communication skills fellow human beings and with God through fellowship prayer.', '../resources/images/default_unit.png', 1),
(286, 1, 'Theme 3: Health', 15, 'The pupils will learn more about keeping their bodies clean and living healthy.', '../resources/images/default_unit.png', 1),
(287, 1, 'LIVING IN AFRICA', 33, 'Learners will learn about the Location, Climate, Vegetation and Tourism of Africa in this unit.', '../resources/images/default_unit.png', 1),
(288, 2, 'Theme 1: Weather', 90, 'Weather', '../resources/images/MS9GM2bE1cBAT72.png', 1),
(289, 2, 'Themes 2: Accidents and Safety', 90, 'Accidents and Safety', '../resources/images/FALXPbREQ7TGcsc.jpg', 1);
INSERT INTO `themes_units` (`theme_id`, `term`, `theme_name`, `tutor`, `details`, `logo`, `status`) VALUES
(290, 2, 'Theme 3: Living Together', 90, 'Living Together', '../resources/images/QZ5RXuV7nbCqfxw.jpg', 1),
(291, 2, 'Theme 4: Food and Nutrition', 90, 'Food and Nutrition', '../resources/images/z5gnamZuLtQOJOB.jpg', 1),
(292, 1, 'Theme 3: Operation On Numbers', 9, 'Operation On Numbers: Addition, Subtraction, Division and Multiplication.', '../resources/images/default_unit.png', 1);

-- --------------------------------------------------------

--
-- Table structure for table `topics`
--

CREATE TABLE `topics` (
  `topic_id` int(11) NOT NULL,
  `unit_theme_id` int(11) NOT NULL,
  `topic_name` varchar(100) NOT NULL,
  `image` varchar(100) NOT NULL,
  `description` text NOT NULL,
  `status` int(11) NOT NULL DEFAULT 1
) ENGINE=InnoDB DEFAULT CHARSET=latin1;

--
-- Dumping data for table `topics`
--

INSERT INTO `topics` (`topic_id`, `unit_theme_id`, `topic_name`, `image`, `description`, `status`) VALUES
(2, 27, 'Parts of the body', '../resources/images/Pbkyr5NVn7h1OuU.jpg', '', 0),
(3, 5, 'Personal Hygiene', '../resources/images/RMYK4q7dml8Hhyv.jpg', '', 0),
(4, 11, 'Plurals', '', '', 0),
(5, 41, 'for good', '../resources/images/vlKgDVml95r4A8Y.jpg', '', 0),
(6, 8, 'fac', '../resources/images/qns2Q0IUSEYy6kf.jpg', '', 0),
(7, 38, 'transport', '../resources/images/JN7lc5IsnAAMs5n.jpg', '', 0),
(22, 84, 'Common Animals', '../resources/images/default_topic.png', '', 1),
(23, 14, 'What is a school?', '../resources/images/default_topic.png', '', 1),
(24, 14, 'Things on the way to school', '../resources/images/default_topic.png', '', 1),
(25, 14, 'Dangers on the way to school', '../resources/images/default_topic.png', '', 1),
(26, 14, 'People in my class', '../resources/images/default_topic.png', '', 1),
(28, 14, 'Things found in the classroom and their use', '../resources/images/default_topic.png', '', 1),
(31, 14, 'Uses of the things in the classroom', '../resources/images/default_topic.png', '', 1),
(32, 14, 'People in our school', '../resources/images/default_topic.png', '', 1),
(34, 14, 'Work places of people in school', '../resources/images/default_topic.png', '', 1),
(35, 14, 'School needs', '../resources/images/default_topic.png', '', 1),
(36, 14, 'Uses of school needs', '../resources/images/default_topic.png', '', 1),
(37, 14, 'Symbols of the school', '../resources/images/default_topic.png', '', 1),
(38, 14, 'Uses of school symbols', '../resources/images/default_topic.png', '', 1),
(39, 14, 'School rules', '../resources/images/default_topic.png', '', 1),
(40, 14, 'Different school activities', '../resources/images/default_topic.png', '', 1),
(41, 14, 'Keeping the school clean', '../resources/images/default_topic.png', '', 1),
(42, 14, 'Things we use to keep our school clean', '../resources/images/default_topic.png', '', 1),
(43, 14, 'Things we use to keep our school clean', '../resources/images/default_topic.png', '', 1),
(44, 14, 'Things we use to keep our school clean', '../resources/images/default_topic.png', '', 1),
(45, 14, 'Things in classroom', '../resources/images/default_topic.png', '', 1),
(46, 15, 'THEME OUR HOME', '../resources/images/default_topic.png', '', 1),
(47, 15, 'Things which make up a home', '../resources/images/default_topic.png', '', 1),
(48, 15, 'Uses of things found in a home', '../resources/images/default_topic.png', '', 1),
(49, 15, 'Our Family', '../resources/images/default_topic.png', '', 1),
(50, 15, 'Needs of a family', '../resources/images/default_topic.png', '', 1),
(51, 15, 'Uses of family needs', '../resources/images/default_topic.png', '', 1),
(52, 15, 'Ways of getting family needs', '../resources/images/default_topic.png', '', 1),
(53, 15, 'Roles of family members', '../resources/images/default_topic.png', '', 1),
(54, 11, 'People in our school', '../resources/images/default_topic.png', '', 1),
(55, 11, 'Topic: Things in class', '../resources/images/default_topic.png', '', 1),
(56, 11, 'Things in class', '../resources/images/default_topic.png', '', 1),
(58, 12, 'People found at home', '../resources/images/5bERCXvF3EeYYsi.jpg', '', 1),
(59, 12, 'Things found at home', '../resources/images/default_topic.png', '', 1),
(60, 12, 'People in our home', '../resources/images/default_topic.png', '', 1),
(61, 12, 'People found at home', '../resources/images/default_topic.png', '', 1),
(62, 15, 'Roles of children', '../resources/images/default_topic.png', '', 1),
(63, 15, 'A house', '../resources/images/default_topic.png', '', 1),
(64, 15, 'Things found in a house', '../resources/images/default_topic.png', '', 1),
(65, 15, 'Types of houses', '../resources/images/default_topic.png', '', 1),
(66, 15, 'Uses of a house', '../resources/images/default_topic.png', '', 1),
(67, 15, 'Building materials', '../resources/images/default_topic.png', '', 1),
(68, 30, 'Elements of Weather', '../resources/images/TcyOt0147MSnDov.jpg', '', 1),
(69, 33, 'Vocabulary', '../resources/images/default_topic.png', '', 1),
(70, 15, 'Sources of building materials', '../resources/images/default_topic.png', '', 1),
(71, 31, 'Vocabulary', '../resources/images/FfVKS7hnUv5bFZp.jpg', '', 1),
(72, 15, 'ANIMALS', '../resources/images/default_topic.png', '', 1),
(73, 182, 'Vocabulary', '', '', 0),
(74, 182, 'Vocabulary', '', '', 1),
(75, 13, 'The Alphabet', '../resources/images/default_topic.png', '', 1),
(76, 32, 'The Alphabet', '../resources/images/TQwX75YXsq5LxJt.jpg', '', 1),
(77, 13, 'Prepositions', '../resources/images/default_topic.png', '', 1),
(78, 182, 'Parts of Speech', '../resources/images/default_topic.png', '', 1),
(79, 15, 'Uses of domestic animals', '../resources/images/default_topic.png', '', 1),
(80, 15, 'Uses of domestic animals', '../resources/images/default_topic.png', '', 1),
(81, 15, 'Draw these things got from domestic animals', '../resources/images/default_topic.png', '', 1),
(82, 38, 'Vocabulary', '../resources/images/RzWTBbCzf51HxDX.jpg', '', 1),
(83, 38, 'Structures', '../resources/images/8RpoIaZdgvRAqQ7.png', '', 1),
(84, 35, 'Vocabulary and Structures', '../resources/images/default_topic.png', '', 1),
(85, 183, 'Environment', '../resources/images/ki63DHLAQCNDnap.jpg', '', 1),
(86, 183, 'Parts of Speech', '../resources/images/vFiaAqP3bg1hxVt.jpg', '', 1),
(87, 36, 'Good behaviour', '../resources/images/rAnb6VzMRbCMuXn.png', '', 1),
(88, 15, 'Animals homes', '../resources/images/default_topic.png', '', 1),
(89, 15, 'Animal young ones', '../resources/images/default_topic.png', '', 1),
(90, 15, 'Animal sounds', '../resources/images/default_topic.png', '', 1),
(91, 15, 'Animal movement', '../resources/images/default_topic.png', '', 1),
(92, 16, 'Our community', '../resources/images/default_topic.png', '', 1),
(93, 16, 'Activities done by people in the community', '../resources/images/default_topic.png', '', 1),
(94, 16, 'People in our community and their places of work', '../resources/images/default_topic.png', '', 1),
(95, 16, 'Needs of people in our community', '../resources/images/default_topic.png', '', 1),
(96, 16, 'Important places in our community', '../resources/images/default_topic.png', '', 1),
(97, 80, 'Vocabulary', '../resources/images/hxeDAD9yxWaahvy.jpg', '', 0),
(98, 80, 'Location symbols and benefits of our school', '../resources/images/duszP3eOT0M2hws.jpg', '', 1),
(99, 80, 'Benefits of the neighbourhood from school', '../resources/images/default_topic.png', '', 1),
(100, 80, 'Problems between school and the neighbourhood', '../resources/images/default_topic.png', '', 1),
(101, 81, 'Vocabulary', '../resources/images/FvfBRlKHxP5Vmdt.jpg', '', 1),
(102, 81, 'Parts of speech', '../resources/images/default_topic.png', '', 1),
(103, 81, 'Vocabulary', '../resources/images/default_topic.png', '', 0),
(104, 82, 'Vocabulary', '../resources/images/KHZtfioZMZud5U7.jpg', '', 1),
(105, 82, 'Parts  of speech', '../resources/images/default_topic.png', '', 1),
(106, 184, 'Vocabulary and Structures', '../resources/images/KGa4QKRwBNj8zah.jpg', '', 1),
(107, 185, 'WEATHER', '../resources/images/default_topic.png', '', 1),
(108, 84, 'Vocabulary', '../resources/images/default_topic.png', '', 0),
(109, 84, 'Vocabulary', '../resources/images/default_topic.png', '', 1),
(110, 84, 'Adjectives', '../resources/images/default_topic.png', '', 1),
(111, 84, 'Parts of Speech', '../resources/images/default_topic.png', '', 1),
(112, 85, 'Vocabulary', '../resources/images/0l0rco2iX8y1Yci.jpg', '', 1),
(113, 85, 'Parts of Speech', '../resources/images/default_topic.png', '', 1),
(114, 86, 'Vocabulary', '../resources/images/default_topic.png', '', 1),
(115, 86, 'Parts of Speech', '../resources/images/default_topic.png', '', 1),
(116, 87, 'Vocabulary and Structures', '', '', 1),
(117, 87, 'Parts of Speech', '../resources/images/default_topic.png', '', 1),
(118, 88, 'Gender', '../resources/images/default_topic.png', '', 1),
(119, 89, 'Vocabulary', '../resources/images/ptxj6PFqDfr9FwD.jpg', '', 1),
(120, 89, 'Structures', '../resources/images/ks6BpBAtMCucyXa.jpg', '', 1),
(121, 88, 'Parts of Speech', '../resources/images/default_topic.png', '', 1),
(122, 7, 'Numeration system', '../resources/images/default_topic.png', '', 1),
(123, 233, 'The Reproductive System', '../resources/images/default_topic.png', '', 1),
(124, 232, 'Sanitation', '../resources/images/default_topic.png', '', 1),
(125, 231, 'Accidents and First Aid', '../resources/images/default_topic.png', '', 1),
(126, 230, 'Science at Home and in Our Community', '../resources/images/default_topic.png', '', 1),
(127, 229, 'Resources in the Environment', '../resources/images/default_topic.png', '', 1),
(128, 234, 'Respiratory System', '../resources/images/default_topic.png', '', 1),
(129, 228, 'Keeping Cattle', '../resources/images/default_topic.png', '', 1),
(130, 227, 'Classification of Plants', '../resources/images/default_topic.png', '', 1),
(131, 226, 'Alcohol, Smoking and Drugs in Society', '../resources/images/default_topic.png', '', 1),
(132, 225, 'Circulatory System', '../resources/images/default_topic.png', '', 0),
(133, 224, 'Sound Energy', '../resources/images/default_topic.png', '', 0),
(134, 223, 'Classification of  Animals', '../resources/images/default_topic.png', '', 0),
(135, 8, 'Sets', '../resources/images/default_topic.png', '', 1),
(136, 9, 'Operation on whole numbers', '../resources/images/default_topic.png', '', 1),
(137, 10, 'Place Values', '../resources/images/default_topic.png', '', 1),
(138, 264, 'Living together at home, school and community', '../resources/images/default_topic.png', '', 1),
(139, 41, 'Geometry', '../resources/images/default_topic.png', '', 1),
(140, 44, 'Length', '../resources/images/default_topic.png', '', 1),
(141, 45, 'Counting', '../resources/images/default_topic.png', '', 1),
(142, 46, 'Fractions', '../resources/images/default_topic.png', '', 1),
(143, 47, 'Lessons: Telling time', '../resources/images/default_topic.png', '', 1),
(144, 48, 'Graphs', '../resources/images/default_topic.png', '', 1),
(145, 49, 'Numberline', '../resources/images/default_topic.png', '', 1),
(146, 50, 'Weight', '../resources/images/default_topic.png', '', 1),
(147, 51, 'Addition with regrouping', '../resources/images/default_topic.png', '', 1),
(148, 52, 'Money', '../resources/images/default_topic.png', '', 0),
(149, 52, 'Money', '../resources/images/default_topic.png', '', 1),
(150, 52, 'Money', '../resources/images/default_topic.png', '', 0),
(151, 265, 'Number Families', '../resources/images/default_topic.png', '', 1),
(152, 266, 'Multiplication and Division', '../resources/images/default_topic.png', '', 1),
(153, 53, 'Mathematical Statements', '../resources/images/default_topic.png', '', 1),
(154, 53, 'Mathematical Statements', '../resources/images/default_topic.png', '', 0),
(155, 267, 'Food and nutrition', '../resources/images/default_topic.png', '', 1),
(156, 267, 'Transport and Communication', '../resources/images/default_topic.png', '', 0),
(157, 267, 'Transport and Communication', '../resources/images/default_topic.png', '', 0),
(158, 268, 'Transport and Communication', '../resources/images/default_topic.png', '', 1),
(159, 270, 'Things we make', '../resources/images/default_topic.png', '', 1),
(160, 271, 'Capacity', '../resources/images/7lq7WdNcnUliADl.png', '', 1),
(161, 271, 'Weight', '../resources/images/default_topic.png', '', 1),
(162, 271, 'Weight', '../resources/images/default_topic.png', '', 0),
(163, 271, 'Weight', '../resources/images/default_topic.png', '', 0),
(164, 271, 'Weight', '../resources/images/default_topic.png', '', 0),
(165, 271, 'Weight', '../resources/images/default_topic.png', '', 0),
(166, 272, 'Peace and security', '../resources/images/default_topic.png', '', 1),
(167, 273, 'Our School and Neigbourhood', '../resources/images/default_topic.png', '', 1),
(168, 90, 'Sets', '../resources/images/n3WgO8Lvc5Czxix.png', '', 1),
(169, 91, 'Place values', '../resources/images/6vyhlroILTFHzPN.png', '', 1),
(170, 92, 'Operation on numbers', '../resources/images/QDcbTBIF7UZW8SQ.png', '', 1),
(171, 95, 'Geometry', '../resources/images/default_topic.png', '', 1),
(172, 274, 'Graphs', '../resources/images/default_topic.png', '', 1),
(173, 274, 'Graphs', '../resources/images/default_topic.png', '', 0),
(174, 96, 'Capacity', '../resources/images/default_topic.png', '', 1),
(175, 97, 'Operation on numbers', '../resources/images/default_topic.png', '', 1),
(176, 98, 'Fractions', '../resources/images/default_topic.png', '', 1),
(177, 99, 'Algebra', '../resources/images/default_topic.png', '', 1),
(178, 100, 'Measurement', '../resources/images/default_topic.png', '', 1),
(179, 101, 'Meassures', '../resources/images/default_topic.png', '', 1),
(180, 102, 'Money', '../resources/images/default_topic.png', '', 1),
(181, 103, 'Algebra', '../resources/images/default_topic.png', '', 1),
(182, 142, 'Sets', '../resources/images/default_topic.png', '', 1),
(183, 143, 'Thousands, Hundreds, Tens and Ones', '../resources/images/default_topic.png', '', 1),
(184, 144, 'Operation on Numbers', '../resources/images/default_topic.png', '', 1),
(185, 143, 'Writing numbers on the abacus', '../resources/images/default_topic.png', '', 1),
(186, 144, 'Operation on numbers', '../resources/images/default_topic.png', '', 1),
(187, 147, 'Number Facts and Sequences', '../resources/images/default_topic.png', '', 1),
(188, 148, 'Fractions', '../resources/images/default_topic.png', '', 1),
(189, 149, 'Graphs', '../resources/images/default_topic.png', '', 1),
(190, 150, 'Shapes', '../resources/images/default_topic.png', '', 1),
(191, 151, 'Measures', '../resources/images/default_topic.png', '', 1),
(192, 5, 'Parts Of The Body', '../resources/images/default_topic.png', '', 0),
(193, 5, 'Diseases', '../resources/images/default_topic.png', '', 0),
(194, 5, 'Parts Of The Body', '../resources/images/xOMuwrRIv51Skm4.jpg', '', 0),
(195, 5, 'Diseases', '../resources/images/NiuN6SxsgT7VcKB.jpg', '', 0),
(196, 214, 'TRIAL', '../resources/images/default_topic.png', '', 0),
(197, 5, 'HUMAN BODY AND HEALTH', '../resources/images/default_topic.png', '', 1),
(198, 276, 'The Human Body and Health', '../resources/images/default_topic.png', '', 1),
(199, 54, 'The Human Body and Health', '../resources/images/default_topic.png', '', 1),
(200, 29, 'Food and Nutrition', '../resources/images/default_topic.png', '', 1),
(201, 127, 'Lessons: Soil', '../resources/images/default_topic.png', '', 1),
(202, 127, 'Lessons: Changes In Our Surroundings.', '../resources/images/default_topic.png', '', 1),
(203, 128, 'Weather Changes In Our Surrounding', '../resources/images/default_topic.png', '', 1),
(204, 152, 'Plant Life', '../resources/images/default_topic.png', '', 1),
(205, 152, 'Weather Changes Around Us', '../resources/images/default_topic.png', '', 1),
(206, 154, 'Weather Changes In Our Surrounding', '../resources/images/default_topic.png', '', 1),
(207, 286, 'Personal Hygiene.', '../resources/images/default_topic.png', '', 1),
(208, 133, 'OUR SUB-COUNTY/DIVISION', '../resources/images/default_topic.png', '', 1),
(209, 194, '1POULTRY', '../resources/images/default_topic.png', '', 1),
(210, 194, 'APICULTURE', '../resources/images/default_topic.png', '', 1),
(211, 195, 'MEASUREMENT', '../resources/images/default_topic.png', '', 1),
(212, 196, 'IMMUNITY AND IMMUNISATION', '../resources/images/default_topic.png', '', 1),
(213, 197, 'DIGESTION', '../resources/images/default_topic.png', '', 1),
(214, 134, 'Structures', '../resources/images/default_topic.png', '', 0),
(215, 134, 'LIVELIHOOD IN OUR SUB-COUNTRY', '../resources/images/default_topic.png', '', 1),
(216, 275, 'Our Home And Community', '../resources/images/default_topic.png', '', 1),
(217, 135, 'Our Environment in our Sub-country', '../resources/images/default_topic.png', '', 1),
(218, 174, 'Describing People and Objects', '../resources/images/default_topic.png', '', 1),
(219, 121, 'Our Sub-County/Division', '../resources/images/default_topic.png', '', 1),
(220, 122, 'Living in Our Sub-County/Division', '../resources/images/default_topic.png', '', 1),
(221, 175, 'Giving Directions', '../resources/images/default_topic.png', '', 1),
(222, 176, 'What I Like and How i feel', '../resources/images/default_topic.png', '', 1),
(223, 164, 'Living Together In Our District', '../resources/images/default_topic.png', '', 1),
(224, 164, 'Physical Features In Our District', '../resources/images/default_topic.png', '', 1),
(225, 164, 'Weather In Our District', '../resources/images/default_topic.png', '', 1),
(226, 186, 'Vehicle Repair and Maintenance', '../resources/images/default_topic.png', '', 1),
(227, 214, 'Living Together In Uganda', '../resources/images/default_topic.png', '', 1),
(228, 244, 'Living In East Africa', '../resources/images/default_topic.png', '', 1),
(229, 187, 'Print Media', '../resources/images/default_topic.png', '', 1),
(230, 188, 'Travelling', '../resources/images/default_topic.png', '', 1),
(231, 244, 'Lessons: Physical Features In East Africa', '../resources/images/default_topic.png', '', 0),
(232, 244, 'Lessons: Regional Groupings in East Africa', '../resources/images/default_topic.png', '', 0),
(233, 244, 'Lessons: The People of East Africa', '../resources/images/default_topic.png', '', 0),
(234, 244, 'Lessons: Precolonial Societies in East Africa', '../resources/images/default_topic.png', '', 0),
(235, 217, 'Safety on the Road', '../resources/images/default_topic.png', '', 1),
(236, 218, 'Debating', '../resources/images/default_topic.png', '', 1),
(237, 287, 'LIVING IN AFRICA', '../resources/images/default_topic.png', '', 1),
(238, 223, 'Classification of Living Things', '../resources/images/default_topic.png', '', 1),
(239, 224, 'Sound Energy', '../resources/images/default_topic.png', '', 1),
(240, 225, 'Circulatory System', '../resources/images/default_topic.png', '', 1),
(241, 226, 'Alcohol, Smoking and Drugs', '../resources/images/default_topic.png', '', 0),
(242, 18, 'Our School', '../resources/images/default_topic.png', '', 1),
(243, 19, 'Our Home', '../resources/images/default_topic.png', '', 1),
(244, 20, 'Our Community', '../resources/images/default_topic.png', '', 1),
(245, 104, 'Our school and the Neighborhood', '../resources/images/default_topic.png', '', 0),
(246, 167, 'Sets', '../resources/images/default_topic.png', '', 1),
(247, 168, 'Numeration Systems', '../resources/images/default_topic.png', '', 1),
(248, 288, 'Weather', '../resources/images/m61WVxGhV7opSko.png', '', 1),
(249, 289, 'Accidents and Safety', '../resources/images/9hP1EhAY4Tw0IZh.jpg', '', 1),
(250, 290, 'Living Together', '../resources/images/vfDYRdxXxlMgugn.jpg', '', 1),
(251, 291, 'Food and Nutrition', '../resources/images/YMqWiAtWbCwtwIH.jpg', '', 1),
(252, 292, 'Operations On Numbers', '../resources/images/default_topic.png', '', 1),
(253, 249, 'School Holidays', '../resources/images/pDm3vHnbfNy2Kdy.jpg', '', 1),
(254, 215, 'Topic 1:  Vegetation in Our District', '../resources/images/default_topic.png', '', 0),
(255, 165, 'Living Together In Our District', '../resources/images/default_topic.png', '', 0),
(256, 165, 'Living In Our District', '../resources/images/default_topic.png', '', 1),
(257, 165, 'Lesson: People In Our District', '../resources/images/default_topic.png', '', 0),
(258, 165, 'Living In Our District', '../resources/images/default_topic.png', '', 0),
(259, 165, 'Living In Our District', '../resources/images/default_topic.png', '', 1),
(260, 245, 'resources', '../resources/images/default_topic.png', '', 1),
(261, 56, 'Our Environment', '../resources/images/default_topic.png', '', 1),
(262, 57, 'Accidents and Safety', '../resources/images/default_topic.png', '', 1),
(263, 57, 'Accidents and Safety.', '../resources/images/default_topic.png', '', 0),
(264, 21, 'Accidents at Home', '../resources/images/default_topic.png', '', 1),
(265, 23, 'Food and Nutrition', '../resources/images/default_topic.png', '', 1),
(266, 130, 'Living In Our Sub County.', '../resources/images/default_topic.png', '', 1),
(267, 156, 'Our Food', '../resources/images/default_topic.png', '', 1),
(268, 157, 'Major Body Organs', '../resources/images/default_topic.png', '', 1),
(269, 159, 'Sanitation', '../resources/images/default_topic.png', '', 1),
(270, 166, 'LEADERS IN OUR DISTRICT', '../resources/images/default_topic.png', '', 0),
(271, 166, 'MEETING PEOPLES NEEDS IN OUR DISTRICT', '../resources/images/default_topic.png', '', 0),
(272, 166, 'MEETING PEOPLES NEEDS IN OUR DISTRICT', '../resources/images/default_topic.png', '', 0),
(273, 166, 'LIVING TOGETHER IN OUR DISTRICT', '../resources/images/default_topic.png', '', 1),
(274, 166, 'LIVING TOGETHER IN OUR DISTRICT', '../resources/images/default_topic.png', '', 1),
(275, 256, 'The Human Body', '../resources/images/default_topic.png', '', 1),
(276, 257, 'Matter and Energy', '../resources/images/default_topic.png', '', 1),
(277, 258, 'Energy Resources In the Environment', '../resources/images/default_topic.png', '', 1);

-- --------------------------------------------------------

--
-- Table structure for table `tutors`
--

CREATE TABLE `tutors` (
  `tutor_id` int(11) NOT NULL,
  `class_subject` int(11) NOT NULL,
  `admin_id` int(11) NOT NULL,
  `status` int(11) NOT NULL DEFAULT 1
) ENGINE=InnoDB DEFAULT CHARSET=latin1;

--
-- Dumping data for table `tutors`
--

INSERT INTO `tutors` (`tutor_id`, `class_subject`, `admin_id`, `status`) VALUES
(22, 8, 5, 1),
(23, 9, 5, 1),
(24, 10, 5, 1),
(25, 11, 5, 1),
(26, 12, 5, 1),
(27, 13, 5, 1),
(30, 14, 8, 1),
(95, 14, 12, 1),
(94, 14, 13, 1),
(31, 15, 8, 1),
(32, 16, 8, 1),
(33, 17, 8, 1),
(14, 18, 3, 1),
(15, 18, 4, 1),
(16, 19, 3, 1),
(17, 19, 4, 1),
(18, 20, 3, 1),
(19, 20, 4, 1),
(20, 21, 3, 1),
(21, 21, 4, 1),
(78, 22, 5, 1),
(79, 22, 6, 1),
(34, 23, 6, 1),
(36, 24, 6, 1),
(37, 25, 6, 1),
(38, 26, 6, 1),
(39, 27, 6, 1),
(40, 28, 6, 1),
(90, 29, 7, 1),
(41, 30, 6, 0),
(42, 30, 7, 1),
(43, 31, 6, 0),
(44, 31, 7, 1),
(4, 33, 4, 0),
(6, 34, 4, 1),
(89, 35, 8, 1),
(92, 35, 12, 1),
(28, 36, 8, 1),
(29, 37, 8, 1),
(80, 38, 5, 1),
(81, 38, 6, 1),
(82, 38, 7, 1),
(45, 39, 6, 1),
(46, 39, 7, 1),
(47, 40, 6, 1),
(48, 40, 7, 1),
(83, 41, 5, 1),
(84, 41, 6, 1),
(85, 41, 7, 1),
(55, 42, 7, 1),
(56, 43, 7, 1),
(86, 44, 5, 1),
(87, 44, 6, 1),
(88, 44, 7, 1),
(61, 45, 7, 1),
(64, 46, 7, 1),
(66, 47, 7, 1),
(67, 48, 7, 1),
(69, 49, 7, 1),
(71, 50, 7, 1),
(7, 59, 3, 1),
(8, 60, 3, 1),
(9, 61, 3, 1),
(10, 62, 3, 1),
(11, 63, 3, 1),
(12, 64, 3, 1),
(91, 71, 4, 1),
(93, 72, 4, 1),
(57, 81, 7, 1),
(58, 82, 7, 1),
(59, 83, 7, 1),
(60, 84, 7, 1),
(74, 152, 3, 1),
(75, 153, 3, 0),
(76, 153, 4, 1),
(77, 154, 5, 1);

-- --------------------------------------------------------

--
-- Table structure for table `wallet`
--

CREATE TABLE `wallet` (
  `wallet_no` int(11) NOT NULL,
  `sponsor_id` int(11) NOT NULL,
  `balance` int(11) NOT NULL,
  `status` tinyint(4) NOT NULL
) ENGINE=InnoDB DEFAULT CHARSET=latin1;

-- --------------------------------------------------------

--
-- Table structure for table `yo_payments`
--

CREATE TABLE `yo_payments` (
  `yo_ref` int(11) NOT NULL,
  `sponsor_id` int(11) NOT NULL,
  `amount` int(11) NOT NULL,
  `initiated` int(11) DEFAULT NULL,
  `phone_no` varchar(15) NOT NULL,
  `carrier_code` varchar(20) NOT NULL,
  `date_paid` datetime NOT NULL DEFAULT current_timestamp(),
  `reciept_no` varchar(200) DEFAULT NULL,
  `ref_txt` varchar(200) DEFAULT NULL,
  `subscription_count` int(11) NOT NULL,
  `status` tinyint(4) NOT NULL DEFAULT 0
) ENGINE=InnoDB DEFAULT CHARSET=latin1;

--
-- Dumping data for table `yo_payments`
--

INSERT INTO `yo_payments` (`yo_ref`, `sponsor_id`, `amount`, `initiated`, `phone_no`, `carrier_code`, `date_paid`, `reciept_no`, `ref_txt`, `subscription_count`, `status`) VALUES
(1, 47, 120000, 0, '256701383926', 'AIRTEL_UGANDA', '2017-02-18 19:44:01', '256701383926CJYTT7', 'TXMMPAYMENT201702181945566UHTGTG6VGQ7CBVT43JBY3WWWVKE8GGB7VKV43G7ANWM9TBVFT', 2, 0),
(2, 47, 120000, 0, '256701383926', 'AIRTEL_UGANDA', '2017-02-18 19:52:25', '256701383926CB83U4', 'TXMMPAYMENT2017021819523643HWPHECT6MWFXQTYBTEHK8EPRRGVK78PV9QEXQTPVQEVT7MQY', 2, 0),
(3, 48, 60000, 0, '256701964728', 'AIRTEL_UGANDA', '2017-02-19 19:48:28', '256701964728CAQP8C', 'TXMMPAYMENT20170219194828VQ8FEMXGKHG8Q4T8E93EUCR7EWRGUNMVB3FKXMQTFFMTVY9PXJ', 1, 0),
(4, 48, 60000, 0, '2567013853926', 'AIRTEL_UGANDA', '2017-02-19 19:49:53', NULL, NULL, 1, 0),
(5, 48, 60000, 0, '2567013853926', 'AIRTEL_UGANDA', '2017-02-19 19:50:05', NULL, NULL, 1, 0),
(6, 48, 60000, 0, '2567013853926', 'AIRTEL_UGANDA', '2017-02-19 19:50:28', NULL, NULL, 1, 0),
(7, 48, 60000, 0, '256701383926', 'AIRTEL_UGANDA', '2017-02-19 19:50:55', '256701383926CMPUYQ', 'TXMMPAYMENT20170219195054R6KT4T9N96YE6NG7XQH93JEQT8WJ4RFB3JN86ER78FEG6FPFQ3', 1, 0),
(8, 17, 60000, 0, '256785048581', 'AIRTEL_UGANDA', '2017-02-19 23:09:36', '256785048581CGAVVF', 'TXMMPAYMENT20170219230936J9YQQR3HM6WA68M9U9UU6FVXF4JH8QF77NK6FR69QMA4FAF9C7', 1, -1),
(9, 17, 60000, 0, '256785048581', 'AIRTEL_UGANDA', '2017-02-19 23:12:10', '256785048581CR8UVG', 'TXMMPAYMENT20170219231210N9RM69EB8AQGNQGRP6TBBYMEYPKV8V8JYG7JP46BE9BK4AAH6U', 1, -1),
(10, 17, 60000, 0, '256700502096', 'AIRTEL_UGANDA', '2017-02-19 23:13:37', '256700502096C8KK7B', 'TXMMPAYMENT20170219231337VE7WAB84737346FKTH4WW77P8GEBQAQH4NRAF8RY4HKBFACWTR', 1, -1),
(11, 17, 60000, 0, '256700502096', 'AIRTEL_UGANDA', '2017-02-19 23:13:43', '256700502096CBW7VF', 'TXMMPAYMENT201702192313436FAXY78M7FN4HNJ99JEVBTCX3T9BBFMBYJGGVRXFJUE9EHVWRR', 1, 0),
(12, 17, 60000, 0, '256700502096', 'AIRTEL_UGANDA', '2017-02-19 23:13:49', '256700502096CQ9EHR', 'TXMMPAYMENT20170219231349VB64Y9WGE73XJWMGMC6778JUJ9UYXJQW43YP47HTV68WXREVTR', 1, 0),
(13, 17, 60000, 0, '256700502096', 'AIRTEL_UGANDA', '2017-02-19 23:15:14', '256700502096C7JF6M', 'TXMMPAYMENT20170219231522J3P6BPQGA6XVJVWVWT4EFEKP9RBY7A38YKXVMM4AAN44KKKA69', 1, 0),
(14, 17, 60000, 0, '256700502096', 'AIRTEL_UGANDA', '2017-02-19 23:15:29', '256700502096CHBQVK', 'TXMMPAYMENT20170219231529HFF7TAXTBQJRNFAC9KYRNEE9CBUBVG8KQJR8TJMRQRTVBURRFN', 1, 0),
(15, 17, 60000, 0, '256700502096', 'AIRTEL_UGANDA', '2017-02-19 23:15:36', '256700502096CP9EK9', 'TXMMPAYMENT20170219231535JWAR6X7TT87PPKCBGX7JA7V3X9J4VKUKRMQ48ABEAHTJEENPAV', 1, 0),
(16, 17, 60000, 0, '256785048581', 'AIRTEL_UGANDA', '2017-02-19 23:17:47', '256785048581CUJAXM', 'TXMMPAYMENT20170219231746BMQNCG7U8MBBXFPQW693VYGJP4YFJMGBUKT4X9PKKQNRRHRVXC', 1, 0),
(17, 17, 60000, 0, '256785048581', 'AIRTEL_UGANDA', '2017-02-19 23:17:53', '256785048581CKGHPM', 'TXMMPAYMENT20170219231752BHPANJ7JKTNQRJV79TMG6JN3EQMX3JK3GA8KVUANU97J4VHP4C', 1, 0),
(18, 17, 60000, 0, '256785048581', 'AIRTEL_UGANDA', '2017-02-19 23:17:59', '256785048581C39AXK', 'TXMMPAYMENT201702192318009RN3MCAQTBHHHBMCKB7MQCKUF7VFYN9CHBQWGUJNRXH7EENTKX', 1, 0),
(19, 17, 60000, 0, '256700502096', 'AIRTEL_UGANDA', '2017-02-19 23:20:08', '256700502096C69JXX', 'TXMMPAYMENT201702192320077TGP973BM8MEACG4GR7P9XBQEMUX9RUHGRWYVEK8Y737BGEMNQ', 1, 0),
(20, 17, 60000, 0, '256700502096', 'AIRTEL_UGANDA', '2017-02-19 23:20:14', '256700502096C6TXUB', 'TXMMPAYMENT20170219232013TXWCR8VBVGEQCCGHPFAW7WP97T6PXPRKJE7T8A6B8GETT8HURA', 1, 0),
(21, 17, 60000, 0, '256700502096', 'AIRTEL_UGANDA', '2017-02-19 23:20:20', '256700502096CHX9FY', 'TXMMPAYMENT20170219232019VM794WP3338B4BCR6RK9U4UTKUXPFURPY4MXBAWUYNVU984FCJ', 1, 0),
(22, 17, 60000, 0, '256700502096', 'AIRTEL_UGANDA', '2017-02-19 23:20:34', '256700502096CEBACJ', 'TXMMPAYMENT20170219232034QKEY3PJP883A4MTWBMUF9WM43W4B9FMEMUKCTRJ8XHVJABH73G', 1, 0),
(23, 17, 60000, 0, '256700502096', 'AIRTEL_UGANDA', '2017-02-19 23:20:41', '256700502096CAUEKQ', 'TXMMPAYMENT2017021923204068X9FEXTCJBJM769NPPR76GAF9FRWHXHAC44RPVK737C4RBYM9', 1, 0),
(24, 17, 60000, 0, '256700502096', 'AIRTEL_UGANDA', '2017-02-19 23:20:48', '256700502096CQ39NV', 'TXMMPAYMENT20170219232048QXVEBG9GTVFAETXX6PPA66WFPUU8MHBGJUF38TVNU6UW7VT6N4', 1, 0),
(25, 17, 60000, 0, '256700502096', 'AIRTEL_UGANDA', '2017-02-19 23:21:15', '256700502096CYY6JJ', 'TXMMPAYMENT20170219232115ECPBAE3GF88HPBFGREYVF68A89486YQNB3A73T94RA8EC476UW', 1, 0),
(26, 17, 60000, 0, '256700502096', 'AIRTEL_UGANDA', '2017-02-19 23:21:22', '256700502096CUGJVF', 'TXMMPAYMENT20170219232121ANU8V6AJCTR3M6Q4VA7V9PCTVPWME3MWW9CNJUHVBBTQMVWUP7', 1, 0),
(27, 17, 60000, 0, '256700502096', 'AIRTEL_UGANDA', '2017-02-19 23:21:27', '256700502096CWVQVE', 'TXMMPAYMENT201702192321277C3BX3BTA6UW6HFBATMWKEKHVGN9VQTE9N7EAG6V4NFP4V98X6', 1, 0),
(28, 50, 60000, 0, '256785048581', 'AIRTEL_UGANDA', '2017-02-20 14:39:11', '256785048581CWHGYA', 'TXMMPAYMENT201702201439127ANJ8HAJJ9TAAT87CUN6ERMQJAMC94EW44MP3B4CGR3MHKV6NK', 1, 0),
(29, 50, 60000, 0, '256785048581', 'AIRTEL_UGANDA', '2017-02-20 14:40:34', '256785048581C7VVFJ', 'TXMMPAYMENT20170220144034G73WQQRMFGNXUETJ7MH3RVGPV3H6J8KQQ8VWX96K3UVM7FMVMA', 1, 0),
(30, 50, 60000, 0, '256700502096', 'AIRTEL_UGANDA', '2017-02-20 14:41:45', '256700502096C6U6YF', 'TXMMPAYMENT20170220144146FQ9BQV9WVPJPF9U87EN3UBFQVCGPVJE4RMEYUKMEA3P97C6NHJ', 1, 0),
(31, 50, 60000, 0, '256700502096', 'AIRTEL_UGANDA', '2017-02-20 14:41:51', '256700502096CCNFRX', 'TXMMPAYMENT201702201441519UGJFCKQKYT6HHWU33NHAMXWPQU9KNMTTVTH83JV96TBVQPPWA', 1, 0),
(32, 48, 60000, 0, '256701964728', 'AIRTEL_UGANDA', '2017-02-20 19:52:00', '256701964728C83H47', 'TXMMPAYMENT20170220195159RJ334MMM9YGGBWYUHRNHVF4BUBN4T3JFPJ3R66H3NCQW746JGY', 1, 0),
(33, 48, 60000, 0, '256701043688', 'AIRTEL_UGANDA', '2017-02-20 19:55:16', '256701043688CF9PV9', 'TXMMPAYMENT20170220195516FKG3MP7UKUYRRGAATXXECRVTARN37HG6GQNH3VN39M8YN4J6MM', 1, 0),
(34, 48, 60000, 0, '256701043688', 'AIRTEL_UGANDA', '2017-02-20 19:59:58', '256701043688CPF8G8', 'TXMMPAYMENT20170220195957YF3VJ6QY7PFEQWAQV8QRJ7HUQW3TYVPPTCTMMMJ7CAJPG6EVVR', 1, 0),
(35, 17, 60000, 0, '256785048581', 'AIRTEL_UGANDA', '2017-02-22 10:54:51', '256785048581C49YCV', 'TXMMPAYMENT2017022210545147NAPVRCPAKBTJTWMTN3RUFJHX8PHQ64Y8JKT87QF97K8UXGY6', 1, 0),
(36, 17, 60000, 0, '256785048581', 'AIRTEL_UGANDA', '2017-02-22 10:54:56', '256785048581CHUNVC', 'TXMMPAYMENT20170222105456T8CJG7UY998JEMH8A6JFTYX6RV87NARM8B9XHVYGEMP9PQBRX4', 1, 0),
(37, 17, 60000, 0, '256785048581', 'AIRTEL_UGANDA', '2017-02-22 10:55:16', '256785048581CWYPAT', 'TXMMPAYMENT20170222105519TEGTXNPH36VA6G8PGXUWVAK7EN9CT9WERJ4EWY7NWRT8EVG3F4', 1, 0),
(38, 17, 60000, 0, '256785048581', 'AIRTEL_UGANDA', '2017-02-22 10:55:29', '256785048581C4FH9X', 'TXMMPAYMENT20170222105538AAP6VKFRX6NAKN7FBFR94AH8VCWFM9PYGWHMFU9Y3TUA9ETXRB', 1, 0),
(39, 17, 60000, 0, '256700502096', 'AIRTEL_UGANDA', '2017-02-22 10:55:58', '256700502096C3B4KF', 'TXMMPAYMENT20170222105558W3KY3WNB6X3CNNT7BKCNUYTQEJWKXQG69CVPTQTGE6J6PFE8XV', 1, 0),
(40, 17, 60000, 0, '256700502096', 'AIRTEL_UGANDA', '2017-02-22 10:56:02', '256700502096C7AU8Q', 'TXMMPAYMENT20170222105603UENNX7RBTPK9RFMPUG9YNPPRGNHV6VYJPKKMHCMFRU9PMB7K84', 1, 0),
(41, 17, 60000, 0, '256700470555', 'AIRTEL_UGANDA', '2017-02-22 10:57:46', '256700470555C6BHWV', 'TXMMPAYMENT201702221057534HR7YVGXKW9BJV34CUMM3KMKEKNM6Q8TCVGFGXY4XRY3R7G7VF', 1, 0),
(42, 17, 60000, 0, '256700470555', 'AIRTEL_UGANDA', '2017-02-22 10:57:59', '256700470555C4QXFH', 'TXMMPAYMENT20170222105807EAQRKMXFUP7AKVHBQ96UTH7KX8BXB7TEQXU4FGVYRUCBVYQ77U', 1, 0),
(43, 17, 60000, 0, '256700470555', 'AIRTEL_UGANDA', '2017-02-22 10:58:17', '256700470555CG963J', 'TXMMPAYMENT20170222105824R3UE9JB8QH74JJA34Y449JJWFTEVNHP99U3RJNHW9NX8KYRMJE', 1, 0),
(44, 17, 60000, 0, '256700470555', 'AIRTEL_UGANDA', '2017-02-22 10:58:37', '256700470555CNFPGM', 'TXMMPAYMENT20170222105851NU8VBUA8YTCU7BQFJHGYT9W3X78K3J9THECEC8MEECMTKR44U7', 1, 0),
(45, 17, 60000, 0, '256700470555', 'AIRTEL_UGANDA', '2017-02-22 10:58:55', '256700470555CENBXH', 'TXMMPAYMENT2017022210585577B8KEJU6KTAA7FF8P79J8PQ4QVFYBG7CQQCQHQFAW98NF7QHQ', 1, 0),
(46, 17, 60000, 0, '256700470555', 'AIRTEL_UGANDA', '2017-02-22 10:59:00', '256700470555CP9PMA', 'TXMMPAYMENT201702221059006K473WFCUUAKRV4WM3XV36QXHHP3PR6B9HKP3YEETY6RWVKV78', 1, 0),
(47, 48, 60000, 0, '2560701383926', 'AIRTEL_UGANDA', '2017-02-22 20:14:30', NULL, NULL, 1, 0),
(48, 48, 60000, 0, '256701383926', 'AIRTEL_UGANDA', '2017-02-22 20:14:43', '256701383926CVGM63', 'TXMMPAYMENT20170222201441EURV98KFAAG7Y3789T7W66FFQCXUJXF8B46W6PMX6FBEW4YW4C', 1, 0),
(49, 50, 20000, 0, '256785048581', 'AIRTEL_UGANDA', '2017-02-23 07:39:29', '256785048581CGGGMJ', 'TXMMPAYMENT20170223073930BANTHN7PETJHRB9YFY8M7CTMGE39JA4JXF6EVHPCMVM6CEEUYG', 1, -1),
(50, 50, 20000, 0, '256700502096', 'AIRTEL_UGANDA', '2017-02-23 07:42:58', '256700502096C43XN3', 'TXMMPAYMENT20170223074259VYY7YM484GKC8RY6PACVAY8WMR7BEWHCQ6HTWAKEVEX46YPJX7', 1, 0),
(51, 50, 20000, 0, '256700502096', 'AIRTEL_UGANDA', '2017-02-23 07:43:03', '256700502096CK93BC', 'TXMMPAYMENT20170223074304UEX4GBA9Y7EHA64WYCUP6Y7GJ3CBBBAWFA4FBAR66NNWJ7UT4E', 1, 0),
(52, 48, 60000, 0, '256772088560', 'AIRTEL_UGANDA', '2017-02-23 12:36:29', '256772088560CTAKGC', 'TXMMPAYMENT20170223123630U8GJGYKX3PWYH43KFBPM33VERQVMGWJNJ7GUXV8WP7HRGG399Q', 1, 0),
(53, 51, 60000, 0, '2560700502096', 'AIRTEL_UGANDA', '2017-02-23 18:39:48', NULL, NULL, 1, 0),
(54, 51, 60000, 0, '256700502096', 'AIRTEL_UGANDA', '2017-02-23 18:40:00', '256700502096C3AA9R', 'TXMMPAYMENT2017022318395979CFJ7QXQ4CF8EJ4FJAYAYMM3MJX8C6WPHYBHAW6W7RG3BCJ67', 1, 0),
(55, 51, 60000, 0, '256785048581', 'AIRTEL_UGANDA', '2017-02-23 18:49:21', '256785048581CBJQ4M', 'TXMMPAYMENT20170223184921W96J8RAAWHVK7HFMXC3XN4FQNR6M4EVKJ7REWEU9FNHNPYN67E', 1, 0),
(56, 51, 60000, 0, '256785048581', 'AIRTEL_UGANDA', '2017-02-23 18:50:34', '256785048581CKJVY6', 'TXMMPAYMENT20170223185033VGYVG98384QT8FUGCQTBWEW8TARBCPKVMVXYPN8EUNEAQKNHPX', 1, 0),
(57, 57, 60000, 0, '256700502096', 'AIRTEL_UGANDA', '2017-02-25 15:04:44', '256700502096CF4PEV', 'TXMMPAYMENT20170225150456EWYFR4G4UV4MQTJPA4HQJXUJUY4RP6YERX9QEH6YKANBYT3VNF', 1, 0),
(58, 60, 10000, 0, '256701383926', 'AIRTEL_UGANDA', '2017-02-25 15:45:27', '256701383926CVXR76', 'TXMMPAYMENT20170225154526T9QH4CAT6VG3NQ44M3YRJT96KN7RTTT94QT3A698BHRKJYU8Q8', 1, -1),
(59, 60, 10000, 0, '256701383926', 'AIRTEL_UGANDA', '2017-02-25 15:45:32', '256701383926C7QGKC', 'TXMMPAYMENT2017022515453179K9VH8Q9XTXW9FGNJR8TYHCHJM6WNV4WCP46CBG7FMRX3FWM6', 1, -1),
(60, 60, 10000, 11000, '256701383926', 'AIRTEL_UGANDA', '2017-02-25 19:39:54', '256701383926CCNTXW', 'TXMMPAYMENT20170225193953CRTVT3RYQQ8EY4RCP3FUMEEFBU8678VXT66GVKXAP8H643GEBE', 1, -1),
(61, 60, 10000, 11000, '256701383926', 'AIRTEL_UGANDA', '2017-02-25 19:53:11', '256701383926CEY4KA', 'TXMMPAYMENT20170225195311RPFG7RHTQNF79E7EPK899YPVYW7H3TXVCTKRH4B3RHGHY83AXE', 1, -1),
(62, 60, 10000, 11000, '256701383926', 'AIRTEL_UGANDA', '2017-02-25 19:53:17', '256701383926CUMUKX', 'TXMMPAYMENT201702251953179Y46KGJVCWRHTEX99E9QYHB7V6RFQCX93CA8Y8MARM4UYYQAPB', 1, -1),
(63, 60, 10000, 11000, '256701383926', 'AIRTEL_UGANDA', '2017-02-25 20:12:05', '256701383926C4GCM7', 'TXMMPAYMENT20170225201205CA437BQH77U3WMRBCHG7BTB8VT8QMMKEK8TX6TYM46N38RBB73', 1, 0),
(64, 60, 10000, 11000, '256701383926', 'AIRTEL_UGANDA', '2017-02-25 20:12:12', '256701383926CK8694', 'TXMMPAYMENT20170225201210Y4BXN99WPAT63FCXRAPARCVUJC66VP64G74GXJK4NBJC9HC9JW', 1, 0),
(65, 50, 10000, NULL, '2567005020963', 'AIRTEL_UGANDA', '2017-02-27 13:38:51', NULL, NULL, 1, 0),
(66, 50, 10000, 11000, '256700502096', 'AIRTEL_UGANDA', '2017-02-27 13:39:03', '256700502096CC4Y9X', 'TXMMPAYMENT20170227133903PRT34U97AQKRVRTXUR3TVFT8MYV7WUJY4PKP36VVCX4J3FTH8W', 1, 0),
(67, 50, 10000, 11000, '256700502096', 'AIRTEL_UGANDA', '2017-02-27 13:40:00', '256700502096CB68GF', 'TXMMPAYMENT20170227134000EARK37BACFTNWJJMNVEQW7VEC9GG46RN37RVVKEXJQKKN4EBQR', 1, 0),
(68, 50, 10000, 11000, '256700502096', 'AIRTEL_UGANDA', '2017-02-27 13:40:53', '256700502096CHGNQA', 'TXMMPAYMENT2017022713405468HMEQEYJCWHQUKP4UXTPV4TNGB7KGA6YVBPABP9C4YUWU7XU4', 1, 0),
(69, 17, 60000, NULL, '256700502096', 'AIRTEL_UGANDA', '2017-02-28 16:33:47', NULL, NULL, 1, 0),
(70, 48, 60000, NULL, '256701964728', 'AIRTEL_UGANDA', '2017-02-28 17:54:51', NULL, NULL, 1, 0),
(71, 48, 60000, NULL, '256701964728', 'AIRTEL_UGANDA', '2017-02-28 18:08:53', NULL, NULL, 1, 0),
(72, 48, 60000, NULL, '256701964728', 'AIRTEL_UGANDA', '2017-02-28 18:11:03', NULL, NULL, 1, 0),
(73, 48, 60000, NULL, '256701964728', 'AIRTEL_UGANDA', '2017-02-28 18:13:19', NULL, NULL, 1, 0),
(74, 48, 60000, NULL, '256701964728', 'AIRTEL_UGANDA', '2017-02-28 18:15:35', NULL, NULL, 1, 0),
(75, 48, 60000, NULL, '256701964728', 'AIRTEL_UGANDA', '2017-02-28 18:17:44', NULL, NULL, 1, 0),
(76, 48, 60000, NULL, '256701964728', 'AIRTEL_UGANDA', '2017-02-28 18:19:54', NULL, NULL, 1, 0),
(77, 48, 60000, NULL, '256701964728', 'AIRTEL_UGANDA', '2017-02-28 18:22:04', NULL, NULL, 1, 0),
(78, 48, 60000, NULL, '256701964728', 'AIRTEL_UGANDA', '2017-02-28 18:24:18', NULL, NULL, 1, 0),
(79, 48, 60000, NULL, '256701964728', 'AIRTEL_UGANDA', '2017-02-28 18:26:29', NULL, NULL, 1, 0),
(80, 48, 60000, NULL, '256701964728', 'AIRTEL_UGANDA', '2017-02-28 18:28:43', NULL, NULL, 1, 0),
(81, 48, 60000, NULL, '256701964728', 'AIRTEL_UGANDA', '2017-02-28 18:30:51', NULL, NULL, 1, 0),
(82, 48, 60000, NULL, '256701964728', 'AIRTEL_UGANDA', '2017-03-01 18:24:29', NULL, NULL, 1, 0),
(83, 48, 60000, NULL, '256701964728', 'AIRTEL_UGANDA', '2017-03-01 19:40:27', NULL, NULL, 1, 0),
(84, 69, 10000, 11000, '256700502096', 'AIRTEL_UGANDA', '2017-03-01 21:38:42', '256700502096C3TMBQ', NULL, 1, 0),
(85, 69, 10000, 11000, '256700502096', 'AIRTEL_UGANDA', '2017-03-01 21:40:37', '256700502096CYYYTM', 'TXMMPAYMENT20170301214052RWMB7WXH64XGF88YFBCXEU4EB3NVNN69AMBJUR8MKKMEJEE3V9', 1, 0),
(86, 69, 10000, 11000, '256700502096', 'AIRTEL_UGANDA', '2017-03-01 21:41:05', '256700502096CUCGHC', NULL, 1, 0),
(87, 60, 10000, 11000, '256701383926', 'AIRTEL_UGANDA', '2017-03-01 21:53:49', '256701383926CGAPEY', 'TXMMPAYMENT20170301215349349YRJGG8WAU9GNU87X9TAGQ4H3YKCM77HXXFVWQ8NH7GYQATR', 1, 0),
(88, 60, 10000, 11000, '256701383926', 'AIRTEL_UGANDA', '2017-03-01 21:53:55', '256701383926CP3F48', NULL, 1, 0),
(89, 69, 10000, 11000, '256785048581', 'AIRTEL_UGANDA', '2017-03-02 21:26:14', '256785048581C4CVXR', NULL, 1, 0),
(90, 69, 10000, 11000, '256785048581', 'AIRTEL_UGANDA', '2017-03-02 21:26:17', '256785048581C7CC4F', NULL, 1, 0),
(91, 69, 10000, 11000, '256785048581', 'AIRTEL_UGANDA', '2017-03-02 21:26:49', '256785048581CW7PH9', NULL, 1, 0),
(92, 69, 10000, 11000, '256785048581', 'AIRTEL_UGANDA', '2017-03-02 21:26:57', '256785048581CQMVEC', NULL, 1, 0),
(93, 69, 10000, 11000, '256785048581', 'AIRTEL_UGANDA', '2017-03-02 21:27:09', '256785048581CVA4NN', NULL, 1, 0),
(94, 69, 10000, 11000, '256785048581', 'AIRTEL_UGANDA', '2017-03-02 21:27:12', '256785048581CKT9X4', NULL, 1, 0),
(95, 69, 10000, 11000, '256776182222', 'AIRTEL_UGANDA', '2017-03-02 21:27:47', '256776182222CUA7YK', NULL, 1, 0),
(96, 69, 10000, 11000, '256776182222', 'AIRTEL_UGANDA', '2017-03-02 21:27:50', '256776182222C7NGCY', NULL, 1, 0),
(97, 69, 10000, 11000, '256700502096', 'AIRTEL_UGANDA', '2017-03-02 21:30:17', '256700502096C636MJ', NULL, 1, 0),
(98, 69, 10000, 11000, '256700502096', 'AIRTEL_UGANDA', '2017-03-02 21:30:20', '256700502096CUKTTX', NULL, 1, 0),
(99, 69, 10000, 11000, '256700502096', 'AIRTEL_UGANDA', '2017-03-02 21:32:25', '256700502096CM4737', NULL, 1, 0),
(100, 69, 10000, 11000, '256700502096', 'AIRTEL_UGANDA', '2017-03-02 21:32:52', '256700502096CCTJAW', NULL, 1, 0),
(101, 69, 10000, 11000, '256700502096', 'AIRTEL_UGANDA', '2017-03-02 21:33:39', '256700502096C3UYV4', NULL, 1, 0),
(102, 69, 10000, 11000, '256700502096', 'AIRTEL_UGANDA', '2017-03-02 21:33:44', '256700502096CABQ9B', NULL, 1, 0),
(103, 69, 10000, 11000, '256700502096', 'AIRTEL_UGANDA', '2017-03-03 11:29:17', '256700502096CX3MNF', 'TXMMPAYMENT20170303112918QTNYWQ8N7BATP7843H6MWQKGHMGTGREN7XA4NK7RG7KYV6XRTM', 1, 0),
(104, 69, 10000, 11000, '256700502096', 'AIRTEL_UGANDA', '2017-03-03 11:29:24', '256700502096C4GKP3', 'TXMMPAYMENT20170303112925YYHYK7AJC76GM9TTVV9HRCU9YUA99HBWB9V4TACMPQYQA44MKR', 1, 0),
(105, 69, 10000, 11000, '256700502096', 'AIRTEL_UGANDA', '2017-03-03 11:29:29', '256700502096CCHFCB', 'TXMMPAYMENT20170303112931NVU9A7CXHCP6GRQXM4URGCTHWENTKXGRGCCUBXYQQQJQBYJ6YV', 1, 0),
(106, 70, 10000, 11000, '256775772847', 'AIRTEL_UGANDA', '2017-03-03 13:49:16', '256775772847CHBXMN', 'TXMMPAYMENT20170303134920H7UBEVEGPAG8QMP7AQ3T7VB3Q3KUA8P4P448AMB4WNYVHWQVPM', 1, 1),
(107, 69, 10000, 11000, '256704432494', 'AIRTEL_UGANDA', '2017-03-03 18:23:40', '256704432494CGCT6R', 'TXMMPAYMENT2017030318234079N4MF97GYP8YYRM3ECAHCGUTATRT7HK3M7ATPQHQ6T4PEKCUK', 1, 0),
(108, 69, 10000, 11000, '256758631646', 'AIRTEL_UGANDA', '2017-03-03 19:03:55', '256758631646C46M6R', 'TXMMPAYMENT20170303190355A67M3ATXHBU8YURTX9Q93WFXB3B86WB476FJH47JBJWBQ8JBPR', 1, 0),
(109, 69, 10000, 11000, '256758631646', 'AIRTEL_UGANDA', '2017-03-03 19:04:00', '256758631646CPYJMY', 'TXMMPAYMENT20170303190400UHK76XNYQJHWPFXTQRHVUHEX8VBPWKFGJETEPEGE3PP9TEKGCY', 1, 0),
(110, 69, 10000, 11000, '256758631646', 'AIRTEL_UGANDA', '2017-03-03 19:04:06', '256758631646CF4QMM', 'TXMMPAYMENT2017030319040598MNMCMYXBXJMCX3V7FNUA9WJJETRAXBRHJEXEG43M77A68UWH', 1, 0),
(111, 48, 60000, 61100, '256701964728', 'AIRTEL_UGANDA', '2017-03-06 20:11:00', '256701964728CENQWN', 'TXMMPAYMENT20170306201101C4AEPEVNGRFQR4HWYFQ7BAAHPKVYKBBFX7JRCP43BM6VEXVYTJ', 1, 0),
(112, 17, 60000, 61100, '256704789349', 'AIRTEL_UGANDA', '2017-03-09 17:07:45', '256704789349CHUG74', NULL, 1, -1),
(113, 17, 60000, 61100, '256704789349', 'AIRTEL_UGANDA', '2017-03-09 17:07:48', '256704789349CM3BP3', 'TXMMPAYMENT20170309170748TU3JB6ANNQ76G8JP76REG4XJF6Q94RJPX68KFB6EKWREFAQAJA', 1, 0),
(114, 69, 10000, 11000, '256785048581', 'AIRTEL_UGANDA', '2017-03-10 08:21:23', '256785048581CNTWBA', 'TXMMPAYMENT20170310082124GP4B9GUAVTP99TPWBCEFBRCPW73YMMG6HMW4TYGFMKY88XQTR4', 1, 0),
(115, 69, 10000, 11000, '256700502096', 'AIRTEL_UGANDA', '2017-03-10 08:23:23', '256700502096CUR7WH', 'TXMMPAYMENT20170310082324H64CHXUYJBUM8WAY74KJV79KUKJ68URJTJYH638MAVCWMMPTN9', 1, 0),
(116, 69, 10000, 11000, '256700502096', 'AIRTEL_UGANDA', '2017-03-10 17:33:56', '256700502096CXUH9E', 'TXMMPAYMENT20170310173356MPFU663ARPTKQMUG8NQE4GXWNK898VKBK8VVQKHNJHV8GKAEH9', 1, 0),
(117, 91, 60000, 61100, '256704789349', 'AIRTEL_UGANDA', '2017-03-16 14:43:55', '256704789349CKN98G', 'TXMMPAYMENT20170316144400YBRN4WTN4CYHAYKM3MGQNVHFAWA7UAN3YM9EPPRT6RBK7WQBJT', 1, 0),
(118, 91, 60000, 61100, '256704789349', 'AIRTEL_UGANDA', '2017-03-16 14:44:05', '256704789349CVXMY7', 'TXMMPAYMENT20170316144404E99KK69RGY6YT6BJJJGXWGAJ37YQYWTM6PGFB4HPTHFXTTMMFK', 1, 0),
(119, 69, 10000, 11000, '256755297471', 'AIRTEL_UGANDA', '2017-03-25 16:29:24', '256755297471C9TT9R', 'TXMMPAYMENT20170325162927HFG6GFR8CJBHA7W8UG8JGMTN83WCPT8GMJRGY7AQTUQPCUMXXW', 1, 0),
(120, 69, 10000, 11000, '256755297471', 'AIRTEL_UGANDA', '2017-03-25 16:29:36', '256755297471C37AAH', 'TXMMPAYMENT20170325162940AXBGGP6E6KVKWJQKE6NMUNH7RPJ94HR48BMWQ3F8GGAH3CBY46', 1, 0),
(121, 95, 60000, 61100, '256785048581', 'AIRTEL_UGANDA', '2017-03-29 13:04:16', '256785048581CHE6B9', NULL, 1, -1),
(122, 95, 60000, 61100, '256785048581', 'AIRTEL_UGANDA', '2017-03-29 13:04:19', '256785048581C6UMMH', NULL, 1, -1),
(123, 95, 60000, 61100, '256785048581', 'AIRTEL_UGANDA', '2017-03-29 13:06:43', '256785048581CC6QNR', NULL, 1, -1),
(124, 95, 60000, 61100, '256785048581', 'AIRTEL_UGANDA', '2017-03-29 13:06:46', '256785048581C4643E', NULL, 1, -1),
(125, 95, 60000, 61100, '256700502096', 'AIRTEL_UGANDA', '2017-03-29 13:07:14', '256700502096CATMHQ', NULL, 1, -1),
(126, 95, 60000, 61100, '256700502096', 'AIRTEL_UGANDA', '2017-03-29 13:07:23', '256700502096C7K6PE', NULL, 1, -1),
(127, 95, 60000, 61100, '256700502096', 'AIRTEL_UGANDA', '2017-03-29 13:08:12', '256700502096C6QF4N', 'TXMMPAYMENT201703291308126WBXWCNRYRB3QGEJ9QHEWW64EY6BYJBQWHPHUBP8NWHGPABQTU', 1, 0),
(128, 95, 60000, 61100, '256700502096', 'AIRTEL_UGANDA', '2017-03-29 13:08:18', '256700502096CPY4KC', 'TXMMPAYMENT20170329130817NGQP3RBJFHVREG4RGB7MHE8PNQPG3T6VEQPFG89C3TQ8RJTMER', 1, 0),
(129, 69, 10000, 11000, '256705759024', 'AIRTEL_UGANDA', '2017-04-03 13:18:24', '256705759024CT9XT9', NULL, 1, -1),
(130, 69, 10000, 11000, '256705759024', 'AIRTEL_UGANDA', '2017-04-03 13:19:16', '256705759024CABFHV', NULL, 1, -1),
(131, 69, 10000, 11000, '256700502096', 'AIRTEL_UGANDA', '2017-04-03 13:19:54', '256700502096CUXN8E', NULL, 1, -1),
(132, 69, 10000, 11000, '256700502096', 'AIRTEL_UGANDA', '2017-04-03 17:22:14', '256700502096CQYPXA', NULL, 1, -1),
(133, 69, 10000, 11000, '256700502096', 'AIRTEL_UGANDA', '2017-04-04 07:33:02', '256700502096CRNVF7', NULL, 1, -1),
(134, 97, 60000, 61100, '256700502096', 'AIRTEL_UGANDA', '2017-04-04 07:44:35', '256700502096CREWJ3', NULL, 1, -1),
(135, 90, 60000, 61100, '256701383926', 'AIRTEL_UGANDA', '2017-04-04 11:58:32', '256701383926CFBYWN', NULL, 1, -1),
(136, 69, 10000, NULL, '2560700502096', 'AIRTEL_UGANDA', '2017-04-05 08:04:27', NULL, NULL, 1, 0),
(137, 69, 10000, 11000, '256700502096', 'AIRTEL_UGANDA', '2017-04-05 08:04:37', '256700502096CCBG6G', NULL, 1, -1),
(138, 69, 10000, 11000, '256700470555', 'AIRTEL_UGANDA', '2017-04-05 08:05:38', '256700470555CCH6CC', NULL, 1, -1),
(139, 69, 10000, 11000, '256700502096', 'AIRTEL_UGANDA', '2017-04-05 14:29:14', '256700502096CUNYFJ', NULL, 1, -1),
(140, 69, 10000, NULL, '2560776470555', 'AIRTEL_UGANDA', '2017-04-05 14:30:02', NULL, NULL, 1, 0),
(141, 69, 10000, 11000, '256776470555', 'AIRTEL_UGANDA', '2017-04-05 14:30:11', '256776470555CA4N3P', NULL, 1, -1),
(142, 69, 10000, NULL, '2560700502096', 'AIRTEL_UGANDA', '2017-04-05 21:47:11', NULL, NULL, 1, 0),
(143, 69, 10000, 11000, '256700502096', 'AIRTEL_UGANDA', '2017-04-05 21:47:34', '256700502096CYCCHR', NULL, 1, -1),
(144, 69, 10000, 11000, '256700502096', 'AIRTEL_UGANDA', '2017-04-06 07:26:14', '256700502096CVCNY9', NULL, 1, -1),
(145, 90, 60000, 61100, '256701383926', 'AIRTEL_UGANDA', '2017-04-06 09:46:50', '256701383926CVQ88P', NULL, 1, -1),
(146, 69, 10000, 11000, '256700502096', 'AIRTEL_UGANDA', '2017-04-06 15:07:21', '256700502096CX47NG', NULL, 1, -1),
(147, 69, 10000, 11000, '256700502096', 'AIRTEL_UGANDA', '2017-04-06 15:12:14', '256700502096CHURTB', NULL, 1, -1),
(148, 69, 10000, NULL, '2560700502096', 'AIRTEL_UGANDA', '2017-04-06 16:26:24', NULL, NULL, 1, 0),
(149, 69, 10000, NULL, '2560700502096', 'AIRTEL_UGANDA', '2017-04-06 16:26:28', NULL, NULL, 1, 0),
(150, 69, 10000, 11000, '256700502096', 'AIRTEL_UGANDA', '2017-04-06 16:26:39', '256700502096CRKYMW', NULL, 1, -1),
(151, 69, 10000, 11000, '256700502096', 'AIRTEL_UGANDA', '2017-04-06 16:26:44', '256700502096CK6RFY', NULL, 1, -1),
(152, 69, 10000, 11000, '256700502096', 'AIRTEL_UGANDA', '2017-04-08 19:33:58', '256700502096CC8YH7', NULL, 1, -1),
(153, 69, 10000, 11000, '256700502096', 'AIRTEL_UGANDA', '2017-04-10 13:59:34', '256700502096CXBM3Q', NULL, 1, -1),
(154, 69, 10000, 11000, '256785048581', 'AIRTEL_UGANDA', '2017-04-10 14:15:19', '256785048581CA8PRC', NULL, 1, -1),
(155, 69, 10000, 11000, '256700470555', 'AIRTEL_UGANDA', '2017-04-10 14:19:21', '256700470555CX6N9T', NULL, 1, -1),
(156, 69, 10000, 11000, '256700470555', 'AIRTEL_UGANDA', '2017-04-10 14:19:26', '256700470555C7XVEP', NULL, 1, -1),
(157, 69, 10000, 11000, '256700502096', 'AIRTEL_UGANDA', '2017-04-10 14:27:06', '256700502096CPMHAH', NULL, 1, -1),
(158, 48, 60000, 61100, '256701964728', 'AIRTEL_UGANDA', '2017-04-10 20:08:19', '256701964728CRQAP9', NULL, 1, -1),
(159, 48, 60000, 61100, '256701964728', 'AIRTEL_UGANDA', '2017-04-10 20:09:02', '256701964728CEPCBC', NULL, 1, -1),
(160, 48, 60000, NULL, '2560701964728', 'AIRTEL_UGANDA', '2017-04-10 20:09:29', NULL, NULL, 1, 0),
(161, 69, 10000, 11000, '256700502096', 'AIRTEL_UGANDA', '2017-04-11 08:07:44', '256700502096CEF964', NULL, 1, -1),
(162, 90, 60000, 61100, '256701383926', 'AIRTEL_UGANDA', '2017-04-11 09:33:02', '256701383926C6F4Q8', NULL, 1, -1),
(163, 69, 10000, 11000, '256700502096', 'AIRTEL_UGANDA', '2017-04-11 10:36:05', '256700502096CCHXNG', NULL, 1, -1),
(164, 69, 10000, 11000, '256700502096', 'AIRTEL_UGANDA', '2017-04-11 10:39:35', '256700502096CEFQFC', NULL, 1, -1),
(165, 69, 10000, 11000, '256700502096', 'AIRTEL_UGANDA', '2017-04-11 10:44:57', '256700502096C44RC4', NULL, 1, -1),
(166, 69, 10000, 11000, '256700502096', 'AIRTEL_UGANDA', '2017-04-11 10:54:56', '256700502096CC6JMC', NULL, 1, -1),
(167, 69, 10000, 11000, '256700502096', 'AIRTEL_UGANDA', '2017-04-11 11:21:39', '256700502096CUETX8', NULL, 1, -1),
(168, 69, 10000, 11000, '256700502096', 'AIRTEL_UGANDA', '2017-04-11 12:26:57', '256700502096C6T864', NULL, 1, -1),
(169, 69, 10000, 11000, '256700502096', 'AIRTEL_UGANDA', '2017-04-11 16:58:33', '256700502096C8MJFC', NULL, 1, -1),
(170, 69, 10000, 11000, '256700502096', 'AIRTEL_UGANDA', '2017-04-12 15:03:37', '256700502096CQJAVH', NULL, 1, 0),
(171, 69, 10000, 11000, '256700502096', 'AIRTEL_UGANDA', '2017-04-12 15:04:10', '256700502096CXTJE6', NULL, 1, -1),
(172, 69, 10000, 11000, '256700502096', 'AIRTEL_UGANDA', '2017-04-12 15:04:31', '256700502096C7AMMG', NULL, 1, -1),
(173, 69, 10000, 11000, '256700502096', 'AIRTEL_UGANDA', '2017-04-13 07:41:13', '256700502096CN3UR4', NULL, 1, -1),
(174, 69, 10000, 11000, '256700502096', 'AIRTEL_UGANDA', '2017-04-14 14:31:28', '256700502096CEF3MU', NULL, 1, -1),
(175, 69, 10000, 11000, '256700502096', 'AIRTEL_UGANDA', '2017-04-17 19:01:04', '256700502096CAPRMF', NULL, 1, -1),
(176, 69, 10000, 11000, '256700502096', 'AIRTEL_UGANDA', '2017-04-17 19:05:30', '256700502096CRJKVX', NULL, 1, -1),
(177, 69, 10000, 11000, '256700502096', 'AIRTEL_UGANDA', '2017-04-17 19:05:36', '256700502096C7AP6G', NULL, 1, -1),
(178, 69, 10000, 11000, '256700502096', 'AIRTEL_UGANDA', '2017-04-18 14:13:52', '256700502096CBBFAU', NULL, 1, -1),
(179, 98, 60000, 60000, '077-xxx-xxx', 'MTN', '2017-04-19 10:18:50', 'mm_emaa', 'mm_ema', 1, 1),
(180, 69, 10000, 11000, '256700502096', 'AIRTEL_UGANDA', '2017-04-20 17:33:46', '256700502096CNUKXX', 'TXMMPAYMENT20170420174728QYVUW3MPUEUBUV9UFRARRMT7T8RB48NHYV8FQ7YWP3CXYBQJ6G', 1, 0),
(181, 69, 10000, 11000, '256785048581', 'AIRTEL_UGANDA', '2017-04-20 17:34:38', '256785048581CCWE4M', NULL, 1, -1),
(182, 69, 10000, 11000, '256785048581', 'AIRTEL_UGANDA', '2017-04-20 17:36:00', '256785048581CPQ3W9', NULL, 1, -1),
(183, 69, 10000, 11000, '256700502096', 'AIRTEL_UGANDA', '2017-04-20 17:36:44', '256700502096CHYHAR', 'TXMMPAYMENT20170420175026CXMBPC8K6QKYQN77VAXYFFGHTR6UV3B4XAHB9EG6TRUBQJR3R8', 1, 0),
(184, 69, 10000, 11000, '256700502096', 'AIRTEL_UGANDA', '2017-04-20 17:40:32', '256700502096CKX8XY', 'TXMMPAYMENT20170420175414ET3QGW86WJWQC93NCHCW7BXMB8FKKMF4MQTNR3G7Q48NPKQAW6', 1, 0),
(185, 69, 10000, 11000, '256700502096', 'AIRTEL_UGANDA', '2017-04-20 17:44:12', '256700502096CG68TT', 'TXMMPAYMENT20170420175754QYQM3MC6REB8Q3JWT7NNJPBG63VF99UY4C8BXWB8X7EBAM7EF6', 1, 0),
(186, 69, 10000, 11000, '256700502096', 'AIRTEL_UGANDA', '2017-04-21 10:09:19', '256700502096CUUE6U', 'TXMMPAYMENT20170421102303KPEPE8QCB99AEAYBKQANXP6Y84NNTGX8XVQYABBEWV7CCPUM8X', 1, 1),
(187, 69, 10000, 11000, '256701163116', 'AIRTEL_UGANDA', '2017-04-21 11:52:11', '256701163116C3UGGG', 'TXMMPAYMENT20170421120555ACJB7H4BRHFJXUFQ3MHQWFB6UWJFYCEVFGY36E4KX49M3E8MY7', 1, 0),
(188, 69, 10000, 11000, '256701163116', 'AIRTEL_UGANDA', '2017-04-21 11:52:17', '256701163116C469ME', 'TXMMPAYMENT20170421120601RJ3NMP7YF6X9WBKMCHYYUE9CGCUA8W37EAA69EQVMUVTEWPT7P', 1, -1),
(189, 69, 10000, 11000, '256751552614', 'AIRTEL_UGANDA', '2017-04-22 15:47:33', '256751552614CFKM4U', 'TXMMPAYMENT20170422160118C8TVGGWB4KH9GTQX89BKKVFUHJH3BMV8MBQVTJVFHN4M4486W8', 1, -1),
(190, 69, 10000, 11000, '256751552614', 'AIRTEL_UGANDA', '2017-04-22 15:47:38', '256751552614CP38U8', 'TXMMPAYMENT201704221601249W8X96MUN86EBRY6EP9FPR9GYKFGT7HX8PQ6PF8J7PJTWEMHVY', 1, -1),
(191, 103, 110000, 110000, 'emma', 'emma', '2017-04-23 17:02:44', 'emma_cash', 'emma_cash', 11, 1),
(192, 69, 10000, NULL, '256700502096', 'AIRTEL_UGANDA', '2017-04-30 14:14:37', NULL, NULL, 1, 0),
(193, 69, 10000, NULL, '256700502096', 'AIRTEL_UGANDA', '2017-04-30 14:16:46', NULL, NULL, 1, 0),
(194, 69, 10000, NULL, '256700502096', 'AIRTEL_UGANDA', '2017-04-30 14:26:36', NULL, NULL, 1, 0),
(195, 69, 10000, NULL, '256700502096', 'AIRTEL_UGANDA', '2017-04-30 14:28:44', NULL, NULL, 1, 0),
(196, 111, 10000, 11000, '256701383926', 'AIRTEL_UGANDA', '2017-05-05 12:02:37', '256701383926CAAUMY', 'TXMMPAYMENT201705051216473NQK63MVUGQPWAA8Y4G4NUW4YCNFBF3M9JYFWRVEQYQCNXV9GY', 1, 1),
(197, 111, 10000, 11000, '256701383926', 'AIRTEL_UGANDA', '2017-05-05 12:04:10', '256701383926CYX3X4', 'TXMMPAYMENT20170505121819PVCMMYVGRUNUAP3ENA4KGE6CFECCFKTWXG4JJ3NBEFWMRNBK4P', 1, 1),
(198, 69, 10000, 11000, '256703161159', 'AIRTEL_UGANDA', '2017-05-06 16:28:22', '256703161159CEYAEA', NULL, 1, -1),
(199, 69, 10000, 11000, '256703161159', 'AIRTEL_UGANDA', '2017-05-06 16:28:25', '256703161159CYQ7KN', NULL, 1, -1),
(200, 69, 10000, 11000, '256700502096', 'AIRTEL_UGANDA', '2017-05-06 16:29:09', '256700502096C7FBMX', 'TXMMPAYMENT201705061643228PM9BEG7NPYVPPQBMGNFRQ4U3YQFKWFKH6GNETP8FPHVQHBCKC', 1, 0),
(201, 69, 10000, 11000, '256700502096', 'AIRTEL_UGANDA', '2017-05-06 16:29:16', '256700502096C97BNU', NULL, 1, 0);

--
-- Indexes for dumped tables
--

--
-- Indexes for table `admin`
--
ALTER TABLE `admin`
  ADD PRIMARY KEY (`admin_id`);

--
-- Indexes for table `answers`
--
ALTER TABLE `answers`
  ADD PRIMARY KEY (`ans_id`),
  ADD KEY `question` (`question`);

--
-- Indexes for table `be_tutor`
--
ALTER TABLE `be_tutor`
  ADD PRIMARY KEY (`id`);

--
-- Indexes for table `book_tutor`
--
ALTER TABLE `book_tutor`
  ADD PRIMARY KEY (`id`);

--
-- Indexes for table `classes`
--
ALTER TABLE `classes`
  ADD PRIMARY KEY (`class_id`),
  ADD KEY `short_class_name` (`short_class_name`);

--
-- Indexes for table `class_subjects`
--
ALTER TABLE `class_subjects`
  ADD PRIMARY KEY (`cs_id`),
  ADD KEY `class_id` (`class_id`,`subject_id`,`cs_image`),
  ADD KEY `subject_id` (`subject_id`);

--
-- Indexes for table `enrollments`
--
ALTER TABLE `enrollments`
  ADD PRIMARY KEY (`enrollment_id`),
  ADD KEY `student_id` (`student_id`,`class_id`),
  ADD KEY `class_id` (`class_id`);

--
-- Indexes for table `instructions`
--
ALTER TABLE `instructions`
  ADD PRIMARY KEY (`instruction_id`),
  ADD KEY `quiz` (`quiz`);

--
-- Indexes for table `kass_desktop`
--
ALTER TABLE `kass_desktop`
  ADD PRIMARY KEY (`desktop_id`),
  ADD KEY `sponsor_id` (`sponsor_id`,`serialNumber`);

--
-- Indexes for table `lessons`
--
ALTER TABLE `lessons`
  ADD PRIMARY KEY (`lesson_id`),
  ADD KEY `class_subject` (`topic`),
  ADD KEY `topic` (`topic`);

--
-- Indexes for table `logins`
--
ALTER TABLE `logins`
  ADD PRIMARY KEY (`login_id`),
  ADD KEY `student_id` (`user_id`),
  ADD KEY `ip_address` (`ip_address`,`country`,`browser`);

--
-- Indexes for table `paypal_payments`
--
ALTER TABLE `paypal_payments`
  ADD PRIMARY KEY (`paypal_ref`),
  ADD UNIQUE KEY `payment_id` (`payment_id`),
  ADD KEY `sponsor_id` (`sponsor_id`);

--
-- Indexes for table `qn_resources`
--
ALTER TABLE `qn_resources`
  ADD PRIMARY KEY (`qn_res`),
  ADD KEY `qn` (`qn`),
  ADD KEY `res` (`res`);

--
-- Indexes for table `questions`
--
ALTER TABLE `questions`
  ADD PRIMARY KEY (`qn_id`),
  ADD KEY `instruction_grp` (`instruction_grp`);

--
-- Indexes for table `quizes`
--
ALTER TABLE `quizes`
  ADD PRIMARY KEY (`quiz_id`),
  ADD KEY `topic` (`lesson`);

--
-- Indexes for table `resources`
--
ALTER TABLE `resources`
  ADD PRIMARY KEY (`resource_id`),
  ADD KEY `resource_name` (`resource_name`);

--
-- Indexes for table `results`
--
ALTER TABLE `results`
  ADD PRIMARY KEY (`result_id`),
  ADD KEY `student` (`student`,`quiz`),
  ADD KEY `quiz` (`quiz`);

--
-- Indexes for table `slide`
--
ALTER TABLE `slide`
  ADD PRIMARY KEY (`slide_id`),
  ADD KEY `slide_name` (`slide_name`,`lesson`),
  ADD KEY `url` (`url`),
  ADD KEY `lesson` (`lesson`);

--
-- Indexes for table `sponsors`
--
ALTER TABLE `sponsors`
  ADD PRIMARY KEY (`sponsor_id`),
  ADD UNIQUE KEY `email` (`email`),
  ADD KEY `f_name` (`sponsor_name`,`email`,`phone`),
  ADD KEY `date_registered` (`date_registered`);

--
-- Indexes for table `sponsor_reset_requests`
--
ALTER TABLE `sponsor_reset_requests`
  ADD PRIMARY KEY (`reset_id`),
  ADD KEY `parent_id` (`sponsor_id`),
  ADD KEY `code` (`code`);

--
-- Indexes for table `students`
--
ALTER TABLE `students`
  ADD PRIMARY KEY (`student_id`),
  ADD KEY `f_name` (`f_name`,`l_name`,`username`,`sponsor_id`),
  ADD KEY `parent_id` (`sponsor_id`),
  ADD KEY `sponsor_id` (`sponsor_id`);

--
-- Indexes for table `student_reset_requests`
--
ALTER TABLE `student_reset_requests`
  ADD PRIMARY KEY (`reset_id`),
  ADD KEY `student_id` (`student_id`);

--
-- Indexes for table `subjects`
--
ALTER TABLE `subjects`
  ADD PRIMARY KEY (`subject_id`);

--
-- Indexes for table `subscriptions`
--
ALTER TABLE `subscriptions`
  ADD PRIMARY KEY (`subscription_no`),
  ADD KEY `payment_channel` (`date_paid`),
  ADD KEY `sponsor_id` (`enrollment_id`),
  ADD KEY `enrollment_id` (`enrollment_id`);

--
-- Indexes for table `term`
--
ALTER TABLE `term`
  ADD PRIMARY KEY (`term_id`),
  ADD KEY `term_name` (`term_name`);

--
-- Indexes for table `themes_units`
--
ALTER TABLE `themes_units`
  ADD PRIMARY KEY (`theme_id`),
  ADD KEY `theme_name` (`theme_name`),
  ADD KEY `term` (`tutor`),
  ADD KEY `term_2` (`term`);

--
-- Indexes for table `topics`
--
ALTER TABLE `topics`
  ADD PRIMARY KEY (`topic_id`),
  ADD KEY `cs_id` (`unit_theme_id`,`topic_name`);

--
-- Indexes for table `tutors`
--
ALTER TABLE `tutors`
  ADD PRIMARY KEY (`tutor_id`),
  ADD KEY `class_subject` (`class_subject`,`admin_id`,`status`),
  ADD KEY `admin_id` (`admin_id`);

--
-- Indexes for table `wallet`
--
ALTER TABLE `wallet`
  ADD PRIMARY KEY (`wallet_no`),
  ADD UNIQUE KEY `parent_id` (`sponsor_id`);

--
-- Indexes for table `yo_payments`
--
ALTER TABLE `yo_payments`
  ADD PRIMARY KEY (`yo_ref`),
  ADD UNIQUE KEY `reciept_no` (`reciept_no`),
  ADD KEY `phone` (`phone_no`),
  ADD KEY `sponsor_id` (`sponsor_id`),
  ADD KEY `ref_txt` (`ref_txt`);

--
-- AUTO_INCREMENT for dumped tables
--

--
-- AUTO_INCREMENT for table `admin`
--
ALTER TABLE `admin`
  MODIFY `admin_id` int(11) NOT NULL AUTO_INCREMENT, AUTO_INCREMENT=16;

--
-- AUTO_INCREMENT for table `answers`
--
ALTER TABLE `answers`
  MODIFY `ans_id` int(11) NOT NULL AUTO_INCREMENT, AUTO_INCREMENT=15;

--
-- AUTO_INCREMENT for table `be_tutor`
--
ALTER TABLE `be_tutor`
  MODIFY `id` int(200) NOT NULL AUTO_INCREMENT, AUTO_INCREMENT=4;

--
-- AUTO_INCREMENT for table `book_tutor`
--
ALTER TABLE `book_tutor`
  MODIFY `id` int(200) NOT NULL AUTO_INCREMENT, AUTO_INCREMENT=8;

--
-- AUTO_INCREMENT for table `classes`
--
ALTER TABLE `classes`
  MODIFY `class_id` int(11) NOT NULL AUTO_INCREMENT, AUTO_INCREMENT=9;

--
-- AUTO_INCREMENT for table `class_subjects`
--
ALTER TABLE `class_subjects`
  MODIFY `cs_id` int(11) NOT NULL AUTO_INCREMENT, AUTO_INCREMENT=618;

--
-- AUTO_INCREMENT for table `enrollments`
--
ALTER TABLE `enrollments`
  MODIFY `enrollment_id` int(11) NOT NULL AUTO_INCREMENT, AUTO_INCREMENT=71;

--
-- AUTO_INCREMENT for table `instructions`
--
ALTER TABLE `instructions`
  MODIFY `instruction_id` int(11) NOT NULL AUTO_INCREMENT, AUTO_INCREMENT=20;

--
-- AUTO_INCREMENT for table `kass_desktop`
--
ALTER TABLE `kass_desktop`
  MODIFY `desktop_id` int(11) NOT NULL AUTO_INCREMENT, AUTO_INCREMENT=15;

--
-- AUTO_INCREMENT for table `lessons`
--
ALTER TABLE `lessons`
  MODIFY `lesson_id` int(11) NOT NULL AUTO_INCREMENT, AUTO_INCREMENT=350;

--
-- AUTO_INCREMENT for table `logins`
--
ALTER TABLE `logins`
  MODIFY `login_id` int(11) NOT NULL AUTO_INCREMENT, AUTO_INCREMENT=149;

--
-- AUTO_INCREMENT for table `paypal_payments`
--
ALTER TABLE `paypal_payments`
  MODIFY `paypal_ref` int(11) NOT NULL AUTO_INCREMENT;

--
-- AUTO_INCREMENT for table `qn_resources`
--
ALTER TABLE `qn_resources`
  MODIFY `qn_res` int(11) NOT NULL AUTO_INCREMENT;

--
-- AUTO_INCREMENT for table `questions`
--
ALTER TABLE `questions`
  MODIFY `qn_id` int(11) NOT NULL AUTO_INCREMENT, AUTO_INCREMENT=7;

--
-- AUTO_INCREMENT for table `quizes`
--
ALTER TABLE `quizes`
  MODIFY `quiz_id` int(11) NOT NULL AUTO_INCREMENT, AUTO_INCREMENT=31;

--
-- AUTO_INCREMENT for table `resources`
--
ALTER TABLE `resources`
  MODIFY `resource_id` int(11) NOT NULL AUTO_INCREMENT, AUTO_INCREMENT=1167;

--
-- AUTO_INCREMENT for table `results`
--
ALTER TABLE `results`
  MODIFY `result_id` int(11) NOT NULL AUTO_INCREMENT;

--
-- AUTO_INCREMENT for table `slide`
--
ALTER TABLE `slide`
  MODIFY `slide_id` int(11) NOT NULL AUTO_INCREMENT, AUTO_INCREMENT=1859;

--
-- AUTO_INCREMENT for table `sponsors`
--
ALTER TABLE `sponsors`
  MODIFY `sponsor_id` int(11) NOT NULL AUTO_INCREMENT, AUTO_INCREMENT=113;

--
-- AUTO_INCREMENT for table `sponsor_reset_requests`
--
ALTER TABLE `sponsor_reset_requests`
  MODIFY `reset_id` int(11) NOT NULL AUTO_INCREMENT, AUTO_INCREMENT=11;

--
-- AUTO_INCREMENT for table `students`
--
ALTER TABLE `students`
  MODIFY `student_id` int(11) NOT NULL AUTO_INCREMENT, AUTO_INCREMENT=78;

--
-- AUTO_INCREMENT for table `student_reset_requests`
--
ALTER TABLE `student_reset_requests`
  MODIFY `reset_id` int(11) NOT NULL AUTO_INCREMENT;

--
-- AUTO_INCREMENT for table `subjects`
--
ALTER TABLE `subjects`
  MODIFY `subject_id` int(11) NOT NULL AUTO_INCREMENT, AUTO_INCREMENT=68;

--
-- AUTO_INCREMENT for table `subscriptions`
--
ALTER TABLE `subscriptions`
  MODIFY `subscription_no` int(11) NOT NULL AUTO_INCREMENT, AUTO_INCREMENT=214;

--
-- AUTO_INCREMENT for table `term`
--
ALTER TABLE `term`
  MODIFY `term_id` int(11) NOT NULL AUTO_INCREMENT, AUTO_INCREMENT=4;

--
-- AUTO_INCREMENT for table `themes_units`
--
ALTER TABLE `themes_units`
  MODIFY `theme_id` int(11) NOT NULL AUTO_INCREMENT, AUTO_INCREMENT=293;

--
-- AUTO_INCREMENT for table `topics`
--
ALTER TABLE `topics`
  MODIFY `topic_id` int(11) NOT NULL AUTO_INCREMENT, AUTO_INCREMENT=278;

--
-- AUTO_INCREMENT for table `tutors`
--
ALTER TABLE `tutors`
  MODIFY `tutor_id` int(11) NOT NULL AUTO_INCREMENT, AUTO_INCREMENT=96;

--
-- AUTO_INCREMENT for table `wallet`
--
ALTER TABLE `wallet`
  MODIFY `wallet_no` int(11) NOT NULL AUTO_INCREMENT;

--
-- AUTO_INCREMENT for table `yo_payments`
--
ALTER TABLE `yo_payments`
  MODIFY `yo_ref` int(11) NOT NULL AUTO_INCREMENT, AUTO_INCREMENT=202;

--
-- Constraints for dumped tables
--

--
-- Constraints for table `answers`
--
ALTER TABLE `answers`
  ADD CONSTRAINT `answers_ibfk_1` FOREIGN KEY (`question`) REFERENCES `questions` (`qn_id`) ON DELETE CASCADE ON UPDATE CASCADE;

--
-- Constraints for table `class_subjects`
--
ALTER TABLE `class_subjects`
  ADD CONSTRAINT `class_subjects_ibfk_1` FOREIGN KEY (`subject_id`) REFERENCES `subjects` (`subject_id`) ON UPDATE CASCADE,
  ADD CONSTRAINT `class_subjects_ibfk_2` FOREIGN KEY (`class_id`) REFERENCES `classes` (`class_id`) ON UPDATE CASCADE;

--
-- Constraints for table `enrollments`
--
ALTER TABLE `enrollments`
  ADD CONSTRAINT `enrollments_ibfk_2` FOREIGN KEY (`class_id`) REFERENCES `classes` (`class_id`) ON DELETE CASCADE ON UPDATE CASCADE,
  ADD CONSTRAINT `enrollments_ibfk_3` FOREIGN KEY (`student_id`) REFERENCES `students` (`student_id`) ON DELETE CASCADE ON UPDATE CASCADE;

--
-- Constraints for table `instructions`
--
ALTER TABLE `instructions`
  ADD CONSTRAINT `instructions_ibfk_1` FOREIGN KEY (`quiz`) REFERENCES `quizes` (`quiz_id`) ON DELETE CASCADE ON UPDATE CASCADE;

--
-- Constraints for table `kass_desktop`
--
ALTER TABLE `kass_desktop`
  ADD CONSTRAINT `kass_desktop_ibfk_1` FOREIGN KEY (`sponsor_id`) REFERENCES `sponsors` (`sponsor_id`) ON DELETE CASCADE ON UPDATE CASCADE;

--
-- Constraints for table `lessons`
--
ALTER TABLE `lessons`
  ADD CONSTRAINT `lessons_ibfk_1` FOREIGN KEY (`topic`) REFERENCES `topics` (`topic_id`) ON UPDATE CASCADE;

--
-- Constraints for table `qn_resources`
--
ALTER TABLE `qn_resources`
  ADD CONSTRAINT `qn_resources_ibfk_2` FOREIGN KEY (`res`) REFERENCES `resources` (`resource_id`) ON DELETE CASCADE ON UPDATE CASCADE,
  ADD CONSTRAINT `qn_resources_ibfk_3` FOREIGN KEY (`qn`) REFERENCES `questions` (`qn_id`) ON DELETE CASCADE ON UPDATE CASCADE;

--
-- Constraints for table `questions`
--
ALTER TABLE `questions`
  ADD CONSTRAINT `questions_ibfk_1` FOREIGN KEY (`instruction_grp`) REFERENCES `instructions` (`instruction_id`) ON DELETE CASCADE ON UPDATE CASCADE;

--
-- Constraints for table `quizes`
--
ALTER TABLE `quizes`
  ADD CONSTRAINT `quizes_ibfk_1` FOREIGN KEY (`lesson`) REFERENCES `lessons` (`lesson_id`) ON DELETE CASCADE ON UPDATE CASCADE;

--
-- Constraints for table `results`
--
ALTER TABLE `results`
  ADD CONSTRAINT `results_ibfk_1` FOREIGN KEY (`quiz`) REFERENCES `quizes` (`quiz_id`) ON DELETE CASCADE ON UPDATE CASCADE,
  ADD CONSTRAINT `results_ibfk_2` FOREIGN KEY (`student`) REFERENCES `students` (`student_id`) ON DELETE CASCADE ON UPDATE CASCADE;

--
-- Constraints for table `slide`
--
ALTER TABLE `slide`
  ADD CONSTRAINT `slide_ibfk_1` FOREIGN KEY (`lesson`) REFERENCES `lessons` (`lesson_id`) ON UPDATE CASCADE;

--
-- Constraints for table `students`
--
ALTER TABLE `students`
  ADD CONSTRAINT `students_ibfk_1` FOREIGN KEY (`sponsor_id`) REFERENCES `sponsors` (`sponsor_id`) ON DELETE CASCADE ON UPDATE CASCADE;

--
-- Constraints for table `subscriptions`
--
ALTER TABLE `subscriptions`
  ADD CONSTRAINT `subscriptions_ibfk_1` FOREIGN KEY (`enrollment_id`) REFERENCES `enrollments` (`enrollment_id`) ON DELETE CASCADE ON UPDATE CASCADE;

--
-- Constraints for table `themes_units`
--
ALTER TABLE `themes_units`
  ADD CONSTRAINT `themes_units_ibfk_2` FOREIGN KEY (`tutor`) REFERENCES `tutors` (`tutor_id`) ON UPDATE CASCADE,
  ADD CONSTRAINT `themes_units_ibfk_3` FOREIGN KEY (`term`) REFERENCES `term` (`term_id`) ON UPDATE CASCADE;

--
-- Constraints for table `topics`
--
ALTER TABLE `topics`
  ADD CONSTRAINT `topics_ibfk_1` FOREIGN KEY (`unit_theme_id`) REFERENCES `themes_units` (`theme_id`) ON DELETE CASCADE ON UPDATE CASCADE;

--
-- Constraints for table `tutors`
--
ALTER TABLE `tutors`
  ADD CONSTRAINT `tutors_ibfk_1` FOREIGN KEY (`admin_id`) REFERENCES `admin` (`admin_id`) ON UPDATE CASCADE,
  ADD CONSTRAINT `tutors_ibfk_2` FOREIGN KEY (`class_subject`) REFERENCES `class_subjects` (`cs_id`) ON UPDATE CASCADE;

--
-- Constraints for table `wallet`
--
ALTER TABLE `wallet`
  ADD CONSTRAINT `wallet_ibfk_1` FOREIGN KEY (`sponsor_id`) REFERENCES `sponsors` (`sponsor_id`) ON DELETE CASCADE ON UPDATE CASCADE;

--
-- Constraints for table `yo_payments`
--
ALTER TABLE `yo_payments`
  ADD CONSTRAINT `yo_payments_ibfk_1` FOREIGN KEY (`sponsor_id`) REFERENCES `sponsors` (`sponsor_id`) ON DELETE CASCADE ON UPDATE CASCADE;
COMMIT;

/*!40101 SET CHARACTER_SET_CLIENT=@OLD_CHARACTER_SET_CLIENT */;
/*!40101 SET CHARACTER_SET_RESULTS=@OLD_CHARACTER_SET_RESULTS */;
/*!40101 SET COLLATION_CONNECTION=@OLD_COLLATION_CONNECTION */;
`class_subjects_ibfk_2` FOREIGN KEY (`class_id`) REFERENCES `classes` (`class_id`) ON UPDATE CASCADE;

--
-- Constraints for table `enrollments`
--
ALTER TABLE `enrollments`
  ADD CONSTRAINT `en